사고ID,연월,연도,월,자치구,주야,사고내용,사고유형,사고유형_대분류,사고유형_소분류,법규위반,노면상태,기상상태,도로형태,도로형태_대분류,도로형태_소분류,사망자수,중상자수,경상자수,부상신고자수,총부상자수,총사상자수,중상이상자수,PM_가해여부,PM_피해여부,PM_역할,가해운전자_차종,가해운전자_성별,가해운전자_연령대,가해운전자_상해정도,피해운전자_차종,피해운전자_성별,피해운전자_연령대,피해운전자_상해정도,원본파일
2019005881,2019-01,2019,1,강남구,야간,중상사고,차대차 - 기타,차대차,기타,안전운전불이행,건조,맑음,기타 - 기타,기타,기타,0,1,0,0,1,1,1,N,Y,피해,승용,남,51-60세,기타불명,개인형이동수단(PM),남,13-20세,중상,2019.xlsx
2019010928,2019-01,2019,1,강동구,주간,경상사고,차대차 - 충돌,차대차,충돌,신호위반,건조,맑음,교차로 - 교차로횡단보도내,교차로,교차로횡단보도내,0,0,1,0,1,1,0,N,Y,피해,승용,여,31-40세,상해없음,개인형이동수단(PM),남,41-50세,경상,2019.xlsx
2019011531,2019-01,2019,1,금천구,주간,부상신고사고,차대차 - 기타,차대차,기타,안전운전불이행,건조,맑음,교차로 - 교차로부근,교차로,교차로부근,0,0,0,1,1,1,0,Y,N,가해,개인형이동수단(PM),남,21-30세,부상신고,이륜,남,41-50세,상해없음,2019.xlsx
2019015369,2019-01,2019,1,도봉구,야간,중상사고,차대차 - 기타,차대차,기타,안전운전불이행,건조,맑음,단일로 - 기타,단일로,기타,0,1,0,0,1,1,1,N,Y,피해,승용,남,31-40세,상해없음,개인형이동수단(PM),여,51-60세,중상,2019.xlsx
2019002058,2019-01,2019,1,동대문구,주간,경상사고,차대사람 - 기타,차대사람,기타,안전운전불이행,건조,맑음,단일로 - 기타,단일로,기타,0,0,1,0,1,1,0,Y,N,가해,개인형이동수단(PM),남,21-30세,상해없음,보행자,남,65세 이상,경상,2019.xlsx
2019014917,2019-01,2019,1,마포구,주간,경상사고,차대차 - 충돌,차대차,충돌,안전운전불이행,건조,맑음,교차로 - 교차로안,교차로,교차로안,0,0,1,0,1,1,0,N,Y,피해,승용,남,51-60세,상해없음,개인형이동수단(PM),남,31-40세,경상,2019.xlsx
2019007950,2019-01,2019,1,영등포구,야간,경상사고,차대차 - 기타,차대차,기타,안전운전불이행,건조,맑음,교차로 - 교차로안,교차로,교차로안,0,0,1,0,1,1,0,N,Y,피해,화물,남,21-30세,상해없음,개인형이동수단(PM),여,41-50세,경상,2019.xlsx
2019012674,2019-01,2019,1,은평구,주간,중상사고,차대사람 - 횡단중,차대사람,횡단중,신호위반,건조,맑음,교차로 - 교차로안,교차로,교차로안,0,1,0,0,1,1,1,Y,N,가해,개인형이동수단(PM),남,41-50세,상해없음,보행자,여,65세 이상,중상,2019.xlsx
2019022210,2019-02,2019,2,강남구,야간,중상사고,차대차 - 기타,차대차,기타,중앙선침범,건조,맑음,단일로 - 기타,단일로,기타,0,2,0,0,2,2,2,Y,N,가해,개인형이동수단(PM),남,21-30세,중상,이륜,남,31-40세,중상,2019.xlsx
2019020826,2019-02,2019,2,강서구,야간,경상사고,차대차 - 충돌,차대차,충돌,안전운전불이행,건조,맑음,교차로 - 교차로부근,교차로,교차로부근,0,0,1,0,1,1,0,N,Y,피해,승용,남,51-60세,상해없음,개인형이동수단(PM),남,31-40세,경상,2019.xlsx
2019029535,2019-02,2019,2,구로구,야간,경상사고,차대차 - 기타,차대차,기타,중앙선침범,건조,맑음,교차로 - 교차로부근,교차로,교차로부근,0,0,1,0,1,1,0,N,Y,피해,승용,여,31-40세,상해없음,개인형이동수단(PM),남,51-60세,경상,2019.xlsx
2019017621,2019-02,2019,2,도봉구,주간,경상사고,차대사람 - 횡단중,차대사람,횡단중,안전운전불이행,기타,맑음,단일로 - 기타,단일로,기타,0,0,1,0,1,1,0,Y,N,가해,개인형이동수단(PM),남,21-30세,상해없음,보행자,여,12세 이하,경상,2019.xlsx
2019029734,2019-02,2019,2,마포구,주간,경상사고,차대차 - 충돌,차대차,충돌,신호위반,건조,맑음,기타 - 기타,기타,기타,0,0,1,0,1,1,0,N,Y,피해,승용,남,65세 이상,상해없음,개인형이동수단(PM),남,31-40세,경상,2019.xlsx
2019039502,2019-03,2019,3,강북구,주간,중상사고,차대차 - 충돌,차대차,충돌,신호위반,건조,맑음,단일로 - 기타,단일로,기타,0,1,0,0,1,1,1,N,Y,피해,이륜,남,51-60세,상해없음,개인형이동수단(PM),남,41-50세,중상,2019.xlsx
2019043084,2019-03,2019,3,구로구,주간,중상사고,차량단독 - 기타,차량단독,기타,안전운전불이행,건조,맑음,단일로 - 기타,단일로,기타,0,1,0,0,1,1,1,Y,N,가해,개인형이동수단(PM),남,51-60세,중상,,,,,2019.xlsx
2019038062,2019-03,2019,3,서초구,주간,중상사고,차대차 - 충돌,차대차,충돌,안전운전불이행,건조,맑음,단일로 - 기타,단일로,기타,0,1,1,0,2,2,1,Y,N,가해,개인형이동수단(PM),남,21-30세,경상,이륜,남,21-30세,중상,2019.xlsx
2019032110,2019-03,2019,3,영등포구,야간,경상사고,차대차 - 기타,차대차,기타,안전운전불이행,건조,맑음,기타 - 기타,기타,기타,0,0,1,0,1,1,0,N,Y,피해,승용,남,51-60세,상해없음,개인형이동수단(PM),남,31-40세,경상,2019.xlsx
2019054538,2019-04,2019,4,강동구,야간,경상사고,차대차 - 충돌,차대차,충돌,안전운전불이행,젖음/습기,비,단일로 - 기타,단일로,기타,0,0,1,0,1,1,0,N,Y,피해,이륜,남,20세 이하,상해없음,개인형이동수단(PM),남,51-60세,경상,2019.xlsx
2019063364,2019-04,2019,4,도봉구,야간,경상사고,차대차 - 기타,차대차,기타,기타,건조,맑음,교차로 - 교차로안,교차로,교차로안,0,0,1,0,1,1,0,N,Y,피해,승용,남,61-64세,상해없음,개인형이동수단(PM),남,51-60세,경상,2019.xlsx
2019055933,2019-04,2019,4,동작구,주간,부상신고사고,차대사람 - 보도통행중,차대사람,보도통행중,안전운전불이행,건조,맑음,기타 - 기타,기타,기타,0,0,0,1,1,1,0,Y,N,가해,개인형이동수단(PM),남,21-30세,상해없음,보행자,여,65세 이상,부상신고,2019.xlsx
2019066651,2019-04,2019,4,성동구,야간,부상신고사고,차대사람 - 보도통행중,차대사람,보도통행중,기타,건조,맑음,교차로 - 교차로부근,교차로,교차로부근,0,0,0,1,1,1,0,Y,N,가해,개인형이동수단(PM),남,21-30세,상해없음,보행자,남,12세 이하,부상신고,2019.xlsx
2019053264,2019-04,2019,4,송파구,야간,경상사고,차대차 - 충돌,차대차,충돌,안전운전불이행,젖음/습기,흐림,교차로 - 교차로횡단보도내,교차로,교차로횡단보도내,0,0,1,0,1,1,0,N,Y,피해,기타불명,기타불명,기타불명,기타불명,개인형이동수단(PM),여,21-30세,경상,2019.xlsx
2019052641,2019-04,2019,4,은평구,야간,경상사고,차대차 - 충돌,차대차,충돌,신호위반,건조,맑음,교차로 - 교차로안,교차로,교차로안,0,0,1,0,1,1,0,N,Y,피해,승용,남,41-50세,상해없음,개인형이동수단(PM),남,31-40세,경상,2019.xlsx
2019066975,2019-04,2019,4,중구,주간,경상사고,차대차 - 기타,차대차,기타,안전운전불이행,건조,맑음,단일로 - 기타,단일로,기타,0,0,1,0,1,1,0,Y,N,가해,개인형이동수단(PM),남,31-40세,경상,승용,남,21-30세,상해없음,2019.xlsx
2019077878,2019-05,2019,5,강남구,주간,경상사고,차대차 - 기타,차대차,기타,안전거리미확보,건조,맑음,단일로 - 기타,단일로,기타,0,0,1,0,1,1,0,N,Y,피해,승용,여,51-60세,상해없음,개인형이동수단(PM),남,31-40세,경상,2019.xlsx
2019082649,2019-05,2019,5,강남구,주간,경상사고,차대차 - 기타,차대차,기타,안전운전불이행,건조,맑음,교차로 - 교차로횡단보도내,교차로,교차로횡단보도내,0,0,1,0,1,1,0,N,Y,피해,화물,남,31-40세,상해없음,개인형이동수단(PM),여,21-30세,경상,2019.xlsx
2019082952,2019-05,2019,5,강남구,야간,경상사고,차대사람 - 횡단중,차대사람,횡단중,보행자보호의무위반,건조,맑음,단일로 - 기타,단일로,기타,0,0,1,0,1,1,0,Y,N,가해,개인형이동수단(PM),여,20세 이하,상해없음,보행자,남,31-40세,경상,2019.xlsx
2019084127,2019-05,2019,5,강남구,주간,중상사고,차대차 - 기타,차대차,기타,신호위반,건조,맑음,교차로 - 교차로횡단보도내,교차로,교차로횡단보도내,0,1,0,0,1,1,1,N,Y,피해,승용,남,31-40세,상해없음,개인형이동수단(PM),남,31-40세,중상,2019.xlsx
2019084421,2019-05,2019,5,강남구,야간,경상사고,차대사람 - 보도통행중,차대사람,보도통행중,기타,건조,맑음,단일로 - 기타,단일로,기타,0,0,1,0,1,1,0,Y,N,가해,개인형이동수단(PM),남,21-30세,상해없음,보행자,남,12세 이하,경상,2019.xlsx
2019087301,2019-05,2019,5,강동구,주간,중상사고,차대차 - 충돌,차대차,충돌,교차로운행방법위반,건조,맑음,교차로 - 교차로안,교차로,교차로안,0,1,0,0,1,1,1,N,Y,피해,화물,남,51-60세,상해없음,개인형이동수단(PM),남,31-40세,중상,2019.xlsx
2019085396,2019-05,2019,5,강북구,주간,중상사고,차대차 - 추돌,차대차,추돌,기타,건조,맑음,단일로 - 기타,단일로,기타,0,1,0,0,1,1,1,N,Y,피해,승용,남,41-50세,상해없음,개인형이동수단(PM),여,21-30세,중상,2019.xlsx
2019071598,2019-05,2019,5,강서구,주간,중상사고,차대차 - 충돌,차대차,충돌,안전운전불이행,기타,맑음,교차로 - 교차로횡단보도내,교차로,교차로횡단보도내,0,1,0,0,1,1,1,N,Y,피해,화물,남,41-50세,상해없음,개인형이동수단(PM),남,21-30세,중상,2019.xlsx
2019076507,2019-05,2019,5,구로구,주간,경상사고,차대차 - 추돌,차대차,추돌,기타,건조,맑음,교차로 - 교차로부근,교차로,교차로부근,0,0,1,0,1,1,0,N,Y,피해,승용,남,65세 이상,상해없음,개인형이동수단(PM),여,31-40세,경상,2019.xlsx
2019079563,2019-05,2019,5,구로구,야간,경상사고,차대차 - 충돌,차대차,충돌,신호위반,건조,맑음,교차로 - 교차로안,교차로,교차로안,0,0,1,0,1,1,0,N,Y,피해,승용,남,41-50세,상해없음,개인형이동수단(PM),남,61-64세,경상,2019.xlsx
2019085220,2019-05,2019,5,구로구,야간,경상사고,차대차 - 기타,차대차,기타,안전거리미확보,건조,맑음,교차로 - 교차로안,교차로,교차로안,0,0,1,0,1,1,0,N,Y,피해,이륜,남,21-30세,경상,개인형이동수단(PM),남,51-60세,상해없음,2019.xlsx
2019087955,2019-05,2019,5,구로구,야간,경상사고,차대차 - 기타,차대차,기타,안전운전불이행,건조,맑음,단일로 - 기타,단일로,기타,0,0,1,0,1,1,0,N,Y,피해,승용,남,31-40세,상해없음,개인형이동수단(PM),남,31-40세,경상,2019.xlsx
2019082221,2019-05,2019,5,금천구,야간,경상사고,차대차 - 충돌,차대차,충돌,안전운전불이행,건조,맑음,교차로 - 교차로부근,교차로,교차로부근,0,0,1,0,1,1,0,N,Y,피해,화물,남,41-50세,상해없음,개인형이동수단(PM),남,21-30세,경상,2019.xlsx
2019081293,2019-05,2019,5,동대문구,주간,경상사고,차대사람 - 기타,차대사람,기타,신호위반,건조,맑음,교차로 - 교차로횡단보도내,교차로,교차로횡단보도내,0,0,1,0,1,1,0,Y,N,가해,개인형이동수단(PM),남,21-30세,상해없음,보행자,여,61-64세,경상,2019.xlsx
2019070673,2019-05,2019,5,마포구,주간,경상사고,차대차 - 추돌,차대차,추돌,안전거리미확보,건조,맑음,단일로 - 기타,단일로,기타,0,0,1,0,1,1,0,N,Y,피해,승용,남,51-60세,상해없음,개인형이동수단(PM),남,41-50세,경상,2019.xlsx
2019068598,2019-05,2019,5,서대문구,야간,경상사고,차대차 - 기타,차대차,기타,신호위반,건조,맑음,교차로 - 교차로안,교차로,교차로안,0,0,1,0,1,1,0,N,Y,피해,승합,남,41-50세,상해없음,개인형이동수단(PM),남,41-50세,경상,2019.xlsx
2019072374,2019-05,2019,5,서초구,야간,경상사고,차대차 - 기타,차대차,기타,신호위반,건조,맑음,단일로 - 기타,단일로,기타,0,0,1,0,1,1,0,N,Y,피해,승용,여,31-40세,상해없음,개인형이동수단(PM),남,21-30세,경상,2019.xlsx
2019072667,2019-05,2019,5,송파구,주간,중상사고,차대차 - 기타,차대차,기타,안전운전불이행,건조,맑음,교차로 - 교차로부근,교차로,교차로부근,0,1,0,0,1,1,1,N,Y,피해,승용,남,31-40세,상해없음,개인형이동수단(PM),여,41-50세,중상,2019.xlsx
2019072921,2019-05,2019,5,송파구,야간,중상사고,차대차 - 기타,차대차,기타,신호위반,건조,맑음,교차로 - 교차로안,교차로,교차로안,0,1,0,0,1,1,1,N,Y,피해,승용,여,51-60세,상해없음,개인형이동수단(PM),여,21-30세,중상,2019.xlsx
2019078599,2019-05,2019,5,양천구,주간,부상신고사고,차대차 - 기타,차대차,기타,안전거리미확보,건조,맑음,교차로 - 교차로부근,교차로,교차로부근,0,0,0,1,1,1,0,Y,N,가해,개인형이동수단(PM),여,20세 이하,부상신고,화물,남,51-60세,상해없음,2019.xlsx
2019073462,2019-05,2019,5,영등포구,주간,중상사고,차대차 - 충돌,차대차,충돌,안전운전불이행,건조,맑음,교차로 - 교차로안,교차로,교차로안,0,1,0,0,1,1,1,Y,N,가해,개인형이동수단(PM),남,21-30세,상해없음,이륜,남,65세 이상,중상,2019.xlsx
2019081692,2019-05,2019,5,은평구,야간,중상사고,차대사람 - 횡단중,차대사람,횡단중,안전운전불이행,건조,맑음,단일로 - 기타,단일로,기타,0,1,0,0,1,1,1,Y,N,가해,개인형이동수단(PM),남,21-30세,상해없음,보행자,남,51-60세,중상,2019.xlsx
2019087180,2019-05,2019,5,중구,야간,경상사고,차대차 - 충돌,차대차,충돌,안전거리미확보,건조,맑음,단일로 - 기타,단일로,기타,0,0,1,0,1,1,0,N,Y,피해,화물,남,41-50세,상해없음,개인형이동수단(PM),남,31-40세,경상,2019.xlsx
2019073925,2019-05,2019,5,중랑구,주간,경상사고,차대차 - 추돌,차대차,추돌,안전운전불이행,건조,맑음,단일로 - 기타,단일로,기타,0,0,1,0,1,1,0,Y,N,가해,개인형이동수단(PM),남,65세 이상,경상,승용,남,41-50세,상해없음,2019.xlsx
2019095547,2019-06,2019,6,강남구,주간,경상사고,차대차 - 충돌,차대차,충돌,교차로운행방법위반,건조,맑음,교차로 - 교차로안,교차로,교차로안,0,0,1,0,1,1,0,N,Y,피해,승용,여,21-30세,상해없음,개인형이동수단(PM),여,21-30세,경상,2019.xlsx
2019096537,2019-06,2019,6,강남구,야간,경상사고,차대차 - 기타,차대차,기타,기타,건조,맑음,단일로 - 기타,단일로,기타,0,0,1,0,1,1,0,Y,N,가해,개인형이동수단(PM),남,21-30세,경상,승용,남,65세 이상,상해없음,2019.xlsx
2019096849,2019-06,2019,6,강남구,주간,중상사고,차대차 - 충돌,차대차,충돌,안전운전불이행,건조,맑음,단일로 - 기타,단일로,기타,0,1,0,0,1,1,1,N,Y,피해,승용,여,51-60세,기타불명,개인형이동수단(PM),여,21-30세,중상,2019.xlsx
2019096876,2019-06,2019,6,강남구,주간,부상신고사고,차대차 - 충돌,차대차,충돌,안전운전불이행,건조,맑음,기타 - 기타,기타,기타,0,0,0,1,1,1,0,Y,N,가해,개인형이동수단(PM),여,21-30세,부상신고,승용,남,31-40세,상해없음,2019.xlsx
2019099535,2019-06,2019,6,강남구,주간,경상사고,차대사람 - 보도통행중,차대사람,보도통행중,기타,건조,맑음,단일로 - 기타,단일로,기타,0,0,1,0,1,1,0,Y,N,가해,개인형이동수단(PM),남,21-30세,상해없음,보행자,남,65세 이상,경상,2019.xlsx
2019098494,2019-06,2019,6,강서구,야간,경상사고,차대차 - 충돌,차대차,충돌,안전운전불이행,건조,맑음,교차로 - 교차로안,교차로,교차로안,0,0,1,0,1,1,0,Y,N,가해,개인형이동수단(PM),여,21-30세,경상,승용,남,41-50세,상해없음,2019.xlsx
2019092787,2019-06,2019,6,광진구,주간,경상사고,차대사람 - 횡단중,차대사람,횡단중,안전운전불이행,젖음/습기,비,단일로 - 기타,단일로,기타,0,0,1,0,1,1,0,Y,N,가해,개인형이동수단(PM),남,21-30세,상해없음,보행자,남,12세 이하,경상,2019.xlsx
2019099271,2019-06,2019,6,동대문구,주간,중상사고,차대차 - 기타,차대차,기타,신호위반,건조,맑음,교차로 - 교차로횡단보도내,교차로,교차로횡단보도내,0,1,0,0,1,1,1,N,Y,피해,승용,남,31-40세,상해없음,개인형이동수단(PM),남,61-64세,중상,2019.xlsx
2019103503,2019-06,2019,6,마포구,주간,경상사고,차대사람 - 기타,차대사람,기타,안전운전불이행,건조,맑음,교차로 - 교차로안,교차로,교차로안,0,0,1,0,1,1,0,Y,N,가해,개인형이동수단(PM),남,21-30세,상해없음,보행자,여,51-60세,경상,2019.xlsx
2019105631,2019-06,2019,6,서초구,주간,경상사고,차대사람 - 횡단중,차대사람,횡단중,안전운전불이행,건조,맑음,단일로 - 기타,단일로,기타,0,0,1,0,1,1,0,Y,N,가해,개인형이동수단(PM),기타불명,기타불명,기타불명,보행자,남,51-60세,경상,2019.xlsx
2019089481,2019-06,2019,6,성동구,주간,경상사고,차대차 - 기타,차대차,기타,신호위반,건조,맑음,단일로 - 기타,단일로,기타,0,0,1,0,1,1,0,Y,N,가해,개인형이동수단(PM),여,21-30세,경상,승용,남,65세 이상,상해없음,2019.xlsx
2019093523,2019-06,2019,6,송파구,야간,경상사고,차대차 - 충돌,차대차,충돌,안전운전불이행,건조,맑음,교차로 - 교차로안,교차로,교차로안,0,0,2,0,2,2,0,N,Y,피해,승합,남,51-60세,상해없음,개인형이동수단(PM),남,41-50세,경상,2019.xlsx
2019103587,2019-06,2019,6,송파구,주간,경상사고,차대차 - 충돌,차대차,충돌,안전운전불이행,젖음/습기,비,교차로 - 교차로안,교차로,교차로안,0,0,1,0,1,1,0,Y,N,가해,개인형이동수단(PM),남,21-30세,상해없음,승용,남,21-30세,상해없음,2019.xlsx
2019099276,2019-06,2019,6,양천구,주간,경상사고,차대차 - 기타,차대차,기타,안전운전불이행,건조,맑음,교차로 - 교차로안,교차로,교차로안,0,0,1,0,1,1,0,N,Y,피해,승용,여,31-40세,상해없음,개인형이동수단(PM),남,41-50세,경상,2019.xlsx
2019102540,2019-06,2019,6,중구,야간,중상사고,차대차 - 충돌,차대차,충돌,안전운전불이행,건조,맑음,교차로 - 교차로안,교차로,교차로안,0,1,0,0,1,1,1,Y,N,가해,개인형이동수단(PM),여,21-30세,중상,화물,남,31-40세,상해없음,2019.xlsx
2019108578,2019-07,2019,7,강남구,주간,경상사고,차대차 - 충돌,차대차,충돌,교차로운행방법위반,건조,맑음,교차로 - 교차로안,교차로,교차로안,0,0,1,0,1,1,0,Y,N,가해,개인형이동수단(PM),여,20세 이하,경상,승용,여,31-40세,상해없음,2019.xlsx
2019114982,2019-07,2019,7,강남구,주간,경상사고,차대사람 - 기타,차대사람,기타,안전운전불이행,건조,맑음,기타 - 기타,기타,기타,0,0,1,0,1,1,0,Y,N,가해,개인형이동수단(PM),남,21-30세,상해없음,보행자,여,51-60세,경상,2019.xlsx
2019116789,2019-07,2019,7,강남구,주간,경상사고,차대사람 - 기타,차대사람,기타,안전운전불이행,건조,맑음,단일로 - 기타,단일로,기타,0,0,1,0,1,1,0,Y,N,가해,개인형이동수단(PM),남,20세 이하,상해없음,보행자,남,51-60세,경상,2019.xlsx
2019118114,2019-07,2019,7,강남구,야간,경상사고,차대차 - 기타,차대차,기타,안전운전불이행,건조,맑음,교차로 - 교차로부근,교차로,교차로부근,0,0,1,0,1,1,0,N,Y,피해,승용,남,51-60세,상해없음,개인형이동수단(PM),남,31-40세,경상,2019.xlsx
2019118642,2019-07,2019,7,강남구,야간,부상신고사고,차대사람 - 기타,차대사람,기타,안전운전불이행,건조,맑음,단일로 - 기타,단일로,기타,0,0,0,1,1,1,0,Y,N,가해,개인형이동수단(PM),남,31-40세,상해없음,보행자,여,21-30세,부상신고,2019.xlsx
2019120151,2019-07,2019,7,강남구,야간,중상사고,차대차 - 충돌,차대차,충돌,안전운전불이행,건조,맑음,교차로 - 교차로부근,교차로,교차로부근,0,1,0,0,1,1,1,N,Y,피해,승용,남,31-40세,상해없음,개인형이동수단(PM),여,21-30세,중상,2019.xlsx
2019123519,2019-07,2019,7,강남구,주간,중상사고,차대차 - 기타,차대차,기타,기타,젖음/습기,비,교차로 - 교차로안,교차로,교차로안,0,1,0,0,1,1,1,N,Y,피해,승용,남,65세 이상,상해없음,개인형이동수단(PM),남,31-40세,중상,2019.xlsx
2019126268,2019-07,2019,7,강남구,주간,경상사고,차대차 - 기타,차대차,기타,안전운전불이행,건조,맑음,교차로 - 교차로안,교차로,교차로안,0,0,1,0,1,1,0,N,Y,피해,승용,남,51-60세,상해없음,개인형이동수단(PM),여,21-30세,경상,2019.xlsx
2019113832,2019-07,2019,7,금천구,야간,중상사고,차대차 - 기타,차대차,기타,안전운전불이행,건조,맑음,단일로 - 기타,단일로,기타,0,1,0,0,1,1,1,Y,N,가해,개인형이동수단(PM),남,51-60세,중상,자전거,남,13-20세,상해없음,2019.xlsx
2019122041,2019-07,2019,7,동대문구,주간,중상사고,차대사람 - 횡단중,차대사람,횡단중,안전운전불이행,건조,맑음,단일로 - 기타,단일로,기타,0,1,0,0,1,1,1,Y,N,가해,개인형이동수단(PM),남,21-30세,상해없음,보행자,여,51-60세,중상,2019.xlsx
2019121910,2019-07,2019,7,마포구,야간,경상사고,차대차 - 충돌,차대차,충돌,신호위반,건조,맑음,단일로 - 기타,단일로,기타,0,0,1,0,1,1,0,N,Y,피해,승용,여,51-60세,상해없음,개인형이동수단(PM),남,41-50세,경상,2019.xlsx
2019113858,2019-07,2019,7,서초구,야간,경상사고,차대차 - 충돌,차대차,충돌,안전운전불이행,건조,맑음,교차로 - 교차로부근,교차로,교차로부근,0,0,1,0,1,1,0,Y,N,가해,개인형이동수단(PM),남,31-40세,경상,승용,남,21-30세,상해없음,2019.xlsx
2019115586,2019-07,2019,7,서초구,주간,경상사고,차대차 - 기타,차대차,기타,안전운전불이행,건조,맑음,단일로 - 기타,단일로,기타,0,0,1,0,1,1,0,Y,N,가해,개인형이동수단(PM),여,21-30세,경상,승용,남,41-50세,상해없음,2019.xlsx
2019124861,2019-07,2019,7,서초구,주간,경상사고,차대차 - 기타,차대차,기타,안전운전불이행,건조,맑음,교차로 - 교차로안,교차로,교차로안,0,0,1,0,1,1,0,N,Y,피해,승용,남,31-40세,상해없음,개인형이동수단(PM),남,41-50세,경상,2019.xlsx
2019110758,2019-07,2019,7,성동구,야간,경상사고,차대차 - 기타,차대차,기타,교차로운행방법위반,건조,맑음,교차로 - 교차로부근,교차로,교차로부근,0,0,1,0,1,1,0,N,Y,피해,승용,남,51-60세,상해없음,개인형이동수단(PM),남,41-50세,경상,2019.xlsx
2019126928,2019-07,2019,7,송파구,주간,중상사고,차대차 - 충돌,차대차,충돌,기타,젖음/습기,비,단일로 - 기타,단일로,기타,0,1,0,0,1,1,1,Y,N,가해,개인형이동수단(PM),남,21-30세,상해없음,자전거,남,65세 이상,중상,2019.xlsx
2019119455,2019-07,2019,7,양천구,야간,부상신고사고,차대차 - 기타,차대차,기타,안전운전불이행,건조,맑음,단일로 - 기타,단일로,기타,0,0,0,1,1,1,0,N,Y,피해,기타불명,기타불명,기타불명,기타불명,개인형이동수단(PM),남,21-30세,부상신고,2019.xlsx
2019116728,2019-07,2019,7,영등포구,주간,중상사고,차대사람 - 보도통행중,차대사람,보도통행중,신호위반,건조,맑음,교차로 - 교차로안,교차로,교차로안,0,1,0,0,1,1,1,Y,N,가해,개인형이동수단(PM),남,51-60세,상해없음,보행자,남,61-64세,중상,2019.xlsx
2019113662,2019-07,2019,7,은평구,주간,부상신고사고,차대차 - 충돌,차대차,충돌,안전거리미확보,건조,맑음,단일로 - 기타,단일로,기타,0,0,0,1,1,1,0,N,Y,피해,이륜,남,20세 이하,상해없음,개인형이동수단(PM),남,21-30세,부상신고,2019.xlsx
2019129716,2019-08,2019,8,강남구,주간,부상신고사고,차대차 - 기타,차대차,기타,안전운전불이행,건조,맑음,단일로 - 기타,단일로,기타,0,0,0,1,1,1,0,N,Y,피해,승용,남,51-60세,상해없음,개인형이동수단(PM),남,31-40세,부상신고,2019.xlsx
2019130481,2019-08,2019,8,강남구,야간,중상사고,차대차 - 충돌,차대차,충돌,기타,건조,맑음,단일로 - 교량,단일로,교량,0,1,0,0,1,1,1,Y,N,가해,개인형이동수단(PM),남,21-30세,상해없음,이륜,남,21-30세,중상,2019.xlsx
2019132480,2019-08,2019,8,강남구,야간,중상사고,차대차 - 충돌,차대차,충돌,신호위반,건조,맑음,단일로 - 기타,단일로,기타,0,1,0,0,1,1,1,N,Y,피해,승용,남,51-60세,상해없음,개인형이동수단(PM),남,51-60세,중상,2019.xlsx
2019135237,2019-08,2019,8,강남구,주간,경상사고,차대차 - 충돌,차대차,충돌,안전운전불이행,건조,맑음,교차로 - 교차로횡단보도내,교차로,교차로횡단보도내,0,0,1,0,1,1,0,Y,N,가해,개인형이동수단(PM),여,21-30세,경상,승용,남,61-64세,상해없음,2019.xlsx
2019138593,2019-08,2019,8,강남구,주간,중상사고,차대사람 - 기타,차대사람,기타,안전운전불이행,건조,맑음,교차로 - 교차로안,교차로,교차로안,0,1,0,0,1,1,1,Y,N,가해,개인형이동수단(PM),남,21-30세,상해없음,보행자,여,65세 이상,중상,2019.xlsx
2019143271,2019-08,2019,8,강남구,야간,경상사고,차대차 - 충돌,차대차,충돌,기타,건조,맑음,교차로 - 교차로안,교차로,교차로안,0,0,1,0,1,1,0,Y,N,가해,개인형이동수단(PM),남,21-30세,상해없음,이륜,남,31-40세,경상,2019.xlsx
2019129536,2019-08,2019,8,강북구,주간,경상사고,차대차 - 기타,차대차,기타,안전운전불이행,건조,맑음,교차로 - 교차로안,교차로,교차로안,0,0,1,0,1,1,0,N,Y,피해,승용,남,31-40세,상해없음,개인형이동수단(PM),남,41-50세,경상,2019.xlsx
2019138147,2019-08,2019,8,강북구,주간,중상사고,차대사람 - 기타,차대사람,기타,기타,건조,맑음,교차로 - 교차로부근,교차로,교차로부근,0,1,0,0,1,1,1,Y,N,가해,개인형이동수단(PM),남,41-50세,상해없음,보행자,여,21-30세,중상,2019.xlsx
2019138377,2019-08,2019,8,관악구,야간,중상사고,차대차 - 충돌,차대차,충돌,교차로운행방법위반,건조,맑음,교차로 - 교차로부근,교차로,교차로부근,0,1,0,0,1,1,1,N,Y,피해,승용,남,51-60세,상해없음,개인형이동수단(PM),남,21-30세,중상,2019.xlsx
2019139616,2019-08,2019,8,관악구,주간,경상사고,차량단독 - 기타,차량단독,기타,안전운전불이행,건조,맑음,단일로 - 기타,단일로,기타,0,0,1,0,1,1,0,Y,N,가해,개인형이동수단(PM),남,31-40세,경상,,,,,2019.xlsx
2019131074,2019-08,2019,8,광진구,야간,중상사고,차대차 - 기타,차대차,기타,안전운전불이행,건조,맑음,단일로 - 기타,단일로,기타,0,1,0,0,1,1,1,Y,N,가해,개인형이동수단(PM),남,21-30세,상해없음,자전거,남,51-60세,중상,2019.xlsx