사고ID,연월,연도,월,자치구,주야,사고내용,사고유형,사고유형_대분류,사고유형_소분류,법규위반,노면상태,기상상태,도로형태,도로형태_대분류,도로형태_소분류,사망자수,중상자수,경상자수,부상신고자수,총부상자수,총사상자수,중상이상자수,PM_가해여부,PM_피해여부,PM_역할,가해운전자_차종,가해운전자_성별,가해운전자_연령대,가해운전자_상해정도,피해운전자_차종,피해운전자_성별,피해운전자_연령대,피해운전자_상해정도,원본파일
2019194287,2019-11,2019,11,광진구,야간,경상사고,차대사람 - 기타,차대사람,기타,기타,건조,맑음,단일로 - 기타,단일로,기타,0,0,1,0,1,1,0,Y,N,가해,개인형이동수단(PM),남,21-30세,기타불명,보행자,여,21-30세,경상,2019.xlsx
2019196759,2019-11,2019,11,구로구,주간,중상사고,차대차 - 기타,차대차,기타,안전운전불이행,건조,맑음,교차로 - 교차로안,교차로,교차로안,0,1,0,0,1,1,1,N,Y,피해,승용,남,41-50세,상해없음,개인형이동수단(PM),남,31-40세,중상,2019.xlsx
2019191451,2019-11,2019,11,금천구,주간,중상사고,차대사람 - 기타,차대사람,기타,기타,건조,맑음,단일로 - 기타,단일로,기타,0,1,0,0,1,1,1,Y,N,가해,개인형이동수단(PM),남,21-30세,상해없음,보행자,여,31-40세,중상,2019.xlsx
2019192007,2019-11,2019,11,금천구,야간,중상사고,차대차 - 기타,차대차,기타,안전운전불이행,건조,맑음,단일로 - 기타,단일로,기타,0,1,0,0,1,1,1,N,Y,피해,승합,남,65세 이상,상해없음,개인형이동수단(PM),남,41-50세,중상,2019.xlsx
2019193182,2019-11,2019,11,금천구,주간,중상사고,차대차 - 기타,차대차,기타,중앙선침범,건조,맑음,단일로 - 기타,단일로,기타,0,1,0,0,1,1,1,Y,N,가해,개인형이동수단(PM),남,65세 이상,중상,승합,남,51-60세,상해없음,2019.xlsx
2019209858,2019-11,2019,11,노원구,야간,경상사고,차대차 - 기타,차대차,기타,안전운전불이행,건조,맑음,단일로 - 기타,단일로,기타,0,0,1,0,1,1,0,Y,N,가해,개인형이동수단(PM),남,21-30세,경상,승용,남,41-50세,상해없음,2019.xlsx
2019191555,2019-11,2019,11,도봉구,주간,중상사고,차대사람 - 기타,차대사람,기타,안전운전불이행,기타,맑음,단일로 - 기타,단일로,기타,0,1,0,0,1,1,1,Y,N,가해,개인형이동수단(PM),여,21-30세,상해없음,보행자,여,65세 이상,중상,2019.xlsx
2019188760,2019-11,2019,11,마포구,주간,부상신고사고,차대차 - 충돌,차대차,충돌,안전운전불이행,건조,맑음,기타 - 기타,기타,기타,0,0,0,1,1,1,0,Y,N,가해,개인형이동수단(PM),여,51-60세,부상신고,화물,남,41-50세,상해없음,2019.xlsx
2019188659,2019-11,2019,11,서초구,주간,경상사고,차대차 - 기타,차대차,기타,안전운전불이행,건조,맑음,교차로 - 교차로부근,교차로,교차로부근,0,0,1,0,1,1,0,N,Y,피해,승용,여,41-50세,상해없음,개인형이동수단(PM),여,31-40세,경상,2019.xlsx
2019190288,2019-11,2019,11,서초구,주간,부상신고사고,차대차 - 기타,차대차,기타,안전운전불이행,건조,맑음,교차로 - 교차로안,교차로,교차로안,0,0,0,1,1,1,0,Y,N,가해,개인형이동수단(PM),남,21-30세,부상신고,이륜,남,21-30세,상해없음,2019.xlsx
2019190430,2019-11,2019,11,서초구,야간,경상사고,차대차 - 기타,차대차,기타,안전운전불이행,건조,맑음,교차로 - 교차로부근,교차로,교차로부근,0,0,1,0,1,1,0,N,Y,피해,승용,남,65세 이상,상해없음,개인형이동수단(PM),남,13-20세,경상,2019.xlsx
2019190894,2019-11,2019,11,서초구,주간,경상사고,차대차 - 추돌,차대차,추돌,중앙선침범,건조,맑음,단일로 - 기타,단일로,기타,0,0,1,0,1,1,0,N,Y,피해,이륜,남,51-60세,상해없음,개인형이동수단(PM),남,21-30세,경상,2019.xlsx
2019193327,2019-11,2019,11,서초구,야간,경상사고,차대차 - 충돌,차대차,충돌,중앙선침범,건조,맑음,단일로 - 기타,단일로,기타,0,0,1,0,1,1,0,Y,N,가해,개인형이동수단(PM),남,21-30세,경상,승용,남,61-64세,상해없음,2019.xlsx
2019203841,2019-11,2019,11,서초구,주간,경상사고,차대차 - 기타,차대차,기타,안전운전불이행,건조,맑음,단일로 - 기타,단일로,기타,0,0,1,0,1,1,0,N,Y,피해,승용,남,41-50세,상해없음,개인형이동수단(PM),여,31-40세,경상,2019.xlsx
2019206334,2019-11,2019,11,서초구,야간,경상사고,차대사람 - 길가장자리구역통행중,차대사람,길가장자리구역통행중,안전운전불이행,건조,맑음,기타 - 기타,기타,기타,0,0,1,0,1,1,0,Y,N,가해,개인형이동수단(PM),남,20세 이하,상해없음,보행자,여,41-50세,경상,2019.xlsx
2019207015,2019-11,2019,11,서초구,야간,부상신고사고,차대사람 - 횡단중,차대사람,횡단중,보행자보호의무위반,건조,맑음,기타 - 기타,기타,기타,0,0,0,1,1,1,0,Y,N,가해,개인형이동수단(PM),남,20세 이하,상해없음,보행자,남,51-60세,부상신고,2019.xlsx
2019206199,2019-11,2019,11,성동구,주간,경상사고,차대차 - 기타,차대차,기타,안전운전불이행,건조,맑음,기타 - 기타,기타,기타,0,0,1,0,1,1,0,N,Y,피해,승용,여,51-60세,상해없음,개인형이동수단(PM),남,41-50세,경상,2019.xlsx
2019208304,2019-11,2019,11,성동구,야간,중상사고,차대사람 - 기타,차대사람,기타,기타,기타,맑음,기타 - 기타,기타,기타,0,1,0,0,1,1,1,Y,N,가해,개인형이동수단(PM),남,21-30세,상해없음,보행자,여,51-60세,중상,2019.xlsx
2019189218,2019-11,2019,11,성북구,야간,경상사고,차대차 - 기타,차대차,기타,안전운전불이행,건조,맑음,기타 - 기타,기타,기타,0,0,1,0,1,1,0,Y,N,가해,개인형이동수단(PM),남,21-30세,상해없음,승합,남,31-40세,상해없음,2019.xlsx
2019197899,2019-11,2019,11,성북구,주간,부상신고사고,차대차 - 추돌,차대차,추돌,안전거리미확보,건조,맑음,단일로 - 기타,단일로,기타,0,0,0,1,1,1,0,Y,N,가해,개인형이동수단(PM),여,51-60세,부상신고,이륜,남,31-40세,상해없음,2019.xlsx
2019209646,2019-11,2019,11,성북구,주간,중상사고,차대차 - 충돌,차대차,충돌,안전운전불이행,건조,흐림,단일로 - 기타,단일로,기타,0,1,0,0,1,1,1,N,Y,피해,원동기,남,21-30세,상해없음,개인형이동수단(PM),남,65세 이상,중상,2019.xlsx
2019202072,2019-11,2019,11,송파구,야간,경상사고,차대사람 - 기타,차대사람,기타,기타,건조,맑음,단일로 - 기타,단일로,기타,0,0,1,0,1,1,0,Y,N,가해,개인형이동수단(PM),남,21-30세,상해없음,보행자,남,41-50세,경상,2019.xlsx
2019198609,2019-11,2019,11,양천구,야간,경상사고,차대차 - 기타,차대차,기타,신호위반,건조,맑음,교차로 - 교차로안,교차로,교차로안,0,0,1,0,1,1,0,N,Y,피해,화물,남,31-40세,상해없음,개인형이동수단(PM),남,65세 이상,경상,2019.xlsx
2019203730,2019-11,2019,11,은평구,야간,경상사고,차대차 - 충돌,차대차,충돌,신호위반,건조,맑음,교차로 - 교차로횡단보도내,교차로,교차로횡단보도내,0,0,1,0,1,1,0,N,Y,피해,이륜,남,20세 이하,상해없음,개인형이동수단(PM),여,21-30세,경상,2019.xlsx
2019207374,2019-11,2019,11,종로구,주간,경상사고,차대사람 - 기타,차대사람,기타,기타,건조,맑음,기타 - 기타,기타,기타,0,0,1,0,1,1,0,Y,N,가해,개인형이동수단(PM),남,21-30세,상해없음,보행자,여,61-64세,경상,2019.xlsx
2019195839,2019-11,2019,11,중랑구,주간,중상사고,차대차 - 충돌,차대차,충돌,안전운전불이행,건조,맑음,교차로 - 교차로안,교차로,교차로안,0,1,0,0,1,1,1,N,Y,피해,화물,남,51-60세,상해없음,개인형이동수단(PM),남,41-50세,중상,2019.xlsx
2019205683,2019-11,2019,11,중랑구,야간,경상사고,차대차 - 기타,차대차,기타,안전운전불이행,젖음/습기,흐림,교차로 - 교차로안,교차로,교차로안,0,0,1,0,1,1,0,Y,N,가해,개인형이동수단(PM),남,21-30세,상해없음,이륜,남,51-60세,경상,2019.xlsx
2019207859,2019-11,2019,11,중랑구,야간,경상사고,차대차 - 충돌,차대차,충돌,안전운전불이행,건조,맑음,단일로 - 기타,단일로,기타,0,0,1,0,1,1,0,Y,N,가해,개인형이동수단(PM),남,41-50세,경상,승용,남,65세 이상,상해없음,2019.xlsx
2019211253,2019-12,2019,12,강남구,야간,부상신고사고,차대차 - 기타,차대차,기타,기타,건조,맑음,교차로 - 교차로안,교차로,교차로안,0,0,0,1,1,1,0,Y,N,가해,개인형이동수단(PM),남,21-30세,부상신고,승용,남,21-30세,상해없음,2019.xlsx
2019225418,2019-12,2019,12,강남구,야간,부상신고사고,차대사람 - 보도통행중,차대사람,보도통행중,기타,기타,맑음,단일로 - 기타,단일로,기타,0,0,0,1,1,1,0,Y,N,가해,개인형이동수단(PM),여,21-30세,상해없음,보행자,여,21-30세,부상신고,2019.xlsx
2019225419,2019-12,2019,12,강남구,야간,경상사고,차대차 - 충돌,차대차,충돌,기타,기타,맑음,교차로 - 교차로횡단보도내,교차로,교차로횡단보도내,0,0,1,0,1,1,0,Y,N,가해,개인형이동수단(PM),남,21-30세,경상,승용,남,31-40세,상해없음,2019.xlsx
2019227267,2019-12,2019,12,강남구,야간,경상사고,차대차 - 기타,차대차,기타,안전운전불이행,건조,맑음,단일로 - 기타,단일로,기타,0,0,1,0,1,1,0,Y,N,가해,개인형이동수단(PM),남,20세 이하,상해없음,승합,남,41-50세,상해없음,2019.xlsx
2019229152,2019-12,2019,12,강동구,주간,중상사고,차대차 - 기타,차대차,기타,안전운전불이행,건조,맑음,교차로 - 교차로안,교차로,교차로안,0,1,0,0,1,1,1,N,Y,피해,원동기,남,51-60세,중상,개인형이동수단(PM),여,65세 이상,상해없음,2019.xlsx
2019223388,2019-12,2019,12,강서구,주간,중상사고,차대차 - 충돌,차대차,충돌,안전운전불이행,건조,흐림,단일로 - 기타,단일로,기타,0,1,0,0,1,1,1,N,Y,피해,승용,남,31-40세,상해없음,개인형이동수단(PM),남,31-40세,중상,2019.xlsx
2019224613,2019-12,2019,12,강서구,주간,중상사고,차대사람 - 횡단중,차대사람,횡단중,보행자보호의무위반,건조,맑음,단일로 - 기타,단일로,기타,0,1,0,0,1,1,1,Y,N,가해,개인형이동수단(PM),남,51-60세,상해없음,보행자,여,61-64세,중상,2019.xlsx
2019223292,2019-12,2019,12,광진구,주간,중상사고,차대차 - 기타,차대차,기타,신호위반,건조,맑음,기타 - 기타,기타,기타,0,1,0,0,1,1,1,Y,N,가해,개인형이동수단(PM),남,31-40세,상해없음,자전거,여,61-64세,중상,2019.xlsx
2019212988,2019-12,2019,12,서초구,주간,경상사고,차대차 - 충돌,차대차,충돌,안전운전불이행,건조,맑음,기타 - 기타,기타,기타,0,0,1,0,1,1,0,Y,N,가해,개인형이동수단(PM),남,21-30세,상해없음,이륜,남,51-60세,경상,2019.xlsx
2019222559,2019-12,2019,12,서초구,주간,부상신고사고,차대차 - 충돌,차대차,충돌,안전운전불이행,건조,맑음,기타 - 기타,기타,기타,0,0,0,1,1,1,0,Y,N,가해,개인형이동수단(PM),남,21-30세,부상신고,승용,남,61-64세,상해없음,2019.xlsx
2019228995,2019-12,2019,12,서초구,야간,경상사고,차대사람 - 보도통행중,차대사람,보도통행중,기타,건조,기타,기타 - 기타,기타,기타,0,0,1,0,1,1,0,Y,N,가해,개인형이동수단(PM),남,31-40세,상해없음,보행자,남,31-40세,경상,2019.xlsx
2019226618,2019-12,2019,12,양천구,야간,중상사고,차대사람 - 횡단중,차대사람,횡단중,안전운전불이행,건조,맑음,교차로 - 교차로부근,교차로,교차로부근,0,1,0,0,1,1,1,Y,N,가해,개인형이동수단(PM),남,41-50세,상해없음,보행자,남,13-20세,중상,2019.xlsx
2019210811,2019-12,2019,12,영등포구,주간,경상사고,차대사람 - 기타,차대사람,기타,기타,건조,맑음,기타 - 기타,기타,기타,0,0,1,0,1,1,0,Y,N,가해,개인형이동수단(PM),여,65세 이상,상해없음,보행자,남,31-40세,경상,2019.xlsx
2019213266,2019-12,2019,12,영등포구,야간,경상사고,차대차 - 충돌,차대차,충돌,안전운전불이행,건조,맑음,단일로 - 교량,단일로,교량,0,0,1,0,1,1,0,N,Y,피해,승용,남,61-64세,상해없음,개인형이동수단(PM),남,31-40세,경상,2019.xlsx
2019221760,2019-12,2019,12,영등포구,야간,경상사고,차대차 - 충돌,차대차,충돌,안전운전불이행,건조,맑음,단일로 - 기타,단일로,기타,0,0,1,0,1,1,0,N,Y,피해,승합,남,61-64세,상해없음,개인형이동수단(PM),남,51-60세,경상,2019.xlsx
2019225145,2019-12,2019,12,영등포구,주간,중상사고,차대차 - 기타,차대차,기타,안전운전불이행,건조,맑음,기타 - 기타,기타,기타,0,1,0,0,1,1,1,N,Y,피해,기타불명,기타불명,기타불명,기타불명,개인형이동수단(PM),남,31-40세,중상,2019.xlsx
2019215368,2019-12,2019,12,은평구,주간,중상사고,차대차 - 충돌,차대차,충돌,교차로운행방법위반,건조,맑음,단일로 - 기타,단일로,기타,0,1,0,0,1,1,1,Y,N,가해,개인형이동수단(PM),남,20세 이하,중상,승용,남,65세 이상,상해없음,2019.xlsx
2019218843,2019-12,2019,12,은평구,주간,경상사고,차대사람 - 횡단중,차대사람,횡단중,안전운전불이행,건조,맑음,교차로 - 교차로부근,교차로,교차로부근,0,0,1,0,1,1,0,Y,N,가해,개인형이동수단(PM),남,41-50세,상해없음,보행자,여,65세 이상,경상,2019.xlsx
2019226985,2019-12,2019,12,은평구,주간,경상사고,차대차 - 기타,차대차,기타,교차로운행방법위반,건조,맑음,교차로 - 교차로안,교차로,교차로안,0,0,1,0,1,1,0,Y,N,가해,개인형이동수단(PM),남,31-40세,경상,승용,남,61-64세,상해없음,2019.xlsx
2019214065,2019-12,2019,12,중구,야간,경상사고,차대차 - 충돌,차대차,충돌,안전운전불이행,건조,맑음,단일로 - 기타,단일로,기타,0,0,1,0,1,1,0,N,Y,피해,화물,남,31-40세,상해없음,개인형이동수단(PM),남,41-50세,경상,2019.xlsx
2019225209,2019-12,2019,12,중랑구,주간,부상신고사고,차대차 - 충돌,차대차,충돌,안전운전불이행,건조,맑음,단일로 - 기타,단일로,기타,0,0,0,1,1,1,0,N,Y,피해,화물,남,65세 이상,상해없음,개인형이동수단(PM),남,31-40세,부상신고,2019.xlsx
2020005325,2020-01,2020,1,강남구,야간,부상신고사고,차대차 - 기타,차대차,기타,안전운전불이행,건조,맑음,교차로 - 교차로안,교차로,교차로안,0,0,0,1,1,1,0,N,Y,피해,승용,남,65세 이상,상해없음,개인형이동수단(PM),여,21-30세,부상신고,2020.xlsx
2020008740,2020-01,2020,1,강남구,야간,경상사고,차대사람 - 보도통행중,차대사람,보도통행중,안전운전불이행,건조,맑음,단일로 - 기타,단일로,기타,0,0,1,0,1,1,0,Y,N,가해,개인형이동수단(PM),남,20세 이하,상해없음,보행자,여,51-60세,경상,2020.xlsx
2020012607,2020-01,2020,1,강남구,야간,중상사고,차량단독 - 기타,차량단독,기타,안전운전불이행,건조,맑음,기타 - 기타,기타,기타,0,1,0,0,1,1,1,Y,N,가해,개인형이동수단(PM),남,31-40세,중상,,,,,2020.xlsx
2020013304,2020-01,2020,1,강남구,야간,경상사고,차대차 - 기타,차대차,기타,안전운전불이행,건조,맑음,단일로 - 기타,단일로,기타,0,0,2,0,2,2,0,Y,N,가해,개인형이동수단(PM),남,41-50세,경상,승용,남,21-30세,상해없음,2020.xlsx
2020015612,2020-01,2020,1,강남구,주간,경상사고,차대사람 - 횡단중,차대사람,횡단중,보행자보호의무위반,건조,기타,단일로 - 기타,단일로,기타,0,0,1,0,1,1,0,Y,N,가해,개인형이동수단(PM),남,51-60세,상해없음,보행자,남,41-50세,경상,2020.xlsx
2020016847,2020-01,2020,1,강서구,야간,경상사고,차대차 - 충돌,차대차,충돌,안전운전불이행,건조,맑음,단일로 - 기타,단일로,기타,0,0,2,0,2,2,0,Y,N,가해,개인형이동수단(PM),남,65세 이상,경상,이륜,남,31-40세,경상,2020.xlsx
2020008796,2020-01,2020,1,관악구,야간,경상사고,차대차 - 기타,차대차,기타,신호위반,건조,기타,교차로 - 교차로부근,교차로,교차로부근,0,0,1,0,1,1,0,N,Y,피해,승용,남,61-64세,상해없음,개인형이동수단(PM),남,21-30세,경상,2020.xlsx
2020009983,2020-01,2020,1,구로구,야간,부상신고사고,차대차 - 기타,차대차,기타,안전운전불이행,건조,맑음,교차로 - 교차로부근,교차로,교차로부근,0,0,0,1,1,1,0,N,Y,피해,승용,남,21-30세,상해없음,개인형이동수단(PM),남,41-50세,부상신고,2020.xlsx
2020002484,2020-01,2020,1,금천구,주간,중상사고,차대차 - 충돌,차대차,충돌,안전운전불이행,건조,맑음,교차로 - 교차로부근,교차로,교차로부근,0,1,0,0,1,1,1,N,Y,피해,승용,여,41-50세,상해없음,개인형이동수단(PM),남,31-40세,중상,2020.xlsx
2020010950,2020-01,2020,1,금천구,야간,경상사고,차대사람 - 기타,차대사람,기타,안전운전불이행,건조,맑음,단일로 - 기타,단일로,기타,0,0,2,0,2,2,0,Y,N,가해,개인형이동수단(PM),남,21-30세,상해없음,보행자,남,65세 이상,경상,2020.xlsx
2020002416,2020-01,2020,1,동대문구,야간,중상사고,차대차 - 충돌,차대차,충돌,기타,건조,맑음,교차로 - 교차로안,교차로,교차로안,0,1,0,0,1,1,1,N,Y,피해,승용,남,51-60세,상해없음,개인형이동수단(PM),남,21-30세,중상,2020.xlsx
2020008208,2020-01,2020,1,동대문구,야간,부상신고사고,차량단독 - 기타,차량단독,기타,안전운전불이행,건조,맑음,단일로 - 기타,단일로,기타,0,0,0,1,1,1,0,Y,N,가해,개인형이동수단(PM),여,51-60세,부상신고,,,,,2020.xlsx
2020011659,2020-01,2020,1,마포구,야간,중상사고,차대차 - 기타,차대차,기타,안전운전불이행,건조,맑음,교차로 - 교차로안,교차로,교차로안,0,1,0,0,1,1,1,Y,N,가해,개인형이동수단(PM),여,21-30세,중상,승용,남,21-30세,상해없음,2020.xlsx
2020009105,2020-01,2020,1,서초구,주간,경상사고,차대사람 - 길가장자리구역통행중,차대사람,길가장자리구역통행중,안전운전불이행,건조,맑음,단일로 - 지하차도(도로)내,단일로,지하차도(도로)내,0,0,1,0,1,1,0,Y,N,가해,개인형이동수단(PM),여,21-30세,상해없음,보행자,여,51-60세,경상,2020.xlsx
2020016099,2020-01,2020,1,서초구,주간,경상사고,차대차 - 충돌,차대차,충돌,기타,건조,기타,단일로 - 기타,단일로,기타,0,0,1,0,1,1,0,N,Y,피해,이륜,남,41-50세,경상,개인형이동수단(PM),남,31-40세,기타불명,2020.xlsx
2020000560,2020-01,2020,1,양천구,주간,중상사고,차대차 - 충돌,차대차,충돌,안전운전불이행,건조,흐림,단일로 - 기타,단일로,기타,0,1,0,0,1,1,1,Y,N,가해,개인형이동수단(PM),남,20세 이하,중상,화물,남,65세 이상,상해없음,2020.xlsx
2020011005,2020-01,2020,1,영등포구,야간,중상사고,차대차 - 기타,차대차,기타,신호위반,건조,맑음,단일로 - 기타,단일로,기타,0,1,0,0,1,1,1,Y,N,가해,개인형이동수단(PM),남,41-50세,상해없음,자전거,여,61-64세,중상,2020.xlsx
2020003418,2020-01,2020,1,용산구,주간,중상사고,차대사람 - 기타,차대사람,기타,안전운전불이행,젖음/습기,비,단일로 - 기타,단일로,기타,0,1,0,0,1,1,1,Y,N,가해,개인형이동수단(PM),남,31-40세,상해없음,보행자,여,65세 이상,중상,2020.xlsx
2020008011,2020-01,2020,1,중랑구,야간,중상사고,차대차 - 충돌,차대차,충돌,신호위반,건조,흐림,단일로 - 지하차도(도로)내,단일로,지하차도(도로)내,0,1,0,0,1,1,1,N,Y,피해,승용,여,41-50세,상해없음,개인형이동수단(PM),남,41-50세,중상,2020.xlsx
2020017190,2020-02,2020,2,강남구,주간,경상사고,차대차 - 기타,차대차,기타,안전운전불이행,건조,맑음,교차로 - 교차로횡단보도내,교차로,교차로횡단보도내,0,0,1,0,1,1,0,N,Y,피해,화물,남,21-30세,상해없음,개인형이동수단(PM),여,21-30세,경상,2020.xlsx
2020017886,2020-02,2020,2,강남구,주간,부상신고사고,차대차 - 기타,차대차,기타,안전운전불이행,건조,맑음,교차로 - 교차로안,교차로,교차로안,0,0,0,1,1,1,0,Y,N,가해,개인형이동수단(PM),남,41-50세,부상신고,승용,남,41-50세,상해없음,2020.xlsx
2020017982,2020-02,2020,2,강남구,주간,경상사고,차대차 - 기타,차대차,기타,신호위반,건조,맑음,단일로 - 기타,단일로,기타,0,0,1,0,1,1,0,N,Y,피해,승용,남,31-40세,상해없음,개인형이동수단(PM),남,31-40세,경상,2020.xlsx
2020018378,2020-02,2020,2,강남구,야간,부상신고사고,차대차 - 기타,차대차,기타,교차로운행방법위반,건조,맑음,교차로 - 교차로부근,교차로,교차로부근,0,0,0,1,1,1,0,Y,N,가해,개인형이동수단(PM),여,21-30세,부상신고,승용,남,31-40세,상해없음,2020.xlsx
2020020043,2020-02,2020,2,강남구,주간,경상사고,차대사람 - 보도통행중,차대사람,보도통행중,기타,건조,맑음,단일로 - 기타,단일로,기타,0,0,1,0,1,1,0,Y,N,가해,개인형이동수단(PM),남,20세 이하,상해없음,보행자,여,31-40세,경상,2020.xlsx
2020020306,2020-02,2020,2,강남구,야간,경상사고,차대차 - 기타,차대차,기타,안전운전불이행,건조,맑음,교차로 - 교차로안,교차로,교차로안,0,0,1,0,1,1,0,N,Y,피해,승용,남,65세 이상,상해없음,개인형이동수단(PM),남,13-20세,경상,2020.xlsx
2020020832,2020-02,2020,2,강남구,야간,부상신고사고,차대차 - 충돌,차대차,충돌,안전운전불이행,건조,맑음,교차로 - 교차로부근,교차로,교차로부근,0,0,0,1,1,1,0,Y,N,가해,개인형이동수단(PM),남,21-30세,부상신고,승용,남,51-60세,상해없음,2020.xlsx
2020023892,2020-02,2020,2,강남구,야간,부상신고사고,차대차 - 기타,차대차,기타,안전운전불이행,젖음/습기,비,교차로 - 교차로안,교차로,교차로안,0,0,0,1,1,1,0,Y,N,가해,개인형이동수단(PM),남,21-30세,부상신고,승용,남,65세 이상,상해없음,2020.xlsx
2020025724,2020-02,2020,2,강남구,야간,부상신고사고,차량단독 - 기타,차량단독,기타,신호위반,젖음/습기,비,기타 - 기타,기타,기타,0,0,0,1,1,1,0,Y,N,가해,개인형이동수단(PM),여,21-30세,부상신고,,,,,2020.xlsx
2020025749,2020-02,2020,2,강남구,야간,부상신고사고,차량단독 - 기타,차량단독,기타,안전운전불이행,젖음/습기,눈,단일로 - 기타,단일로,기타,0,0,0,1,1,1,0,Y,N,가해,개인형이동수단(PM),남,21-30세,부상신고,,,,,2020.xlsx
2020028188,2020-02,2020,2,강남구,야간,경상사고,차대사람 - 기타,차대사람,기타,안전운전불이행,건조,맑음,단일로 - 기타,단일로,기타,0,0,1,0,1,1,0,Y,N,가해,개인형이동수단(PM),남,21-30세,상해없음,보행자,여,31-40세,경상,2020.xlsx
2020030148,2020-02,2020,2,강남구,야간,중상사고,차대차 - 기타,차대차,기타,교차로운행방법위반,건조,맑음,교차로 - 교차로안,교차로,교차로안,0,1,0,0,1,1,1,N,Y,피해,승합,남,61-64세,상해없음,개인형이동수단(PM),남,31-40세,중상,2020.xlsx
2020030935,2020-02,2020,2,강남구,야간,경상사고,차대사람 - 기타,차대사람,기타,기타,건조,맑음,단일로 - 기타,단일로,기타,0,0,1,0,1,1,0,Y,N,가해,개인형이동수단(PM),여,21-30세,상해없음,보행자,여,31-40세,경상,2020.xlsx
2020032324,2020-02,2020,2,강남구,야간,경상사고,차대사람 - 기타,차대사람,기타,기타,건조,맑음,기타 - 기타,기타,기타,0,0,1,0,1,1,0,Y,N,가해,개인형이동수단(PM),여,31-40세,상해없음,보행자,여,21-30세,경상,2020.xlsx
2020018978,2020-02,2020,2,강북구,야간,경상사고,차대차 - 기타,차대차,기타,신호위반,젖음/습기,흐림,교차로 - 교차로안,교차로,교차로안,0,0,1,0,1,1,0,Y,N,가해,개인형이동수단(PM),남,31-40세,경상,승용,남,31-40세,상해없음,2020.xlsx
2020021243,2020-02,2020,2,강서구,주간,경상사고,차대차 - 기타,차대차,기타,안전운전불이행,건조,맑음,교차로 - 교차로안,교차로,교차로안,0,0,1,0,1,1,0,N,Y,피해,승용,남,65세 이상,상해없음,개인형이동수단(PM),남,31-40세,경상,2020.xlsx
2020021080,2020-02,2020,2,광진구,야간,경상사고,차대사람 - 기타,차대사람,기타,기타,건조,맑음,기타 - 기타,기타,기타,0,0,1,0,1,1,0,Y,N,가해,개인형이동수단(PM),남,41-50세,상해없음,보행자,남,21-30세,경상,2020.xlsx
2020019159,2020-02,2020,2,구로구,주간,경상사고,차대차 - 충돌,차대차,충돌,안전운전불이행,건조,맑음,교차로 - 교차로안,교차로,교차로안,0,0,1,0,1,1,0,N,Y,피해,화물,남,51-60세,상해없음,개인형이동수단(PM),남,21-30세,경상,2020.xlsx
2020022131,2020-02,2020,2,구로구,주간,중상사고,차대차 - 충돌,차대차,충돌,안전거리미확보,건조,맑음,교차로 - 교차로부근,교차로,교차로부근,0,1,0,0,1,1,1,Y,N,가해,개인형이동수단(PM),여,51-60세,중상,승용,남,31-40세,상해없음,2020.xlsx
2020018519,2020-02,2020,2,노원구,주간,부상신고사고,차대차 - 충돌,차대차,충돌,안전운전불이행,건조,맑음,단일로 - 기타,단일로,기타,0,0,0,1,1,1,0,Y,N,가해,개인형이동수단(PM),여,51-60세,부상신고,승용,여,31-40세,기타불명,2020.xlsx
2020028516,2020-02,2020,2,노원구,주간,경상사고,차대차 - 충돌,차대차,충돌,안전운전불이행,건조,맑음,교차로 - 교차로안,교차로,교차로안,0,0,1,0,1,1,0,N,Y,피해,승용,남,65세 이상,상해없음,개인형이동수단(PM),남,21-30세,경상,2020.xlsx
2020021066,2020-02,2020,2,동작구,야간,중상사고,차대차 - 기타,차대차,기타,안전운전불이행,건조,맑음,교차로 - 교차로부근,교차로,교차로부근,0,1,0,0,1,1,1,N,Y,피해,승용,남,61-64세,상해없음,개인형이동수단(PM),남,65세 이상,중상,2020.xlsx
2020021361,2020-02,2020,2,마포구,주간,경상사고,차대사람 - 기타,차대사람,기타,안전운전불이행,건조,맑음,단일로 - 기타,단일로,기타,0,0,1,0,1,1,0,Y,N,가해,개인형이동수단(PM),남,31-40세,상해없음,보행자,남,41-50세,경상,2020.xlsx
2020026789,2020-02,2020,2,서초구,야간,중상사고,차대차 - 충돌,차대차,충돌,안전운전불이행,건조,맑음,단일로 - 기타,단일로,기타,0,1,0,0,1,1,1,N,Y,피해,승용,여,31-40세,상해없음,개인형이동수단(PM),남,21-30세,중상,2020.xlsx
2020024212,2020-02,2020,2,송파구,주간,부상신고사고,차대차 - 충돌,차대차,충돌,안전운전불이행,건조,맑음,교차로 - 교차로횡단보도내,교차로,교차로횡단보도내,0,0,0,1,1,1,0,Y,N,가해,개인형이동수단(PM),여,21-30세,부상신고,승용,남,41-50세,상해없음,2020.xlsx