사고ID,연월,연도,월,자치구,주야,사고내용,사고유형,사고유형_대분류,사고유형_소분류,법규위반,노면상태,기상상태,도로형태,도로형태_대분류,도로형태_소분류,사망자수,중상자수,경상자수,부상신고자수,총부상자수,총사상자수,중상이상자수,PM_가해여부,PM_피해여부,PM_역할,가해운전자_차종,가해운전자_성별,가해운전자_연령대,가해운전자_상해정도,피해운전자_차종,피해운전자_성별,피해운전자_연령대,피해운전자_상해정도,원본파일
2020119349,2020-07,2020,7,관악구,주간,경상사고,차대차 - 기타,차대차,기타,안전운전불이행,건조,맑음,교차로 - 교차로횡단보도내,교차로,교차로횡단보도내,0,0,1,0,1,1,0,Y,N,가해,개인형이동수단(PM),여,20세 이하,경상,승용,여,61-64세,상해없음,2020.xlsx
2020115897,2020-07,2020,7,광진구,야간,중상사고,차대차 - 충돌,차대차,충돌,안전운전불이행,건조,흐림,단일로 - 기타,단일로,기타,0,1,0,0,1,1,1,Y,N,가해,개인형이동수단(PM),남,21-30세,중상,승용,남,51-60세,기타불명,2020.xlsx
2020103987,2020-07,2020,7,구로구,야간,경상사고,차대사람 - 보도통행중,차대사람,보도통행중,기타,건조,맑음,기타 - 기타,기타,기타,0,0,1,0,1,1,0,Y,N,가해,개인형이동수단(PM),여,20세 이하,상해없음,보행자,여,21-30세,경상,2020.xlsx
2020110867,2020-07,2020,7,구로구,주간,경상사고,차대차 - 충돌,차대차,충돌,안전운전불이행,건조,맑음,교차로 - 교차로부근,교차로,교차로부근,0,0,1,0,1,1,0,N,Y,피해,승용,남,65세 이상,상해없음,개인형이동수단(PM),여,41-50세,경상,2020.xlsx
2020111415,2020-07,2020,7,구로구,주간,사망사고,차대차 - 기타,차대차,기타,안전운전불이행,건조,맑음,교차로 - 교차로안,교차로,교차로안,1,0,0,0,0,1,1,N,Y,피해,건설기계,남,65세 이상,상해없음,개인형이동수단(PM),남,65세 이상,사망,2020.xlsx
2020116268,2020-07,2020,7,구로구,주간,경상사고,차대차 - 기타,차대차,기타,중앙선침범,건조,맑음,교차로 - 교차로부근,교차로,교차로부근,0,0,1,0,1,1,0,Y,N,가해,개인형이동수단(PM),남,20세 이하,경상,승용,남,41-50세,상해없음,2020.xlsx
2020118874,2020-07,2020,7,구로구,주간,경상사고,차대차 - 충돌,차대차,충돌,중앙선침범,젖음/습기,흐림,교차로 - 교차로안,교차로,교차로안,0,0,1,0,1,1,0,Y,N,가해,개인형이동수단(PM),남,21-30세,경상,화물,남,41-50세,상해없음,2020.xlsx
2020105089,2020-07,2020,7,금천구,주간,부상신고사고,차대차 - 충돌,차대차,충돌,안전운전불이행,건조,맑음,교차로 - 교차로안,교차로,교차로안,0,0,0,1,1,1,0,Y,N,가해,개인형이동수단(PM),남,21-30세,부상신고,승용,남,51-60세,상해없음,2020.xlsx
2020105486,2020-07,2020,7,도봉구,야간,경상사고,차대사람 - 횡단중,차대사람,횡단중,안전운전불이행,건조,맑음,교차로 - 교차로안,교차로,교차로안,0,0,1,0,1,1,0,Y,N,가해,개인형이동수단(PM),남,21-30세,상해없음,보행자,남,12세 이하,경상,2020.xlsx
2020113144,2020-07,2020,7,도봉구,주간,경상사고,차대사람 - 기타,차대사람,기타,안전운전불이행,건조,맑음,단일로 - 기타,단일로,기타,0,0,1,0,1,1,0,Y,N,가해,개인형이동수단(PM),남,41-50세,상해없음,보행자,여,12세 이하,경상,2020.xlsx
2020102878,2020-07,2020,7,동대문구,주간,경상사고,차대차 - 충돌,차대차,충돌,안전운전불이행,건조,맑음,교차로 - 교차로부근,교차로,교차로부근,0,0,1,0,1,1,0,Y,N,가해,개인형이동수단(PM),여,21-30세,경상,승용,여,31-40세,상해없음,2020.xlsx
2020105114,2020-07,2020,7,동대문구,주간,중상사고,차대차 - 충돌,차대차,충돌,신호위반,건조,흐림,교차로 - 교차로안,교차로,교차로안,0,1,0,0,1,1,1,N,Y,피해,승용,남,51-60세,상해없음,개인형이동수단(PM),남,31-40세,중상,2020.xlsx
2020118185,2020-07,2020,7,동대문구,주간,경상사고,차대차 - 충돌,차대차,충돌,기타,젖음/습기,흐림,교차로 - 교차로안,교차로,교차로안,0,0,1,0,1,1,0,Y,N,가해,개인형이동수단(PM),남,20세 이하,경상,화물,남,21-30세,상해없음,2020.xlsx
2020108563,2020-07,2020,7,동작구,야간,경상사고,차대차 - 기타,차대차,기타,안전운전불이행,젖음/습기,비,교차로 - 교차로횡단보도내,교차로,교차로횡단보도내,0,0,1,0,1,1,0,N,Y,피해,승용,남,41-50세,상해없음,개인형이동수단(PM),남,31-40세,경상,2020.xlsx
2020113748,2020-07,2020,7,마포구,야간,부상신고사고,차대사람 - 기타,차대사람,기타,안전운전불이행,건조,맑음,단일로 - 기타,단일로,기타,0,0,0,1,1,1,0,Y,N,가해,개인형이동수단(PM),남,31-40세,상해없음,보행자,여,21-30세,부상신고,2020.xlsx
2020115372,2020-07,2020,7,마포구,주간,중상사고,차대차 - 기타,차대차,기타,안전운전불이행,건조,맑음,교차로 - 교차로안,교차로,교차로안,0,1,0,0,1,1,1,N,Y,피해,승용,남,65세 이상,상해없음,개인형이동수단(PM),여,21-30세,중상,2020.xlsx
2020117901,2020-07,2020,7,마포구,야간,부상신고사고,차대사람 - 기타,차대사람,기타,안전운전불이행,건조,맑음,단일로 - 기타,단일로,기타,0,0,0,1,1,1,0,Y,N,가해,개인형이동수단(PM),여,21-30세,상해없음,보행자,여,21-30세,부상신고,2020.xlsx
2020119037,2020-07,2020,7,마포구,주간,중상사고,차대차 - 기타,차대차,기타,안전운전불이행,건조,맑음,기타 - 기타,기타,기타,0,1,0,0,1,1,1,N,Y,피해,자전거,남,51-60세,중상,개인형이동수단(PM),여,21-30세,상해없음,2020.xlsx
2020101911,2020-07,2020,7,서대문구,주간,중상사고,차대차 - 기타,차대차,기타,안전운전불이행,건조,맑음,단일로 - 기타,단일로,기타,0,1,0,0,1,1,1,Y,N,가해,개인형이동수단(PM),여,21-30세,중상,승용,여,61-64세,상해없음,2020.xlsx
2020113286,2020-07,2020,7,서대문구,야간,경상사고,차대사람 - 차도통행중,차대사람,차도통행중,신호위반,건조,맑음,교차로 - 교차로안,교차로,교차로안,0,0,1,0,1,1,0,Y,N,가해,개인형이동수단(PM),여,20세 이하,상해없음,보행자,여,31-40세,경상,2020.xlsx
2020101833,2020-07,2020,7,서초구,주간,경상사고,차대차 - 충돌,차대차,충돌,중앙선침범,건조,맑음,단일로 - 기타,단일로,기타,0,0,1,0,1,1,0,N,Y,피해,승용,남,31-40세,상해없음,개인형이동수단(PM),남,31-40세,경상,2020.xlsx
2020103336,2020-07,2020,7,서초구,야간,중상사고,차량단독 - 기타,차량단독,기타,안전운전불이행,젖음/습기,흐림,교차로 - 교차로안,교차로,교차로안,0,1,0,0,1,1,1,Y,N,가해,개인형이동수단(PM),남,21-30세,상해없음,,,,,2020.xlsx
2020105660,2020-07,2020,7,서초구,주간,중상사고,차대사람 - 기타,차대사람,기타,안전운전불이행,건조,맑음,교차로 - 교차로안,교차로,교차로안,0,1,1,0,2,2,1,Y,N,가해,개인형이동수단(PM),여,21-30세,중상,보행자,여,31-40세,경상,2020.xlsx
2020106606,2020-07,2020,7,서초구,주간,경상사고,차대사람 - 보도통행중,차대사람,보도통행중,기타,건조,맑음,기타 - 기타,기타,기타,0,0,1,0,1,1,0,Y,N,가해,개인형이동수단(PM),여,21-30세,상해없음,보행자,남,13-20세,경상,2020.xlsx
2020112410,2020-07,2020,7,서초구,야간,경상사고,차량단독 - 충돌,차량단독,충돌,안전운전불이행,건조,맑음,단일로 - 기타,단일로,기타,0,0,1,0,1,1,0,Y,N,가해,개인형이동수단(PM),남,20세 이하,경상,,,,,2020.xlsx
2020117655,2020-07,2020,7,서초구,주간,경상사고,차대차 - 충돌,차대차,충돌,안전운전불이행,건조,맑음,교차로 - 교차로안,교차로,교차로안,0,0,1,0,1,1,0,N,Y,피해,승용,남,65세 이상,상해없음,개인형이동수단(PM),여,21-30세,경상,2020.xlsx
2020102755,2020-07,2020,7,성동구,야간,경상사고,차대차 - 기타,차대차,기타,안전운전불이행,건조,맑음,단일로 - 기타,단일로,기타,0,0,1,0,1,1,0,Y,N,가해,개인형이동수단(PM),남,31-40세,상해없음,승용,남,61-64세,상해없음,2020.xlsx
2020104886,2020-07,2020,7,성동구,야간,경상사고,차대차 - 기타,차대차,기타,안전거리미확보,건조,맑음,단일로 - 기타,단일로,기타,0,0,1,0,1,1,0,N,Y,피해,승용,남,31-40세,상해없음,개인형이동수단(PM),남,21-30세,경상,2020.xlsx
2020106189,2020-07,2020,7,성동구,야간,경상사고,차대차 - 기타,차대차,기타,안전운전불이행,건조,맑음,단일로 - 기타,단일로,기타,0,0,1,0,1,1,0,N,Y,피해,승용,여,31-40세,상해없음,개인형이동수단(PM),남,21-30세,경상,2020.xlsx
2020112382,2020-07,2020,7,성북구,야간,경상사고,차량단독 - 전도전복,차량단독,전도전복,안전운전불이행,건조,맑음,단일로 - 기타,단일로,기타,0,0,1,0,1,1,0,Y,N,가해,개인형이동수단(PM),남,31-40세,상해없음,,,,,2020.xlsx
2020102836,2020-07,2020,7,송파구,주간,부상신고사고,차량단독 - 기타,차량단독,기타,안전운전불이행,건조,맑음,단일로 - 기타,단일로,기타,0,0,0,1,1,1,0,Y,N,가해,개인형이동수단(PM),여,31-40세,부상신고,,,,,2020.xlsx
2020105689,2020-07,2020,7,송파구,주간,중상사고,차대차 - 충돌,차대차,충돌,기타,건조,맑음,교차로 - 교차로부근,교차로,교차로부근,0,1,0,0,1,1,1,Y,N,가해,개인형이동수단(PM),여,31-40세,중상,승용,남,31-40세,상해없음,2020.xlsx
2020107473,2020-07,2020,7,송파구,야간,경상사고,차대차 - 충돌,차대차,충돌,신호위반,건조,맑음,교차로 - 교차로안,교차로,교차로안,0,0,2,0,2,2,0,N,Y,피해,자전거,남,65세 이상,경상,개인형이동수단(PM),남,13-20세,경상,2020.xlsx
2020114709,2020-07,2020,7,송파구,주간,경상사고,차대사람 - 기타,차대사람,기타,안전운전불이행,젖음/습기,비,단일로 - 기타,단일로,기타,0,0,1,0,1,1,0,Y,N,가해,개인형이동수단(PM),남,21-30세,상해없음,보행자,여,31-40세,경상,2020.xlsx
2020110919,2020-07,2020,7,영등포구,야간,중상사고,차대차 - 충돌,차대차,충돌,중앙선침범,건조,맑음,단일로 - 기타,단일로,기타,0,1,0,0,1,1,1,Y,N,가해,개인형이동수단(PM),여,21-30세,상해없음,이륜,남,21-30세,중상,2020.xlsx
2020118112,2020-07,2020,7,용산구,야간,중상사고,차대사람 - 보도통행중,차대사람,보도통행중,기타,젖음/습기,비,단일로 - 기타,단일로,기타,0,1,0,0,1,1,1,Y,N,가해,개인형이동수단(PM),남,20세 이하,상해없음,보행자,남,21-30세,중상,2020.xlsx
2020117195,2020-07,2020,7,은평구,주간,경상사고,차대차 - 충돌,차대차,충돌,교차로운행방법위반,건조,맑음,교차로 - 교차로안,교차로,교차로안,0,0,1,0,1,1,0,Y,N,가해,개인형이동수단(PM),남,20세 이하,경상,승용,여,41-50세,상해없음,2020.xlsx
2020115920,2020-07,2020,7,종로구,야간,경상사고,차대차 - 기타,차대차,기타,교차로운행방법위반,건조,맑음,단일로 - 기타,단일로,기타,0,0,1,0,1,1,0,N,Y,피해,승용,남,31-40세,상해없음,개인형이동수단(PM),여,21-30세,경상,2020.xlsx
2020113048,2020-07,2020,7,중구,주간,경상사고,차대사람 - 보도통행중,차대사람,보도통행중,신호위반,젖음/습기,흐림,단일로 - 기타,단일로,기타,0,0,1,0,1,1,0,Y,N,가해,개인형이동수단(PM),남,21-30세,상해없음,보행자,여,61-64세,경상,2020.xlsx
2020124091,2020-08,2020,8,강남구,주간,경상사고,차대사람 - 보도통행중,차대사람,보도통행중,보행자보호의무위반,건조,맑음,교차로 - 교차로횡단보도내,교차로,교차로횡단보도내,0,0,1,0,1,1,0,Y,N,가해,개인형이동수단(PM),남,31-40세,상해없음,보행자,여,21-30세,경상,2020.xlsx
2020126964,2020-08,2020,8,강남구,야간,경상사고,차대사람 - 기타,차대사람,기타,기타,기타,맑음,기타 - 기타,기타,기타,0,0,1,0,1,1,0,Y,N,가해,개인형이동수단(PM),남,31-40세,상해없음,보행자,남,51-60세,경상,2020.xlsx
2020127080,2020-08,2020,8,강남구,야간,경상사고,차대사람 - 횡단중,차대사람,횡단중,안전운전불이행,건조,맑음,기타 - 기타,기타,기타,0,0,1,0,1,1,0,Y,N,가해,개인형이동수단(PM),남,21-30세,기타불명,보행자,여,21-30세,경상,2020.xlsx
2020128744,2020-08,2020,8,강남구,야간,중상사고,차대차 - 기타,차대차,기타,안전거리미확보,건조,기타,단일로 - 기타,단일로,기타,0,1,0,0,1,1,1,N,Y,피해,승합,남,31-40세,상해없음,개인형이동수단(PM),남,41-50세,중상,2020.xlsx
2020129337,2020-08,2020,8,강남구,야간,부상신고사고,차대차 - 충돌,차대차,충돌,안전운전불이행,건조,맑음,교차로 - 교차로안,교차로,교차로안,0,0,0,1,1,1,0,Y,N,가해,개인형이동수단(PM),남,21-30세,상해없음,승용,남,21-30세,상해없음,2020.xlsx
2020129381,2020-08,2020,8,강남구,야간,경상사고,차대차 - 충돌,차대차,충돌,신호위반,건조,맑음,교차로 - 교차로안,교차로,교차로안,0,0,1,0,1,1,0,N,Y,피해,승용,여,31-40세,상해없음,개인형이동수단(PM),여,31-40세,경상,2020.xlsx
2020129431,2020-08,2020,8,강남구,야간,부상신고사고,차량단독 - 기타,차량단독,기타,기타,건조,흐림,기타 - 기타,기타,기타,0,0,0,1,1,1,0,Y,N,가해,개인형이동수단(PM),남,31-40세,부상신고,,,,,2020.xlsx
2020130707,2020-08,2020,8,강남구,야간,중상사고,차대사람 - 보도통행중,차대사람,보도통행중,기타,건조,맑음,단일로 - 기타,단일로,기타,0,1,0,0,1,1,1,Y,N,가해,개인형이동수단(PM),여,20세 이하,상해없음,보행자,여,41-50세,중상,2020.xlsx
2020131253,2020-08,2020,8,강남구,야간,경상사고,차대사람 - 기타,차대사람,기타,기타,젖음/습기,맑음,단일로 - 기타,단일로,기타,0,0,1,0,1,1,0,Y,N,가해,개인형이동수단(PM),남,31-40세,상해없음,보행자,남,21-30세,경상,2020.xlsx
2020131911,2020-08,2020,8,강남구,야간,경상사고,차대차 - 기타,차대차,기타,기타,건조,맑음,단일로 - 기타,단일로,기타,0,0,1,0,1,1,0,Y,N,가해,개인형이동수단(PM),여,20세 이하,경상,승용,여,21-30세,상해없음,2020.xlsx
2020131971,2020-08,2020,8,강남구,야간,중상사고,차대차 - 기타,차대차,기타,안전운전불이행,건조,기타,교차로 - 교차로횡단보도내,교차로,교차로횡단보도내,0,1,0,0,1,1,1,N,Y,피해,승용,남,21-30세,상해없음,개인형이동수단(PM),여,21-30세,중상,2020.xlsx
2020132074,2020-08,2020,8,강남구,주간,부상신고사고,차대차 - 기타,차대차,기타,안전운전불이행,건조,맑음,단일로 - 기타,단일로,기타,0,0,0,1,1,1,0,Y,N,가해,개인형이동수단(PM),남,41-50세,부상신고,승용,여,51-60세,상해없음,2020.xlsx
2020132828,2020-08,2020,8,강남구,야간,경상사고,차대차 - 기타,차대차,기타,신호위반,건조,맑음,기타 - 기타,기타,기타,0,0,1,0,1,1,0,N,Y,피해,승용,여,21-30세,상해없음,개인형이동수단(PM),여,21-30세,경상,2020.xlsx
2020135936,2020-08,2020,8,강남구,야간,부상신고사고,차량단독 - 전도전복,차량단독,전도전복,안전운전불이행,기타,맑음,단일로 - 기타,단일로,기타,0,0,0,1,1,1,0,Y,N,가해,개인형이동수단(PM),남,31-40세,부상신고,,,,,2020.xlsx
2020136079,2020-08,2020,8,강남구,주간,부상신고사고,차대차 - 기타,차대차,기타,안전운전불이행,건조,맑음,단일로 - 기타,단일로,기타,0,0,0,1,1,1,0,Y,N,가해,개인형이동수단(PM),남,21-30세,부상신고,화물,남,65세 이상,상해없음,2020.xlsx
2020120867,2020-08,2020,8,강동구,야간,부상신고사고,차대차 - 충돌,차대차,충돌,교차로운행방법위반,건조,맑음,교차로 - 교차로안,교차로,교차로안,0,0,0,1,1,1,0,N,Y,피해,이륜,남,51-60세,부상신고,개인형이동수단(PM),남,21-30세,상해없음,2020.xlsx
2020127384,2020-08,2020,8,강동구,주간,중상사고,차대차 - 충돌,차대차,충돌,신호위반,건조,맑음,교차로 - 교차로안,교차로,교차로안,0,1,0,0,1,1,1,Y,N,가해,개인형이동수단(PM),여,41-50세,상해없음,자전거,여,61-64세,중상,2020.xlsx
2020134195,2020-08,2020,8,강북구,야간,경상사고,차대차 - 충돌,차대차,충돌,안전거리미확보,건조,맑음,단일로 - 기타,단일로,기타,0,0,1,0,1,1,0,N,Y,피해,승용,남,51-60세,상해없음,개인형이동수단(PM),남,31-40세,경상,2020.xlsx
2020130015,2020-08,2020,8,강서구,야간,경상사고,차대사람 - 보도통행중,차대사람,보도통행중,기타,건조,맑음,단일로 - 기타,단일로,기타,0,0,1,0,1,1,0,Y,N,가해,개인형이동수단(PM),여,41-50세,기타불명,보행자,여,21-30세,경상,2020.xlsx
2020133338,2020-08,2020,8,강서구,주간,중상사고,차대차 - 기타,차대차,기타,안전운전불이행,건조,맑음,단일로 - 기타,단일로,기타,0,1,0,0,1,1,1,N,Y,피해,승용,남,51-60세,상해없음,개인형이동수단(PM),남,51-60세,중상,2020.xlsx
2020124920,2020-08,2020,8,관악구,주간,경상사고,차대차 - 기타,차대차,기타,안전운전불이행,젖음/습기,흐림,단일로 - 기타,단일로,기타,0,0,1,0,1,1,0,N,Y,피해,승용,남,51-60세,상해없음,개인형이동수단(PM),남,41-50세,경상,2020.xlsx
2020125772,2020-08,2020,8,관악구,야간,중상사고,차대사람 - 차도통행중,차대사람,차도통행중,안전운전불이행,건조,맑음,단일로 - 기타,단일로,기타,0,1,1,0,2,2,1,Y,N,가해,개인형이동수단(PM),남,21-30세,경상,보행자,남,65세 이상,중상,2020.xlsx
2020126842,2020-08,2020,8,관악구,주간,중상사고,차대차 - 기타,차대차,기타,교차로운행방법위반,건조,맑음,교차로 - 교차로부근,교차로,교차로부근,0,1,0,0,1,1,1,N,Y,피해,화물,남,51-60세,상해없음,개인형이동수단(PM),남,31-40세,중상,2020.xlsx
2020131411,2020-08,2020,8,관악구,주간,경상사고,차대사람 - 보도통행중,차대사람,보도통행중,기타,건조,흐림,기타 - 기타,기타,기타,0,0,1,0,1,1,0,Y,N,가해,개인형이동수단(PM),남,21-30세,상해없음,보행자,남,41-50세,경상,2020.xlsx
2020131473,2020-08,2020,8,관악구,주간,경상사고,차대차 - 충돌,차대차,충돌,안전운전불이행,건조,맑음,교차로 - 교차로안,교차로,교차로안,0,0,1,0,1,1,0,Y,N,가해,개인형이동수단(PM),남,21-30세,경상,화물,남,65세 이상,상해없음,2020.xlsx
2020134051,2020-08,2020,8,관악구,야간,경상사고,차대사람 - 기타,차대사람,기타,안전운전불이행,건조,맑음,단일로 - 기타,단일로,기타,0,0,1,0,1,1,0,Y,N,가해,개인형이동수단(PM),남,20세 이하,상해없음,보행자,남,61-64세,경상,2020.xlsx
2020126256,2020-08,2020,8,광진구,주간,경상사고,차대차 - 충돌,차대차,충돌,신호위반,건조,맑음,교차로 - 교차로안,교차로,교차로안,0,0,1,0,1,1,0,N,Y,피해,이륜,남,20세 이하,상해없음,개인형이동수단(PM),여,21-30세,경상,2020.xlsx
2020127136,2020-08,2020,8,광진구,야간,경상사고,차대차 - 기타,차대차,기타,신호위반,기타,맑음,교차로 - 교차로안,교차로,교차로안,0,0,1,0,1,1,0,Y,N,가해,개인형이동수단(PM),여,21-30세,상해없음,이륜,남,31-40세,경상,2020.xlsx
2020131410,2020-08,2020,8,광진구,주간,경상사고,차대사람 - 기타,차대사람,기타,안전운전불이행,건조,맑음,단일로 - 기타,단일로,기타,0,0,1,0,1,1,0,Y,N,가해,개인형이동수단(PM),여,21-30세,상해없음,보행자,여,65세 이상,경상,2020.xlsx
2020132754,2020-08,2020,8,금천구,주간,경상사고,차대차 - 기타,차대차,기타,신호위반,건조,맑음,교차로 - 교차로안,교차로,교차로안,0,0,3,0,3,3,0,Y,N,가해,개인형이동수단(PM),남,20세 이하,경상,승용,여,31-40세,경상,2020.xlsx
2020137429,2020-08,2020,8,금천구,야간,중상사고,차대차 - 기타,차대차,기타,안전거리미확보,건조,맑음,교차로 - 교차로부근,교차로,교차로부근,0,1,0,0,1,1,1,N,Y,피해,화물,남,31-40세,상해없음,개인형이동수단(PM),여,21-30세,중상,2020.xlsx
2020129259,2020-08,2020,8,노원구,야간,중상사고,차대차 - 충돌,차대차,충돌,중앙선침범,건조,맑음,교차로 - 교차로안,교차로,교차로안,0,1,0,0,1,1,1,Y,N,가해,개인형이동수단(PM),남,41-50세,중상,승용,여,41-50세,상해없음,2020.xlsx
2020130491,2020-08,2020,8,동대문구,주간,경상사고,차대차 - 충돌,차대차,충돌,안전운전불이행,건조,맑음,교차로 - 교차로안,교차로,교차로안,0,0,1,0,1,1,0,Y,N,가해,개인형이동수단(PM),남,31-40세,경상,이륜,남,41-50세,상해없음,2020.xlsx
2020131090,2020-08,2020,8,동대문구,주간,중상사고,차대차 - 충돌,차대차,충돌,안전거리미확보,건조,맑음,단일로 - 기타,단일로,기타,0,1,0,0,1,1,1,N,Y,피해,승용,남,65세 이상,상해없음,개인형이동수단(PM),남,21-30세,중상,2020.xlsx
2020136197,2020-08,2020,8,동대문구,주간,경상사고,차대차 - 충돌,차대차,충돌,신호위반,젖음/습기,비,교차로 - 교차로안,교차로,교차로안,0,0,1,0,1,1,0,Y,N,가해,개인형이동수단(PM),여,21-30세,경상,승용,남,31-40세,상해없음,2020.xlsx
2020120643,2020-08,2020,8,동작구,주간,경상사고,차대차 - 기타,차대차,기타,안전운전불이행,젖음/습기,흐림,교차로 - 교차로횡단보도내,교차로,교차로횡단보도내,0,0,1,0,1,1,0,Y,N,가해,개인형이동수단(PM),남,21-30세,경상,승용,여,65세 이상,상해없음,2020.xlsx
2020131920,2020-08,2020,8,동작구,야간,부상신고사고,차대차 - 충돌,차대차,충돌,기타,건조,맑음,단일로 - 기타,단일로,기타,0,0,0,1,1,1,0,Y,N,가해,개인형이동수단(PM),남,31-40세,부상신고,승용,남,51-60세,상해없음,2020.xlsx
2020123504,2020-08,2020,8,마포구,주간,경상사고,차대차 - 기타,차대차,기타,안전운전불이행,건조,맑음,단일로 - 기타,단일로,기타,0,0,1,0,1,1,0,Y,Y,가해+피해,개인형이동수단(PM),남,21-30세,기타불명,개인형이동수단(PM),남,13-20세,경상,2020.xlsx
2020124055,2020-08,2020,8,마포구,주간,경상사고,차대사람 - 기타,차대사람,기타,안전운전불이행,건조,흐림,기타 - 기타,기타,기타,0,0,1,0,1,1,0,Y,N,가해,개인형이동수단(PM),남,20세 이하,상해없음,보행자,여,21-30세,경상,2020.xlsx
2020126495,2020-08,2020,8,마포구,야간,중상사고,차대차 - 기타,차대차,기타,교차로운행방법위반,건조,맑음,교차로 - 교차로안,교차로,교차로안,0,1,0,0,1,1,1,N,Y,피해,승용,남,31-40세,상해없음,개인형이동수단(PM),여,21-30세,중상,2020.xlsx
2020128245,2020-08,2020,8,마포구,야간,중상사고,차량단독 - 기타,차량단독,기타,안전운전불이행,건조,맑음,교차로 - 교차로안,교차로,교차로안,0,1,0,0,1,1,1,Y,N,가해,개인형이동수단(PM),남,31-40세,중상,,,,,2020.xlsx
2020130747,2020-08,2020,8,마포구,야간,경상사고,차대사람 - 기타,차대사람,기타,안전운전불이행,건조,맑음,기타 - 기타,기타,기타,0,0,1,0,1,1,0,Y,N,가해,개인형이동수단(PM),남,20세 이하,상해없음,보행자,남,13-20세,경상,2020.xlsx
2020133965,2020-08,2020,8,마포구,주간,중상사고,차대사람 - 기타,차대사람,기타,안전운전불이행,기타,맑음,기타 - 기타,기타,기타,0,1,0,0,1,1,1,Y,N,가해,개인형이동수단(PM),여,21-30세,상해없음,보행자,여,65세 이상,중상,2020.xlsx
2020124357,2020-08,2020,8,서초구,야간,부상신고사고,차량단독 - 기타,차량단독,기타,안전운전불이행,젖음/습기,흐림,교차로 - 교차로부근,교차로,교차로부근,0,0,0,1,1,1,0,Y,N,가해,개인형이동수단(PM),남,21-30세,부상신고,,,,,2020.xlsx
2020127022,2020-08,2020,8,서초구,야간,경상사고,차대사람 - 보도통행중,차대사람,보도통행중,기타,건조,맑음,기타 - 기타,기타,기타,0,0,1,0,1,1,0,Y,N,가해,개인형이동수단(PM),남,21-30세,상해없음,보행자,여,31-40세,경상,2020.xlsx
2020128276,2020-08,2020,8,서초구,야간,경상사고,차대차 - 기타,차대차,기타,신호위반,젖음/습기,흐림,단일로 - 기타,단일로,기타,0,0,1,0,1,1,0,N,Y,피해,승용,남,21-30세,상해없음,개인형이동수단(PM),남,31-40세,경상,2020.xlsx
2020137469,2020-08,2020,8,서초구,야간,중상사고,차대차 - 기타,차대차,기타,안전운전불이행,건조,맑음,단일로 - 기타,단일로,기타,0,1,0,0,1,1,1,Y,N,가해,개인형이동수단(PM),남,65세 이상,중상,승합,여,51-60세,상해없음,2020.xlsx
2020121349,2020-08,2020,8,성북구,야간,경상사고,차대차 - 기타,차대차,기타,기타,젖음/습기,비,교차로 - 교차로횡단보도내,교차로,교차로횡단보도내,0,0,1,0,1,1,0,Y,N,가해,개인형이동수단(PM),여,41-50세,경상,화물,남,51-60세,상해없음,2020.xlsx
2020126293,2020-08,2020,8,성북구,주간,중상사고,차대사람 - 보도통행중,차대사람,보도통행중,기타,건조,맑음,단일로 - 기타,단일로,기타,0,1,0,0,1,1,1,Y,N,가해,개인형이동수단(PM),남,20세 이하,상해없음,보행자,남,41-50세,중상,2020.xlsx
2020126065,2020-08,2020,8,송파구,주간,부상신고사고,차대사람 - 횡단중,차대사람,횡단중,기타,건조,맑음,기타 - 기타,기타,기타,0,0,0,1,1,1,0,Y,N,가해,개인형이동수단(PM),남,21-30세,상해없음,보행자,여,12세 이하,부상신고,2020.xlsx
2020129832,2020-08,2020,8,송파구,주간,경상사고,차대차 - 충돌,차대차,충돌,기타,건조,맑음,교차로 - 교차로안,교차로,교차로안,0,0,1,0,1,1,0,N,Y,피해,승용,남,61-64세,상해없음,개인형이동수단(PM),여,13-20세,경상,2020.xlsx
2020130704,2020-08,2020,8,송파구,야간,경상사고,차량단독 - 기타,차량단독,기타,안전운전불이행,건조,맑음,단일로 - 기타,단일로,기타,0,0,1,0,1,1,0,Y,N,가해,개인형이동수단(PM),남,21-30세,경상,,,,,2020.xlsx
2020135371,2020-08,2020,8,송파구,야간,중상사고,차대차 - 충돌,차대차,충돌,안전운전불이행,건조,맑음,교차로 - 교차로안,교차로,교차로안,0,1,0,0,1,1,1,N,Y,피해,승용,남,31-40세,상해없음,개인형이동수단(PM),여,21-30세,중상,2020.xlsx
2020137467,2020-08,2020,8,송파구,야간,경상사고,차대차 - 기타,차대차,기타,안전운전불이행,건조,맑음,교차로 - 교차로횡단보도내,교차로,교차로횡단보도내,0,0,1,0,1,1,0,N,Y,피해,기타불명,기타불명,기타불명,기타불명,개인형이동수단(PM),남,21-30세,경상,2020.xlsx
2020123069,2020-08,2020,8,영등포구,야간,경상사고,차대차 - 충돌,차대차,충돌,안전운전불이행,건조,맑음,교차로 - 교차로횡단보도내,교차로,교차로횡단보도내,0,0,1,0,1,1,0,N,Y,피해,승용,남,61-64세,상해없음,개인형이동수단(PM),남,31-40세,경상,2020.xlsx