사고ID,연월,연도,월,자치구,주야,사고내용,사고유형,사고유형_대분류,사고유형_소분류,법규위반,노면상태,기상상태,도로형태,도로형태_대분류,도로형태_소분류,사망자수,중상자수,경상자수,부상신고자수,총부상자수,총사상자수,중상이상자수,PM_가해여부,PM_피해여부,PM_역할,가해운전자_차종,가해운전자_성별,가해운전자_연령대,가해운전자_상해정도,피해운전자_차종,피해운전자_성별,피해운전자_연령대,피해운전자_상해정도,원본파일
2020127752,2020-08,2020,8,영등포구,야간,경상사고,차대사람 - 보도통행중,차대사람,보도통행중,기타,건조,맑음,기타 - 기타,기타,기타,0,0,1,0,1,1,0,Y,N,가해,개인형이동수단(PM),남,21-30세,상해없음,보행자,남,41-50세,경상,2020.xlsx
2020129890,2020-08,2020,8,영등포구,야간,경상사고,차대차 - 기타,차대차,기타,안전운전불이행,건조,맑음,단일로 - 기타,단일로,기타,0,0,1,1,2,2,0,Y,N,가해,개인형이동수단(PM),남,21-30세,부상신고,자전거,여,21-30세,경상,2020.xlsx
2020130063,2020-08,2020,8,영등포구,야간,경상사고,차대사람 - 기타,차대사람,기타,기타,건조,맑음,기타 - 기타,기타,기타,0,0,1,0,1,1,0,Y,N,가해,개인형이동수단(PM),남,21-30세,상해없음,보행자,여,41-50세,경상,2020.xlsx
2020136236,2020-08,2020,8,은평구,주간,중상사고,차대사람 - 기타,차대사람,기타,신호위반,건조,맑음,교차로 - 교차로부근,교차로,교차로부근,0,1,0,0,1,1,1,Y,N,가해,개인형이동수단(PM),남,21-30세,상해없음,보행자,남,65세 이상,중상,2020.xlsx
2020129132,2020-08,2020,8,중랑구,주간,경상사고,차대차 - 기타,차대차,기타,안전운전불이행,건조,맑음,교차로 - 교차로안,교차로,교차로안,0,0,1,0,1,1,0,N,Y,피해,승용,남,51-60세,상해없음,개인형이동수단(PM),여,41-50세,경상,2020.xlsx
2020135202,2020-08,2020,8,중랑구,야간,경상사고,차대차 - 기타,차대차,기타,안전운전불이행,건조,기타,단일로 - 기타,단일로,기타,0,0,1,0,1,1,0,N,Y,피해,승용,남,31-40세,상해없음,개인형이동수단(PM),남,41-50세,경상,2020.xlsx
2020139487,2020-09,2020,9,강남구,주간,경상사고,차대차 - 충돌,차대차,충돌,안전운전불이행,건조,맑음,교차로 - 교차로횡단보도내,교차로,교차로횡단보도내,0,0,1,0,1,1,0,N,Y,피해,승용,남,61-64세,상해없음,개인형이동수단(PM),남,13-20세,경상,2020.xlsx
2020142709,2020-09,2020,9,강남구,주간,중상사고,차대사람 - 보도통행중,차대사람,보도통행중,기타,건조,맑음,기타 - 기타,기타,기타,0,1,0,0,1,1,1,Y,N,가해,개인형이동수단(PM),여,31-40세,상해없음,보행자,남,65세 이상,중상,2020.xlsx
2020142766,2020-09,2020,9,강남구,야간,부상신고사고,차대사람 - 기타,차대사람,기타,기타,건조,맑음,단일로 - 기타,단일로,기타,0,0,0,1,1,1,0,Y,N,가해,개인형이동수단(PM),여,20세 이하,상해없음,보행자,여,21-30세,부상신고,2020.xlsx
2020143453,2020-09,2020,9,강남구,야간,중상사고,차대차 - 기타,차대차,기타,안전운전불이행,젖음/습기,비,교차로 - 교차로횡단보도내,교차로,교차로횡단보도내,0,1,1,0,2,2,1,Y,N,가해,개인형이동수단(PM),남,20세 이하,경상,자전거,여,41-50세,중상,2020.xlsx
2020145297,2020-09,2020,9,강남구,야간,중상사고,차대차 - 충돌,차대차,충돌,안전운전불이행,건조,기타,교차로 - 교차로안,교차로,교차로안,0,1,0,0,1,1,1,Y,N,가해,개인형이동수단(PM),여,21-30세,상해없음,이륜,남,21-30세,중상,2020.xlsx
2020147240,2020-09,2020,9,강남구,주간,중상사고,차대차 - 기타,차대차,기타,안전운전불이행,건조,맑음,단일로 - 기타,단일로,기타,0,1,1,0,2,2,1,N,Y,피해,자전거,남,20세 이하,중상,개인형이동수단(PM),여,31-40세,경상,2020.xlsx
2020147783,2020-09,2020,9,강남구,주간,경상사고,차대차 - 기타,차대차,기타,안전운전불이행,건조,맑음,단일로 - 기타,단일로,기타,0,0,1,0,1,1,0,N,Y,피해,건설기계,남,51-60세,상해없음,개인형이동수단(PM),남,21-30세,경상,2020.xlsx
2020147992,2020-09,2020,9,강남구,주간,경상사고,차대차 - 기타,차대차,기타,기타,건조,맑음,교차로 - 교차로횡단보도내,교차로,교차로횡단보도내,0,0,1,0,1,1,0,Y,N,가해,개인형이동수단(PM),남,41-50세,경상,승용,여,41-50세,상해없음,2020.xlsx
2020148215,2020-09,2020,9,강남구,야간,경상사고,차대차 - 충돌,차대차,충돌,안전운전불이행,건조,맑음,기타 - 기타,기타,기타,0,0,1,0,1,1,0,N,Y,피해,승용,남,51-60세,상해없음,개인형이동수단(PM),여,21-30세,경상,2020.xlsx
2020148356,2020-09,2020,9,강남구,야간,경상사고,차대사람 - 길가장자리구역통행중,차대사람,길가장자리구역통행중,기타,건조,흐림,단일로 - 기타,단일로,기타,0,0,1,0,1,1,0,Y,N,가해,개인형이동수단(PM),남,21-30세,상해없음,보행자,남,21-30세,경상,2020.xlsx
2020148730,2020-09,2020,9,강남구,주간,경상사고,차대차 - 기타,차대차,기타,안전운전불이행,건조,맑음,단일로 - 기타,단일로,기타,0,0,1,0,1,1,0,Y,N,가해,개인형이동수단(PM),남,20세 이하,경상,승용,남,31-40세,상해없음,2020.xlsx
2020149991,2020-09,2020,9,강남구,주간,경상사고,차대사람 - 기타,차대사람,기타,기타,건조,맑음,단일로 - 기타,단일로,기타,0,0,1,0,1,1,0,Y,N,가해,개인형이동수단(PM),남,21-30세,상해없음,보행자,남,65세 이상,경상,2020.xlsx
2020150169,2020-09,2020,9,강남구,야간,부상신고사고,차대차 - 기타,차대차,기타,안전운전불이행,건조,맑음,단일로 - 기타,단일로,기타,0,0,0,1,1,1,0,N,Y,피해,자전거,여,20세 이하,부상신고,개인형이동수단(PM),남,31-40세,상해없음,2020.xlsx
2020150333,2020-09,2020,9,강남구,주간,중상사고,차량단독 - 기타,차량단독,기타,안전운전불이행,건조,맑음,단일로 - 기타,단일로,기타,0,1,0,0,1,1,1,Y,N,가해,개인형이동수단(PM),여,21-30세,중상,,,,,2020.xlsx
2020151142,2020-09,2020,9,강남구,주간,경상사고,차대차 - 기타,차대차,기타,안전운전불이행,건조,맑음,교차로 - 교차로안,교차로,교차로안,0,0,1,0,1,1,0,N,Y,피해,승용,남,51-60세,상해없음,개인형이동수단(PM),여,21-30세,경상,2020.xlsx
2020154345,2020-09,2020,9,강남구,야간,경상사고,차대차 - 기타,차대차,기타,교차로운행방법위반,건조,맑음,교차로 - 교차로횡단보도내,교차로,교차로횡단보도내,0,0,2,0,2,2,0,Y,N,가해,개인형이동수단(PM),남,41-50세,경상,이륜,남,41-50세,경상,2020.xlsx
2020154450,2020-09,2020,9,강남구,주간,중상사고,차대차 - 추돌,차대차,추돌,안전운전불이행,건조,맑음,기타 - 기타,기타,기타,0,1,0,0,1,1,1,Y,N,가해,개인형이동수단(PM),남,21-30세,중상,승용,남,51-60세,상해없음,2020.xlsx
2020139734,2020-09,2020,9,강동구,야간,중상사고,차대차 - 충돌,차대차,충돌,안전운전불이행,건조,맑음,단일로 - 기타,단일로,기타,0,1,0,0,1,1,1,Y,N,가해,개인형이동수단(PM),남,21-30세,상해없음,승용,남,21-30세,상해없음,2020.xlsx
2020146422,2020-09,2020,9,강동구,야간,중상사고,차대차 - 충돌,차대차,충돌,안전운전불이행,건조,맑음,교차로 - 교차로안,교차로,교차로안,0,1,0,0,1,1,1,N,Y,피해,승용,여,41-50세,상해없음,개인형이동수단(PM),남,41-50세,중상,2020.xlsx
2020148208,2020-09,2020,9,강북구,야간,경상사고,차대차 - 기타,차대차,기타,기타,건조,맑음,교차로 - 교차로안,교차로,교차로안,0,0,1,0,1,1,0,N,Y,피해,자전거,남,65세 이상,경상,개인형이동수단(PM),남,21-30세,상해없음,2020.xlsx
2020144189,2020-09,2020,9,관악구,야간,경상사고,차대사람 - 보도통행중,차대사람,보도통행중,기타,건조,맑음,단일로 - 기타,단일로,기타,0,0,1,0,1,1,0,Y,N,가해,개인형이동수단(PM),여,21-30세,상해없음,보행자,남,21-30세,경상,2020.xlsx
2020144689,2020-09,2020,9,관악구,야간,경상사고,차대차 - 충돌,차대차,충돌,중앙선침범,건조,기타,기타 - 기타,기타,기타,0,0,1,0,1,1,0,Y,N,가해,개인형이동수단(PM),남,21-30세,기타불명,이륜,남,21-30세,경상,2020.xlsx
2020149570,2020-09,2020,9,관악구,야간,경상사고,차대사람 - 보도통행중,차대사람,보도통행중,기타,건조,기타,기타 - 기타,기타,기타,0,0,1,0,1,1,0,Y,N,가해,개인형이동수단(PM),남,21-30세,상해없음,보행자,남,21-30세,경상,2020.xlsx
2020151603,2020-09,2020,9,관악구,야간,경상사고,차대차 - 충돌,차대차,충돌,안전운전불이행,건조,맑음,교차로 - 교차로부근,교차로,교차로부근,0,0,1,0,1,1,0,Y,N,가해,개인형이동수단(PM),남,21-30세,경상,승용,여,21-30세,기타불명,2020.xlsx
2020141834,2020-09,2020,9,광진구,야간,중상사고,차량단독 - 전도전복,차량단독,전도전복,안전운전불이행,건조,맑음,단일로 - 기타,단일로,기타,0,1,0,0,1,1,1,Y,N,가해,개인형이동수단(PM),남,20세 이하,중상,,,,,2020.xlsx
2020145991,2020-09,2020,9,광진구,주간,중상사고,차대차 - 충돌,차대차,충돌,기타,건조,맑음,교차로 - 교차로안,교차로,교차로안,0,1,0,0,1,1,1,Y,N,가해,개인형이동수단(PM),남,31-40세,중상,승용,남,31-40세,상해없음,2020.xlsx
2020150343,2020-09,2020,9,광진구,주간,경상사고,차대사람 - 횡단중,차대사람,횡단중,안전운전불이행,건조,맑음,단일로 - 기타,단일로,기타,0,0,1,0,1,1,0,Y,N,가해,개인형이동수단(PM),남,21-30세,상해없음,보행자,여,51-60세,경상,2020.xlsx
2020153078,2020-09,2020,9,광진구,주간,경상사고,차대사람 - 횡단중,차대사람,횡단중,안전운전불이행,건조,맑음,교차로 - 교차로안,교차로,교차로안,0,0,1,0,1,1,0,Y,N,가해,개인형이동수단(PM),남,21-30세,상해없음,보행자,여,21-30세,경상,2020.xlsx
2020150731,2020-09,2020,9,구로구,야간,경상사고,차대사람 - 기타,차대사람,기타,안전운전불이행,건조,맑음,기타 - 기타,기타,기타,0,0,1,0,1,1,0,Y,N,가해,개인형이동수단(PM),여,21-30세,상해없음,보행자,여,21-30세,경상,2020.xlsx
2020142945,2020-09,2020,9,노원구,야간,부상신고사고,차대차 - 충돌,차대차,충돌,안전운전불이행,건조,맑음,단일로 - 기타,단일로,기타,0,0,0,1,1,1,0,N,Y,피해,자전거,남,51-60세,부상신고,개인형이동수단(PM),남,31-40세,상해없음,2020.xlsx
2020150211,2020-09,2020,9,노원구,야간,중상사고,차대차 - 기타,차대차,기타,안전운전불이행,건조,맑음,단일로 - 기타,단일로,기타,0,1,0,0,1,1,1,Y,N,가해,개인형이동수단(PM),남,41-50세,중상,자전거,남,51-60세,상해없음,2020.xlsx
2020140194,2020-09,2020,9,동대문구,야간,경상사고,차대차 - 기타,차대차,기타,신호위반,건조,맑음,단일로 - 기타,단일로,기타,0,0,1,0,1,1,0,N,Y,피해,이륜,남,20세 이하,상해없음,개인형이동수단(PM),남,21-30세,경상,2020.xlsx
2020142507,2020-09,2020,9,동대문구,주간,경상사고,차대차 - 충돌,차대차,충돌,안전거리미확보,건조,맑음,교차로 - 교차로부근,교차로,교차로부근,0,0,1,0,1,1,0,Y,N,가해,개인형이동수단(PM),남,65세 이상,경상,화물,남,31-40세,상해없음,2020.xlsx
2020154326,2020-09,2020,9,동대문구,야간,경상사고,차대차 - 충돌,차대차,충돌,기타,건조,흐림,단일로 - 기타,단일로,기타,0,0,1,0,1,1,0,N,Y,피해,승용,남,21-30세,상해없음,개인형이동수단(PM),남,41-50세,경상,2020.xlsx
2020155134,2020-09,2020,9,동대문구,야간,중상사고,차대차 - 기타,차대차,기타,안전운전불이행,건조,맑음,기타 - 기타,기타,기타,0,1,0,0,1,1,1,N,Y,피해,이륜,남,31-40세,상해없음,개인형이동수단(PM),남,21-30세,중상,2020.xlsx
2020143121,2020-09,2020,9,동작구,주간,경상사고,차대사람 - 횡단중,차대사람,횡단중,안전운전불이행,건조,맑음,기타 - 기타,기타,기타,0,0,1,0,1,1,0,Y,N,가해,개인형이동수단(PM),남,21-30세,상해없음,보행자,남,21-30세,경상,2020.xlsx
2020152227,2020-09,2020,9,동작구,야간,경상사고,차대사람 - 보도통행중,차대사람,보도통행중,기타,건조,맑음,기타 - 기타,기타,기타,0,0,1,0,1,1,0,Y,N,가해,개인형이동수단(PM),남,20세 이하,상해없음,보행자,여,65세 이상,경상,2020.xlsx
2020152286,2020-09,2020,9,동작구,야간,경상사고,차대차 - 충돌,차대차,충돌,중앙선침범,건조,맑음,교차로 - 교차로안,교차로,교차로안,0,0,1,0,1,1,0,Y,N,가해,개인형이동수단(PM),남,21-30세,경상,승합,남,31-40세,상해없음,2020.xlsx
2020139714,2020-09,2020,9,마포구,야간,경상사고,차대차 - 충돌,차대차,충돌,신호위반,건조,맑음,교차로 - 교차로안,교차로,교차로안,0,0,2,0,2,2,0,N,Y,피해,이륜,남,21-30세,상해없음,개인형이동수단(PM),남,31-40세,경상,2020.xlsx
2020140027,2020-09,2020,9,마포구,주간,부상신고사고,차대사람 - 횡단중,차대사람,횡단중,보행자보호의무위반,건조,맑음,교차로 - 교차로횡단보도내,교차로,교차로횡단보도내,0,0,0,1,1,1,0,Y,N,가해,개인형이동수단(PM),남,21-30세,상해없음,보행자,여,21-30세,부상신고,2020.xlsx
2020141805,2020-09,2020,9,마포구,야간,중상사고,차대차 - 충돌,차대차,충돌,안전운전불이행,건조,맑음,기타 - 기타,기타,기타,0,1,1,0,2,2,1,N,Y,피해,이륜,남,31-40세,경상,개인형이동수단(PM),여,21-30세,중상,2020.xlsx
2020141855,2020-09,2020,9,마포구,야간,중상사고,차대차 - 기타,차대차,기타,신호위반,젖음/습기,비,교차로 - 교차로안,교차로,교차로안,0,1,0,0,1,1,1,N,Y,피해,화물,남,41-50세,상해없음,개인형이동수단(PM),남,21-30세,중상,2020.xlsx
2020141934,2020-09,2020,9,마포구,주간,경상사고,차대차 - 충돌,차대차,충돌,기타,건조,맑음,기타 - 기타,기타,기타,0,0,2,0,2,2,0,Y,N,가해,개인형이동수단(PM),남,21-30세,경상,이륜,남,21-30세,경상,2020.xlsx
2020145204,2020-09,2020,9,마포구,야간,경상사고,차대차 - 충돌,차대차,충돌,교차로운행방법위반,건조,맑음,교차로 - 교차로안,교차로,교차로안,0,0,1,0,1,1,0,N,Y,피해,승용,남,51-60세,상해없음,개인형이동수단(PM),남,31-40세,경상,2020.xlsx
2020145478,2020-09,2020,9,마포구,주간,중상사고,차대차 - 충돌,차대차,충돌,기타,건조,맑음,단일로 - 기타,단일로,기타,0,1,0,0,1,1,1,N,Y,피해,승용,남,31-40세,상해없음,개인형이동수단(PM),남,31-40세,중상,2020.xlsx
2020146388,2020-09,2020,9,마포구,야간,중상사고,차대사람 - 기타,차대사람,기타,안전운전불이행,건조,맑음,교차로 - 교차로부근,교차로,교차로부근,0,1,0,0,1,1,1,Y,N,가해,개인형이동수단(PM),남,21-30세,상해없음,보행자,여,13-20세,중상,2020.xlsx
2020148341,2020-09,2020,9,마포구,야간,경상사고,차대사람 - 보도통행중,차대사람,보도통행중,안전운전불이행,기타,맑음,단일로 - 기타,단일로,기타,0,0,1,0,1,1,0,Y,N,가해,개인형이동수단(PM),남,21-30세,상해없음,보행자,남,51-60세,경상,2020.xlsx
2020150161,2020-09,2020,9,마포구,야간,경상사고,차대사람 - 기타,차대사람,기타,안전운전불이행,건조,맑음,단일로 - 기타,단일로,기타,0,0,1,0,1,1,0,Y,N,가해,개인형이동수단(PM),남,21-30세,상해없음,보행자,여,65세 이상,경상,2020.xlsx
2020151278,2020-09,2020,9,마포구,주간,중상사고,차대차 - 기타,차대차,기타,안전운전불이행,건조,맑음,교차로 - 교차로안,교차로,교차로안,0,1,0,0,1,1,1,N,Y,피해,승용,여,41-50세,기타불명,개인형이동수단(PM),남,41-50세,중상,2020.xlsx
2020153566,2020-09,2020,9,마포구,주간,중상사고,차대사람 - 기타,차대사람,기타,기타,건조,맑음,단일로 - 기타,단일로,기타,0,1,0,0,1,1,1,Y,N,가해,개인형이동수단(PM),남,21-30세,상해없음,보행자,여,31-40세,중상,2020.xlsx
2020155136,2020-09,2020,9,마포구,야간,중상사고,차대사람 - 기타,차대사람,기타,신호위반,건조,맑음,단일로 - 기타,단일로,기타,0,1,0,0,1,1,1,Y,N,가해,개인형이동수단(PM),남,31-40세,상해없음,보행자,여,41-50세,중상,2020.xlsx
2020142213,2020-09,2020,9,서대문구,야간,경상사고,차대사람 - 기타,차대사람,기타,기타,건조,맑음,단일로 - 기타,단일로,기타,0,0,1,0,1,1,0,Y,N,가해,개인형이동수단(PM),여,20세 이하,상해없음,보행자,남,21-30세,경상,2020.xlsx
2020145518,2020-09,2020,9,서초구,주간,경상사고,차대사람 - 보도통행중,차대사람,보도통행중,기타,건조,맑음,단일로 - 기타,단일로,기타,0,0,1,0,1,1,0,Y,N,가해,개인형이동수단(PM),여,20세 이하,상해없음,보행자,여,65세 이상,경상,2020.xlsx
2020146467,2020-09,2020,9,서초구,주간,경상사고,차대사람 - 보도통행중,차대사람,보도통행중,기타,건조,맑음,기타 - 기타,기타,기타,0,0,1,0,1,1,0,Y,N,가해,개인형이동수단(PM),여,21-30세,상해없음,보행자,여,41-50세,경상,2020.xlsx
2020151371,2020-09,2020,9,서초구,야간,경상사고,차대사람 - 기타,차대사람,기타,안전운전불이행,건조,맑음,단일로 - 기타,단일로,기타,0,0,1,0,1,1,0,Y,N,가해,개인형이동수단(PM),남,21-30세,상해없음,보행자,남,31-40세,경상,2020.xlsx
2020152827,2020-09,2020,9,서초구,야간,경상사고,차대사람 - 기타,차대사람,기타,안전운전불이행,건조,맑음,교차로 - 교차로횡단보도내,교차로,교차로횡단보도내,0,0,1,0,1,1,0,Y,N,가해,개인형이동수단(PM),남,51-60세,상해없음,보행자,여,41-50세,경상,2020.xlsx
2020153066,2020-09,2020,9,서초구,야간,중상사고,차량단독 - 전도전복,차량단독,전도전복,안전운전불이행,건조,맑음,단일로 - 기타,단일로,기타,0,1,0,0,1,1,1,Y,N,가해,개인형이동수단(PM),남,21-30세,중상,,,,,2020.xlsx
2020153067,2020-09,2020,9,서초구,야간,중상사고,차대사람 - 기타,차대사람,기타,안전운전불이행,건조,맑음,기타 - 기타,기타,기타,0,1,0,0,1,1,1,Y,N,가해,개인형이동수단(PM),남,21-30세,중상,보행자,남,21-30세,상해없음,2020.xlsx
2020137839,2020-09,2020,9,성동구,주간,부상신고사고,차대사람 - 보도통행중,차대사람,보도통행중,기타,건조,맑음,단일로 - 기타,단일로,기타,0,0,0,1,1,1,0,Y,N,가해,개인형이동수단(PM),기타불명,기타불명,기타불명,보행자,남,31-40세,부상신고,2020.xlsx
2020147645,2020-09,2020,9,성동구,야간,경상사고,차대차 - 충돌,차대차,충돌,기타,건조,맑음,단일로 - 기타,단일로,기타,0,0,1,0,1,1,0,Y,N,가해,개인형이동수단(PM),여,21-30세,경상,승용,남,41-50세,상해없음,2020.xlsx
2020148042,2020-09,2020,9,성동구,주간,경상사고,차대사람 - 보도통행중,차대사람,보도통행중,기타,건조,맑음,단일로 - 기타,단일로,기타,0,0,1,0,1,1,0,Y,N,가해,개인형이동수단(PM),남,21-30세,상해없음,보행자,남,21-30세,경상,2020.xlsx
2020150163,2020-09,2020,9,성동구,야간,경상사고,차대차 - 충돌,차대차,충돌,교차로운행방법위반,건조,맑음,교차로 - 교차로안,교차로,교차로안,0,0,1,0,1,1,0,N,Y,피해,화물,남,51-60세,상해없음,개인형이동수단(PM),남,13-20세,경상,2020.xlsx
2020145588,2020-09,2020,9,성북구,주간,경상사고,차대차 - 충돌,차대차,충돌,안전운전불이행,건조,맑음,단일로 - 기타,단일로,기타,0,0,1,0,1,1,0,N,Y,피해,승용,남,31-40세,상해없음,개인형이동수단(PM),남,31-40세,경상,2020.xlsx
2020145480,2020-09,2020,9,송파구,주간,경상사고,차대차 - 충돌,차대차,충돌,안전운전불이행,건조,맑음,교차로 - 교차로안,교차로,교차로안,0,0,1,0,1,1,0,N,Y,피해,승용,남,41-50세,상해없음,개인형이동수단(PM),여,31-40세,경상,2020.xlsx
2020145897,2020-09,2020,9,송파구,주간,부상신고사고,차대차 - 충돌,차대차,충돌,안전운전불이행,건조,맑음,교차로 - 교차로안,교차로,교차로안,0,0,0,1,1,1,0,Y,N,가해,개인형이동수단(PM),남,21-30세,부상신고,승용,여,41-50세,상해없음,2020.xlsx
2020146936,2020-09,2020,9,양천구,야간,중상사고,차대차 - 기타,차대차,기타,안전운전불이행,건조,맑음,기타 - 기타,기타,기타,0,1,0,0,1,1,1,N,Y,피해,승용,남,61-64세,상해없음,개인형이동수단(PM),여,21-30세,중상,2020.xlsx
2020152007,2020-09,2020,9,양천구,주간,경상사고,차대사람 - 기타,차대사람,기타,안전운전불이행,건조,맑음,단일로 - 기타,단일로,기타,0,0,1,0,1,1,0,Y,N,가해,개인형이동수단(PM),남,21-30세,상해없음,보행자,남,41-50세,경상,2020.xlsx
2020154043,2020-09,2020,9,양천구,주간,경상사고,차대차 - 기타,차대차,기타,안전운전불이행,건조,맑음,기타 - 기타,기타,기타,0,0,1,0,1,1,0,Y,N,가해,개인형이동수단(PM),여,65세 이상,경상,승용,남,31-40세,상해없음,2020.xlsx
2020138876,2020-09,2020,9,영등포구,주간,중상사고,차대차 - 기타,차대차,기타,안전운전불이행,건조,맑음,단일로 - 기타,단일로,기타,0,1,0,0,1,1,1,N,Y,피해,승용,남,21-30세,상해없음,개인형이동수단(PM),남,31-40세,중상,2020.xlsx
2020151915,2020-09,2020,9,중랑구,주간,경상사고,차대차 - 충돌,차대차,충돌,기타,건조,맑음,교차로 - 교차로안,교차로,교차로안,0,0,1,0,1,1,0,N,Y,피해,승용,남,51-60세,상해없음,개인형이동수단(PM),남,31-40세,경상,2020.xlsx
2020158952,2020-10,2020,10,강남구,야간,중상사고,차대차 - 기타,차대차,기타,안전운전불이행,건조,맑음,교차로 - 교차로횡단보도내,교차로,교차로횡단보도내,0,1,0,0,1,1,1,N,Y,피해,승용,남,51-60세,상해없음,개인형이동수단(PM),남,31-40세,중상,2020.xlsx
2020159091,2020-10,2020,10,강남구,야간,경상사고,차대사람 - 기타,차대사람,기타,안전운전불이행,건조,맑음,단일로 - 기타,단일로,기타,0,0,1,0,1,1,0,Y,N,가해,개인형이동수단(PM),남,21-30세,기타불명,보행자,여,21-30세,경상,2020.xlsx
2020159108,2020-10,2020,10,강남구,야간,경상사고,차대사람 - 기타,차대사람,기타,안전운전불이행,건조,맑음,단일로 - 기타,단일로,기타,0,0,2,0,2,2,0,Y,N,가해,개인형이동수단(PM),여,31-40세,상해없음,보행자,여,21-30세,경상,2020.xlsx
2020159583,2020-10,2020,10,강남구,야간,경상사고,차대차 - 충돌,차대차,충돌,안전운전불이행,건조,맑음,단일로 - 기타,단일로,기타,0,0,1,0,1,1,0,Y,N,가해,개인형이동수단(PM),남,31-40세,경상,승용,남,51-60세,상해없음,2020.xlsx
2020159841,2020-10,2020,10,강남구,야간,중상사고,차대차 - 추돌,차대차,추돌,과속,건조,맑음,단일로 - 기타,단일로,기타,0,1,1,0,2,2,1,N,Y,피해,승용,남,51-60세,상해없음,개인형이동수단(PM),남,21-30세,중상,2020.xlsx
2020160267,2020-10,2020,10,강남구,야간,중상사고,차대차 - 기타,차대차,기타,신호위반,건조,맑음,단일로 - 기타,단일로,기타,0,1,0,0,1,1,1,N,Y,피해,승용,남,21-30세,상해없음,개인형이동수단(PM),남,31-40세,중상,2020.xlsx
2020160473,2020-10,2020,10,강남구,주간,경상사고,차대차 - 기타,차대차,기타,안전운전불이행,건조,맑음,단일로 - 기타,단일로,기타,0,0,1,0,1,1,0,Y,N,가해,개인형이동수단(PM),남,21-30세,상해없음,이륜,남,31-40세,경상,2020.xlsx
2020161984,2020-10,2020,10,강남구,야간,중상사고,차대차 - 기타,차대차,기타,안전운전불이행,건조,맑음,교차로 - 교차로부근,교차로,교차로부근,0,1,0,0,1,1,1,N,Y,피해,이륜,남,21-30세,상해없음,개인형이동수단(PM),남,41-50세,중상,2020.xlsx
2020164527,2020-10,2020,10,강남구,야간,경상사고,차대차 - 기타,차대차,기타,기타,건조,맑음,단일로 - 기타,단일로,기타,0,0,1,0,1,1,0,Y,N,가해,개인형이동수단(PM),남,21-30세,경상,승용,남,51-60세,상해없음,2020.xlsx
2020166032,2020-10,2020,10,강남구,주간,경상사고,차대차 - 기타,차대차,기타,안전운전불이행,건조,맑음,기타 - 기타,기타,기타,0,0,1,0,1,1,0,Y,N,가해,개인형이동수단(PM),여,61-64세,상해없음,자전거,남,13-20세,경상,2020.xlsx
2020167485,2020-10,2020,10,강남구,주간,경상사고,차대차 - 추돌,차대차,추돌,안전거리미확보,건조,맑음,기타 - 기타,기타,기타,0,0,1,1,2,2,0,Y,N,가해,개인형이동수단(PM),남,21-30세,부상신고,자전거,남,31-40세,경상,2020.xlsx
2020168886,2020-10,2020,10,강남구,주간,중상사고,차대사람 - 길가장자리구역통행중,차대사람,길가장자리구역통행중,안전운전불이행,건조,맑음,단일로 - 기타,단일로,기타,0,1,0,0,1,1,1,Y,N,가해,개인형이동수단(PM),남,41-50세,상해없음,보행자,남,41-50세,중상,2020.xlsx
2020171307,2020-10,2020,10,강남구,야간,경상사고,차대차 - 기타,차대차,기타,기타,건조,맑음,단일로 - 기타,단일로,기타,0,0,1,0,1,1,0,N,Y,피해,화물,남,41-50세,상해없음,개인형이동수단(PM),남,41-50세,경상,2020.xlsx
2020172357,2020-10,2020,10,강남구,주간,경상사고,차대차 - 기타,차대차,기타,신호위반,건조,맑음,교차로 - 교차로횡단보도내,교차로,교차로횡단보도내,0,0,1,0,1,1,0,N,Y,피해,이륜,남,41-50세,상해없음,개인형이동수단(PM),여,21-30세,경상,2020.xlsx
2020172741,2020-10,2020,10,강남구,야간,경상사고,차량단독 - 기타,차량단독,기타,안전운전불이행,건조,맑음,단일로 - 기타,단일로,기타,0,0,1,0,1,1,0,Y,N,가해,개인형이동수단(PM),여,21-30세,경상,,,,,2020.xlsx
2020174562,2020-10,2020,10,강남구,주간,경상사고,차대사람 - 보도통행중,차대사람,보도통행중,기타,건조,맑음,기타 - 기타,기타,기타,0,0,1,0,1,1,0,Y,N,가해,개인형이동수단(PM),남,31-40세,상해없음,보행자,여,12세 이하,경상,2020.xlsx
2020158421,2020-10,2020,10,강동구,야간,경상사고,차대차 - 충돌,차대차,충돌,안전운전불이행,건조,맑음,단일로 - 기타,단일로,기타,0,0,1,0,1,1,0,Y,N,가해,개인형이동수단(PM),남,20세 이하,상해없음,이륜,남,13-20세,경상,2020.xlsx