사고ID,연월,연도,월,자치구,주야,사고내용,사고유형,사고유형_대분류,사고유형_소분류,법규위반,노면상태,기상상태,도로형태,도로형태_대분류,도로형태_소분류,사망자수,중상자수,경상자수,부상신고자수,총부상자수,총사상자수,중상이상자수,PM_가해여부,PM_피해여부,PM_역할,가해운전자_차종,가해운전자_성별,가해운전자_연령대,가해운전자_상해정도,피해운전자_차종,피해운전자_성별,피해운전자_연령대,피해운전자_상해정도,원본파일
2020160945,2020-10,2020,10,강동구,야간,중상사고,차대차 - 충돌,차대차,충돌,신호위반,건조,맑음,교차로 - 교차로안,교차로,교차로안,0,1,0,0,1,1,1,N,Y,피해,승용,남,51-60세,상해없음,개인형이동수단(PM),남,21-30세,중상,2020.xlsx
2020161229,2020-10,2020,10,강동구,주간,경상사고,차대사람 - 기타,차대사람,기타,안전운전불이행,건조,맑음,단일로 - 기타,단일로,기타,0,0,1,0,1,1,0,Y,N,가해,개인형이동수단(PM),남,31-40세,상해없음,보행자,남,21-30세,경상,2020.xlsx
2020172421,2020-10,2020,10,강동구,주간,경상사고,차대사람 - 보도통행중,차대사람,보도통행중,기타,건조,맑음,단일로 - 기타,단일로,기타,0,0,1,0,1,1,0,Y,N,가해,개인형이동수단(PM),여,21-30세,상해없음,보행자,남,31-40세,경상,2020.xlsx
2020163965,2020-10,2020,10,강북구,야간,중상사고,차대차 - 기타,차대차,기타,안전운전불이행,건조,맑음,교차로 - 교차로부근,교차로,교차로부근,0,1,0,0,1,1,1,N,Y,피해,승용,남,51-60세,상해없음,개인형이동수단(PM),남,51-60세,중상,2020.xlsx
2020162696,2020-10,2020,10,강서구,야간,경상사고,차대차 - 충돌,차대차,충돌,안전운전불이행,건조,맑음,단일로 - 기타,단일로,기타,0,0,1,0,1,1,0,Y,N,가해,개인형이동수단(PM),남,31-40세,경상,승용,남,31-40세,상해없음,2020.xlsx
2020171379,2020-10,2020,10,강서구,야간,경상사고,차대차 - 충돌,차대차,충돌,안전운전불이행,건조,맑음,교차로 - 교차로안,교차로,교차로안,0,0,1,0,1,1,0,Y,N,가해,개인형이동수단(PM),남,31-40세,경상,승용,남,65세 이상,상해없음,2020.xlsx
2020172420,2020-10,2020,10,강서구,주간,중상사고,차대사람 - 횡단중,차대사람,횡단중,보행자보호의무위반,건조,맑음,교차로 - 교차로안,교차로,교차로안,0,1,0,0,1,1,1,Y,N,가해,개인형이동수단(PM),남,21-30세,상해없음,보행자,여,65세 이상,중상,2020.xlsx
2020156794,2020-10,2020,10,관악구,야간,경상사고,차대사람 - 보도통행중,차대사람,보도통행중,기타,건조,기타,기타 - 기타,기타,기타,0,0,2,0,2,2,0,Y,N,가해,개인형이동수단(PM),여,21-30세,경상,보행자,여,65세 이상,경상,2020.xlsx
2020158996,2020-10,2020,10,관악구,야간,경상사고,차대사람 - 기타,차대사람,기타,기타,기타,기타,기타 - 기타,기타,기타,0,0,1,0,1,1,0,Y,N,가해,개인형이동수단(PM),남,20세 이하,상해없음,보행자,여,21-30세,경상,2020.xlsx
2020162644,2020-10,2020,10,관악구,야간,경상사고,차대차 - 충돌,차대차,충돌,교차로운행방법위반,건조,흐림,교차로 - 교차로부근,교차로,교차로부근,0,0,1,0,1,1,0,N,Y,피해,승용,남,21-30세,상해없음,개인형이동수단(PM),여,41-50세,경상,2020.xlsx
2020165479,2020-10,2020,10,관악구,주간,경상사고,차대차 - 기타,차대차,기타,교차로운행방법위반,건조,맑음,교차로 - 교차로안,교차로,교차로안,0,0,1,0,1,1,0,Y,N,가해,개인형이동수단(PM),남,21-30세,경상,승용,남,61-64세,상해없음,2020.xlsx
2020168121,2020-10,2020,10,관악구,주간,경상사고,차대사람 - 횡단중,차대사람,횡단중,신호위반,건조,맑음,교차로 - 교차로횡단보도내,교차로,교차로횡단보도내,0,0,1,0,1,1,0,Y,N,가해,개인형이동수단(PM),남,21-30세,상해없음,보행자,남,12세 이하,경상,2020.xlsx
2020169607,2020-10,2020,10,관악구,주간,중상사고,차대차 - 충돌,차대차,충돌,교차로운행방법위반,건조,맑음,교차로 - 교차로안,교차로,교차로안,0,1,0,0,1,1,1,N,Y,피해,승용,남,65세 이상,상해없음,개인형이동수단(PM),남,21-30세,중상,2020.xlsx
2020171327,2020-10,2020,10,관악구,야간,경상사고,차대차 - 기타,차대차,기타,신호위반,건조,맑음,교차로 - 교차로횡단보도내,교차로,교차로횡단보도내,0,0,1,0,1,1,0,N,Y,피해,승용,남,51-60세,기타불명,개인형이동수단(PM),남,21-30세,경상,2020.xlsx
2020174322,2020-10,2020,10,관악구,주간,경상사고,차대차 - 기타,차대차,기타,신호위반,건조,맑음,교차로 - 교차로안,교차로,교차로안,0,0,1,0,1,1,0,Y,N,가해,개인형이동수단(PM),남,21-30세,경상,화물,남,41-50세,상해없음,2020.xlsx
2020155806,2020-10,2020,10,광진구,주간,중상사고,차대차 - 충돌,차대차,충돌,기타,건조,맑음,기타 - 기타,기타,기타,0,1,0,0,1,1,1,Y,N,가해,개인형이동수단(PM),남,20세 이하,상해없음,자전거,여,65세 이상,중상,2020.xlsx
2020158893,2020-10,2020,10,광진구,야간,경상사고,차대사람 - 기타,차대사람,기타,안전운전불이행,건조,맑음,교차로 - 교차로부근,교차로,교차로부근,0,0,1,0,1,1,0,Y,N,가해,개인형이동수단(PM),여,21-30세,상해없음,보행자,여,61-64세,경상,2020.xlsx
2020160261,2020-10,2020,10,광진구,야간,경상사고,차대차 - 기타,차대차,기타,안전운전불이행,건조,맑음,단일로 - 기타,단일로,기타,0,0,1,0,1,1,0,Y,N,가해,개인형이동수단(PM),남,31-40세,상해없음,자전거,여,65세 이상,경상,2020.xlsx
2020160364,2020-10,2020,10,광진구,야간,경상사고,차대차 - 기타,차대차,기타,신호위반,건조,맑음,단일로 - 기타,단일로,기타,0,0,1,0,1,1,0,N,Y,피해,승용,여,21-30세,상해없음,개인형이동수단(PM),여,21-30세,경상,2020.xlsx
2020160380,2020-10,2020,10,광진구,야간,중상사고,차대차 - 기타,차대차,기타,안전운전불이행,기타,맑음,단일로 - 기타,단일로,기타,0,1,1,0,2,2,1,Y,Y,가해+피해,개인형이동수단(PM),여,20세 이하,상해없음,개인형이동수단(PM),남,21-30세,경상,2020.xlsx
2020169481,2020-10,2020,10,광진구,야간,중상사고,차대차 - 충돌,차대차,충돌,기타,건조,맑음,교차로 - 교차로안,교차로,교차로안,0,1,0,0,1,1,1,Y,N,가해,개인형이동수단(PM),여,20세 이하,상해없음,승용,남,51-60세,상해없음,2020.xlsx
2020172571,2020-10,2020,10,광진구,야간,경상사고,차대차 - 충돌,차대차,충돌,안전운전불이행,건조,맑음,교차로 - 교차로안,교차로,교차로안,0,0,2,0,2,2,0,N,Y,피해,이륜,남,20세 이하,상해없음,개인형이동수단(PM),남,13-20세,경상,2020.xlsx
2020172808,2020-10,2020,10,금천구,주간,중상사고,차대차 - 기타,차대차,기타,안전운전불이행,건조,맑음,단일로 - 기타,단일로,기타,0,1,0,0,1,1,1,N,Y,피해,자전거,여,41-50세,중상,개인형이동수단(PM),남,31-40세,상해없음,2020.xlsx
2020157479,2020-10,2020,10,노원구,주간,경상사고,차대차 - 충돌,차대차,충돌,안전운전불이행,건조,맑음,교차로 - 교차로안,교차로,교차로안,0,0,1,0,1,1,0,N,Y,피해,승용,여,51-60세,상해없음,개인형이동수단(PM),남,65세 이상,경상,2020.xlsx
2020168247,2020-10,2020,10,노원구,주간,경상사고,차대사람 - 횡단중,차대사람,횡단중,안전운전불이행,건조,맑음,기타 - 기타,기타,기타,0,0,1,0,1,1,0,Y,N,가해,개인형이동수단(PM),남,65세 이상,상해없음,보행자,남,12세 이하,경상,2020.xlsx
2020171975,2020-10,2020,10,노원구,야간,경상사고,차대차 - 충돌,차대차,충돌,기타,건조,맑음,단일로 - 기타,단일로,기타,0,0,1,1,2,2,0,Y,N,가해,개인형이동수단(PM),여,21-30세,부상신고,이륜,남,21-30세,경상,2020.xlsx
2020172960,2020-10,2020,10,노원구,주간,부상신고사고,차대차 - 추돌,차대차,추돌,중앙선침범,건조,맑음,교차로 - 교차로부근,교차로,교차로부근,0,0,0,1,1,1,0,Y,N,가해,개인형이동수단(PM),남,21-30세,부상신고,승용,남,61-64세,상해없음,2020.xlsx
2020174530,2020-10,2020,10,노원구,주간,경상사고,차대사람 - 기타,차대사람,기타,안전운전불이행,건조,흐림,교차로 - 교차로부근,교차로,교차로부근,0,0,1,0,1,1,0,Y,N,가해,개인형이동수단(PM),남,21-30세,상해없음,보행자,남,12세 이하,경상,2020.xlsx
2020161233,2020-10,2020,10,도봉구,주간,부상신고사고,차대차 - 충돌,차대차,충돌,중앙선침범,건조,맑음,단일로 - 기타,단일로,기타,0,0,0,1,1,1,0,Y,N,가해,개인형이동수단(PM),남,31-40세,부상신고,승용,남,65세 이상,상해없음,2020.xlsx
2020170866,2020-10,2020,10,도봉구,주간,부상신고사고,차대차 - 충돌,차대차,충돌,안전운전불이행,건조,맑음,단일로 - 기타,단일로,기타,0,0,0,1,1,1,0,Y,N,가해,개인형이동수단(PM),남,21-30세,부상신고,승용,남,65세 이상,상해없음,2020.xlsx
2020160748,2020-10,2020,10,동대문구,주간,중상사고,차대차 - 충돌,차대차,충돌,안전운전불이행,건조,맑음,교차로 - 교차로안,교차로,교차로안,0,1,0,0,1,1,1,N,Y,피해,승용,여,51-60세,상해없음,개인형이동수단(PM),여,65세 이상,중상,2020.xlsx
2020167281,2020-10,2020,10,동대문구,야간,경상사고,차대차 - 충돌,차대차,충돌,신호위반,건조,맑음,교차로 - 교차로안,교차로,교차로안,0,0,1,0,1,1,0,Y,N,가해,개인형이동수단(PM),남,20세 이하,경상,승용,여,51-60세,상해없음,2020.xlsx
2020167525,2020-10,2020,10,동대문구,주간,부상신고사고,차대사람 - 횡단중,차대사람,횡단중,안전운전불이행,건조,맑음,단일로 - 기타,단일로,기타,0,0,0,1,1,1,0,Y,N,가해,개인형이동수단(PM),남,41-50세,상해없음,보행자,남,65세 이상,부상신고,2020.xlsx
2020168381,2020-10,2020,10,동대문구,주간,경상사고,차대차 - 기타,차대차,기타,안전운전불이행,건조,맑음,교차로 - 교차로안,교차로,교차로안,0,0,1,0,1,1,0,Y,N,가해,개인형이동수단(PM),남,31-40세,경상,승용,여,31-40세,상해없음,2020.xlsx
2020170419,2020-10,2020,10,동대문구,주간,사망사고,차량단독 - 기타,차량단독,기타,안전운전불이행,건조,맑음,단일로 - 기타,단일로,기타,1,0,0,0,0,1,1,Y,N,가해,개인형이동수단(PM),남,65세 이상,사망,,,,,2020.xlsx
2020160416,2020-10,2020,10,마포구,야간,경상사고,차대사람 - 기타,차대사람,기타,안전운전불이행,건조,맑음,기타 - 기타,기타,기타,0,0,1,0,1,1,0,Y,N,가해,개인형이동수단(PM),여,21-30세,상해없음,보행자,남,21-30세,경상,2020.xlsx
2020162746,2020-10,2020,10,마포구,야간,부상신고사고,차대차 - 기타,차대차,기타,안전운전불이행,기타,맑음,단일로 - 기타,단일로,기타,0,0,0,1,1,1,0,Y,N,가해,개인형이동수단(PM),남,20세 이하,상해없음,이륜,남,31-40세,부상신고,2020.xlsx
2020163315,2020-10,2020,10,마포구,야간,부상신고사고,차대차 - 기타,차대차,기타,안전운전불이행,건조,맑음,기타 - 기타,기타,기타,0,0,0,1,1,1,0,N,Y,피해,이륜,남,31-40세,부상신고,개인형이동수단(PM),남,13-20세,상해없음,2020.xlsx
2020163967,2020-10,2020,10,마포구,야간,경상사고,차대사람 - 보도통행중,차대사람,보도통행중,기타,건조,맑음,단일로 - 기타,단일로,기타,0,0,1,0,1,1,0,Y,N,가해,개인형이동수단(PM),남,31-40세,기타불명,보행자,남,31-40세,경상,2020.xlsx
2020164686,2020-10,2020,10,마포구,야간,경상사고,차대차 - 충돌,차대차,충돌,신호위반,건조,맑음,교차로 - 교차로횡단보도내,교차로,교차로횡단보도내,0,0,1,0,1,1,0,N,Y,피해,승용,남,51-60세,상해없음,개인형이동수단(PM),남,21-30세,경상,2020.xlsx
2020164717,2020-10,2020,10,마포구,야간,경상사고,차대차 - 기타,차대차,기타,안전운전불이행,건조,맑음,단일로 - 기타,단일로,기타,0,0,1,0,1,1,0,Y,N,가해,개인형이동수단(PM),남,41-50세,상해없음,이륜,남,21-30세,경상,2020.xlsx
2020168525,2020-10,2020,10,마포구,야간,경상사고,차대차 - 충돌,차대차,충돌,기타,건조,맑음,교차로 - 교차로안,교차로,교차로안,0,0,1,0,1,1,0,N,Y,피해,승용,남,61-64세,상해없음,개인형이동수단(PM),여,21-30세,경상,2020.xlsx
2020173717,2020-10,2020,10,마포구,주간,경상사고,차대사람 - 기타,차대사람,기타,안전운전불이행,건조,맑음,단일로 - 기타,단일로,기타,0,0,1,0,1,1,0,Y,N,가해,개인형이동수단(PM),여,20세 이하,상해없음,보행자,여,31-40세,경상,2020.xlsx
2020167444,2020-10,2020,10,서대문구,주간,경상사고,차대차 - 충돌,차대차,충돌,안전운전불이행,건조,흐림,단일로 - 기타,단일로,기타,0,0,1,0,1,1,0,Y,Y,가해+피해,개인형이동수단(PM),여,31-40세,상해없음,개인형이동수단(PM),남,21-30세,경상,2020.xlsx
2020157875,2020-10,2020,10,서초구,주간,경상사고,차대차 - 기타,차대차,기타,안전운전불이행,건조,맑음,교차로 - 교차로부근,교차로,교차로부근,0,0,1,0,1,1,0,Y,N,가해,개인형이동수단(PM),여,41-50세,경상,화물,남,41-50세,상해없음,2020.xlsx
2020170660,2020-10,2020,10,서초구,야간,중상사고,차대차 - 기타,차대차,기타,안전운전불이행,건조,맑음,교차로 - 교차로부근,교차로,교차로부근,0,1,0,0,1,1,1,N,Y,피해,이륜,남,21-30세,상해없음,개인형이동수단(PM),남,13-20세,중상,2020.xlsx
2020171065,2020-10,2020,10,서초구,주간,경상사고,차대차 - 기타,차대차,기타,기타,건조,맑음,교차로 - 교차로안,교차로,교차로안,0,0,1,0,1,1,0,N,Y,피해,승용,남,21-30세,상해없음,개인형이동수단(PM),남,31-40세,경상,2020.xlsx
2020172714,2020-10,2020,10,서초구,야간,경상사고,차량단독 - 기타,차량단독,기타,기타,건조,맑음,단일로 - 기타,단일로,기타,0,0,1,0,1,1,0,Y,N,가해,개인형이동수단(PM),남,31-40세,경상,,,,,2020.xlsx
2020159803,2020-10,2020,10,성동구,야간,중상사고,차량단독 - 기타,차량단독,기타,안전운전불이행,건조,맑음,단일로 - 기타,단일로,기타,0,1,0,0,1,1,1,Y,N,가해,개인형이동수단(PM),남,31-40세,중상,,,,,2020.xlsx
2020160680,2020-10,2020,10,성동구,주간,경상사고,차대사람 - 횡단중,차대사람,횡단중,안전운전불이행,건조,맑음,단일로 - 기타,단일로,기타,0,0,1,0,1,1,0,Y,N,가해,개인형이동수단(PM),남,20세 이하,상해없음,보행자,여,21-30세,경상,2020.xlsx
2020161456,2020-10,2020,10,성동구,야간,경상사고,차량단독 - 기타,차량단독,기타,안전운전불이행,건조,맑음,단일로 - 기타,단일로,기타,0,0,1,0,1,1,0,Y,N,가해,개인형이동수단(PM),남,61-64세,경상,,,,,2020.xlsx
2020169486,2020-10,2020,10,성동구,야간,경상사고,차대차 - 충돌,차대차,충돌,안전운전불이행,건조,맑음,교차로 - 교차로횡단보도내,교차로,교차로횡단보도내,0,0,1,0,1,1,0,Y,N,가해,개인형이동수단(PM),남,20세 이하,경상,승용,남,51-60세,상해없음,2020.xlsx
2020159775,2020-10,2020,10,송파구,야간,경상사고,차대차 - 기타,차대차,기타,교차로운행방법위반,건조,맑음,교차로 - 교차로안,교차로,교차로안,0,0,2,0,2,2,0,N,Y,피해,이륜,남,51-60세,경상,개인형이동수단(PM),남,51-60세,경상,2020.xlsx
2020160120,2020-10,2020,10,송파구,주간,중상사고,차대사람 - 보도통행중,차대사람,보도통행중,기타,건조,맑음,단일로 - 교량,단일로,교량,0,1,0,0,1,1,1,Y,N,가해,개인형이동수단(PM),여,20세 이하,기타불명,보행자,여,65세 이상,중상,2020.xlsx
2020162094,2020-10,2020,10,송파구,야간,중상사고,차대차 - 기타,차대차,기타,안전운전불이행,건조,맑음,단일로 - 기타,단일로,기타,0,1,0,0,1,1,1,N,Y,피해,자전거,남,20세 이하,중상,개인형이동수단(PM),남,21-30세,상해없음,2020.xlsx
2020162492,2020-10,2020,10,송파구,주간,경상사고,차대차 - 충돌,차대차,충돌,안전운전불이행,건조,맑음,단일로 - 기타,단일로,기타,0,0,1,0,1,1,0,N,Y,피해,승용,남,41-50세,상해없음,개인형이동수단(PM),여,21-30세,경상,2020.xlsx
2020164025,2020-10,2020,10,송파구,야간,부상신고사고,차대차 - 충돌,차대차,충돌,안전거리미확보,건조,맑음,단일로 - 기타,단일로,기타,0,0,0,1,1,1,0,Y,N,가해,개인형이동수단(PM),남,31-40세,부상신고,승용,남,65세 이상,상해없음,2020.xlsx
2020169400,2020-10,2020,10,송파구,야간,경상사고,차대사람 - 보도통행중,차대사람,보도통행중,기타,건조,맑음,단일로 - 기타,단일로,기타,0,0,1,0,1,1,0,Y,N,가해,개인형이동수단(PM),남,31-40세,상해없음,보행자,남,31-40세,경상,2020.xlsx
2020170225,2020-10,2020,10,송파구,주간,부상신고사고,차대차 - 충돌,차대차,충돌,안전운전불이행,건조,맑음,교차로 - 교차로안,교차로,교차로안,0,0,0,1,1,1,0,N,Y,피해,이륜,남,51-60세,상해없음,개인형이동수단(PM),남,21-30세,부상신고,2020.xlsx
2020171205,2020-10,2020,10,송파구,야간,부상신고사고,차대차 - 충돌,차대차,충돌,안전운전불이행,건조,맑음,교차로 - 교차로부근,교차로,교차로부근,0,0,0,1,1,1,0,Y,N,가해,개인형이동수단(PM),남,21-30세,부상신고,승용,남,21-30세,상해없음,2020.xlsx
2020172574,2020-10,2020,10,송파구,야간,경상사고,차대차 - 충돌,차대차,충돌,안전운전불이행,건조,맑음,단일로 - 기타,단일로,기타,0,0,2,0,2,2,0,Y,N,가해,개인형이동수단(PM),여,20세 이하,경상,자전거,여,51-60세,경상,2020.xlsx
2020174023,2020-10,2020,10,송파구,야간,중상사고,차대차 - 기타,차대차,기타,안전운전불이행,건조,맑음,단일로 - 기타,단일로,기타,0,1,0,0,1,1,1,N,Y,피해,승용,여,41-50세,상해없음,개인형이동수단(PM),남,31-40세,중상,2020.xlsx
2020174868,2020-10,2020,10,송파구,야간,부상신고사고,차대차 - 충돌,차대차,충돌,안전운전불이행,건조,맑음,교차로 - 교차로부근,교차로,교차로부근,0,0,0,1,1,1,0,Y,N,가해,개인형이동수단(PM),여,20세 이하,부상신고,화물,남,51-60세,상해없음,2020.xlsx
2020158301,2020-10,2020,10,양천구,야간,경상사고,차대사람 - 기타,차대사람,기타,안전운전불이행,건조,맑음,기타 - 기타,기타,기타,0,0,1,0,1,1,0,Y,N,가해,개인형이동수단(PM),여,20세 이하,상해없음,보행자,남,41-50세,경상,2020.xlsx
2020163968,2020-10,2020,10,양천구,야간,경상사고,차대사람 - 기타,차대사람,기타,안전운전불이행,건조,맑음,기타 - 기타,기타,기타,0,0,1,0,1,1,0,Y,N,가해,개인형이동수단(PM),남,31-40세,상해없음,보행자,남,41-50세,경상,2020.xlsx
2020158220,2020-10,2020,10,영등포구,주간,부상신고사고,차대차 - 충돌,차대차,충돌,안전운전불이행,건조,맑음,교차로 - 교차로안,교차로,교차로안,0,0,0,1,1,1,0,Y,N,가해,개인형이동수단(PM),남,51-60세,부상신고,화물,남,41-50세,상해없음,2020.xlsx
2020159580,2020-10,2020,10,영등포구,야간,경상사고,차대차 - 기타,차대차,기타,안전운전불이행,건조,맑음,교차로 - 교차로안,교차로,교차로안,0,0,1,0,1,1,0,Y,N,가해,개인형이동수단(PM),남,31-40세,경상,승용,여,51-60세,상해없음,2020.xlsx
2020163580,2020-10,2020,10,영등포구,주간,중상사고,차대사람 - 횡단중,차대사람,횡단중,신호위반,건조,맑음,교차로 - 교차로횡단보도내,교차로,교차로횡단보도내,0,1,1,0,2,2,1,Y,N,가해,개인형이동수단(PM),여,20세 이하,중상,보행자,여,41-50세,경상,2020.xlsx
2020165400,2020-10,2020,10,영등포구,야간,경상사고,차대차 - 기타,차대차,기타,신호위반,건조,맑음,교차로 - 교차로안,교차로,교차로안,0,0,1,1,2,2,0,Y,N,가해,개인형이동수단(PM),남,20세 이하,부상신고,승용,남,51-60세,상해없음,2020.xlsx
2020160337,2020-10,2020,10,용산구,야간,중상사고,차대사람 - 보도통행중,차대사람,보도통행중,기타,건조,맑음,단일로 - 교량,단일로,교량,0,1,0,0,1,1,1,Y,N,가해,개인형이동수단(PM),남,31-40세,상해없음,보행자,여,31-40세,중상,2020.xlsx
2020166320,2020-10,2020,10,용산구,주간,중상사고,차대차 - 충돌,차대차,충돌,신호위반,건조,맑음,교차로 - 교차로부근,교차로,교차로부근,0,1,0,0,1,1,1,N,Y,피해,승용,남,61-64세,상해없음,개인형이동수단(PM),여,21-30세,중상,2020.xlsx
2020167764,2020-10,2020,10,용산구,야간,경상사고,차대차 - 기타,차대차,기타,안전운전불이행,건조,맑음,기타 - 기타,기타,기타,0,0,1,0,1,1,0,Y,N,가해,개인형이동수단(PM),남,21-30세,상해없음,승용,여,31-40세,경상,2020.xlsx
2020166941,2020-10,2020,10,종로구,주간,경상사고,차대사람 - 기타,차대사람,기타,기타,건조,맑음,기타 - 기타,기타,기타,0,0,1,0,1,1,0,Y,N,가해,개인형이동수단(PM),남,41-50세,상해없음,보행자,여,61-64세,경상,2020.xlsx
2020157817,2020-10,2020,10,중구,야간,중상사고,차대사람 - 횡단중,차대사람,횡단중,안전운전불이행,건조,맑음,단일로 - 기타,단일로,기타,0,1,0,0,1,1,1,Y,N,가해,개인형이동수단(PM),남,20세 이하,상해없음,보행자,여,51-60세,중상,2020.xlsx
2020164281,2020-10,2020,10,중구,주간,경상사고,차대차 - 충돌,차대차,충돌,안전운전불이행,건조,맑음,교차로 - 교차로안,교차로,교차로안,0,0,1,0,1,1,0,N,Y,피해,승용,남,51-60세,상해없음,개인형이동수단(PM),여,21-30세,경상,2020.xlsx
2020169299,2020-10,2020,10,중구,야간,경상사고,차대차 - 기타,차대차,기타,기타,건조,맑음,교차로 - 교차로안,교차로,교차로안,0,0,1,0,1,1,0,N,Y,피해,승용,남,61-64세,상해없음,개인형이동수단(PM),남,21-30세,경상,2020.xlsx
2020176994,2020-11,2020,11,강남구,주간,경상사고,차대차 - 충돌,차대차,충돌,안전운전불이행,건조,맑음,단일로 - 기타,단일로,기타,0,0,1,0,1,1,0,Y,N,가해,개인형이동수단(PM),남,21-30세,상해없음,자전거,여,51-60세,경상,2020.xlsx
2020179472,2020-11,2020,11,강남구,주간,경상사고,차대차 - 충돌,차대차,충돌,안전운전불이행,건조,맑음,교차로 - 교차로안,교차로,교차로안,0,0,1,0,1,1,0,Y,N,가해,개인형이동수단(PM),남,51-60세,경상,승용,여,41-50세,상해없음,2020.xlsx
2020181256,2020-11,2020,11,강남구,야간,중상사고,차량단독 - 전도전복,차량단독,전도전복,안전운전불이행,건조,맑음,단일로 - 기타,단일로,기타,0,1,0,0,1,1,1,Y,N,가해,개인형이동수단(PM),남,31-40세,중상,,,,,2020.xlsx
2020182713,2020-11,2020,11,강남구,주간,경상사고,차대차 - 추돌,차대차,추돌,안전운전불이행,건조,맑음,기타 - 기타,기타,기타,0,0,1,0,1,1,0,Y,N,가해,개인형이동수단(PM),남,41-50세,경상,승용,남,65세 이상,상해없음,2020.xlsx
2020185581,2020-11,2020,11,강남구,야간,경상사고,차대차 - 충돌,차대차,충돌,중앙선침범,건조,맑음,단일로 - 기타,단일로,기타,0,0,2,0,2,2,0,Y,N,가해,개인형이동수단(PM),여,20세 이하,경상,승용,남,51-60세,경상,2020.xlsx
2020186969,2020-11,2020,11,강남구,야간,경상사고,차대사람 - 기타,차대사람,기타,기타,건조,맑음,단일로 - 기타,단일로,기타,0,0,1,0,1,1,0,Y,N,가해,개인형이동수단(PM),남,31-40세,상해없음,보행자,남,41-50세,경상,2020.xlsx
2020190277,2020-11,2020,11,강남구,주간,경상사고,차대사람 - 기타,차대사람,기타,신호위반,건조,맑음,기타 - 기타,기타,기타,0,0,1,0,1,1,0,Y,N,가해,개인형이동수단(PM),남,21-30세,상해없음,보행자,여,65세 이상,경상,2020.xlsx
2020177442,2020-11,2020,11,강동구,야간,경상사고,차대차 - 기타,차대차,기타,안전운전불이행,건조,맑음,단일로 - 기타,단일로,기타,0,0,1,0,1,1,0,Y,N,가해,개인형이동수단(PM),남,21-30세,경상,화물,남,41-50세,상해없음,2020.xlsx
2020181279,2020-11,2020,11,강동구,야간,중상사고,차대차 - 기타,차대차,기타,안전운전불이행,건조,맑음,교차로 - 교차로안,교차로,교차로안,0,1,0,0,1,1,1,N,Y,피해,화물,남,41-50세,상해없음,개인형이동수단(PM),남,41-50세,중상,2020.xlsx
2020181510,2020-11,2020,11,강동구,주간,경상사고,차대사람 - 횡단중,차대사람,횡단중,보행자보호의무위반,건조,맑음,교차로 - 교차로부근,교차로,교차로부근,0,0,1,0,1,1,0,Y,N,가해,개인형이동수단(PM),남,65세 이상,상해없음,보행자,남,65세 이상,경상,2020.xlsx
2020186781,2020-11,2020,11,강동구,주간,중상사고,차대사람 - 횡단중,차대사람,횡단중,신호위반,건조,맑음,교차로 - 교차로횡단보도내,교차로,교차로횡단보도내,0,1,0,0,1,1,1,Y,N,가해,개인형이동수단(PM),남,21-30세,상해없음,보행자,여,13-20세,중상,2020.xlsx
2020188158,2020-11,2020,11,강동구,야간,경상사고,차대차 - 충돌,차대차,충돌,교차로운행방법위반,건조,맑음,교차로 - 교차로안,교차로,교차로안,0,0,1,0,1,1,0,N,Y,피해,승용,여,65세 이상,상해없음,개인형이동수단(PM),남,61-64세,경상,2020.xlsx
2020181947,2020-11,2020,11,강서구,야간,중상사고,차대차 - 충돌,차대차,충돌,안전운전불이행,건조,맑음,단일로 - 기타,단일로,기타,0,1,1,0,2,2,1,Y,N,가해,개인형이동수단(PM),남,20세 이하,경상,자전거,여,21-30세,중상,2020.xlsx
2020183237,2020-11,2020,11,강서구,야간,경상사고,차대차 - 기타,차대차,기타,안전운전불이행,건조,맑음,단일로 - 기타,단일로,기타,0,0,1,0,1,1,0,Y,N,가해,개인형이동수단(PM),남,21-30세,경상,승용,남,31-40세,상해없음,2020.xlsx
2020190197,2020-11,2020,11,강서구,주간,부상신고사고,차대차 - 충돌,차대차,충돌,안전운전불이행,건조,맑음,단일로 - 기타,단일로,기타,0,0,0,1,1,1,0,Y,N,가해,개인형이동수단(PM),남,20세 이하,부상신고,승용,남,51-60세,상해없음,2020.xlsx
2020175663,2020-11,2020,11,관악구,주간,경상사고,차대차 - 충돌,차대차,충돌,안전운전불이행,건조,맑음,교차로 - 교차로안,교차로,교차로안,0,0,2,0,2,2,0,Y,N,가해,개인형이동수단(PM),남,21-30세,경상,이륜,남,41-50세,경상,2020.xlsx
2020183081,2020-11,2020,11,관악구,야간,중상사고,차대사람 - 기타,차대사람,기타,기타,건조,맑음,단일로 - 기타,단일로,기타,0,1,0,0,1,1,1,Y,N,가해,개인형이동수단(PM),여,20세 이하,상해없음,보행자,여,51-60세,중상,2020.xlsx
2020184249,2020-11,2020,11,관악구,야간,경상사고,차대차 - 기타,차대차,기타,기타,건조,맑음,단일로 - 기타,단일로,기타,0,0,1,0,1,1,0,N,Y,피해,승용,여,31-40세,상해없음,개인형이동수단(PM),남,51-60세,경상,2020.xlsx