사고ID,연월,연도,월,자치구,주야,사고내용,사고유형,사고유형_대분류,사고유형_소분류,법규위반,노면상태,기상상태,도로형태,도로형태_대분류,도로형태_소분류,사망자수,중상자수,경상자수,부상신고자수,총부상자수,총사상자수,중상이상자수,PM_가해여부,PM_피해여부,PM_역할,가해운전자_차종,가해운전자_성별,가해운전자_연령대,가해운전자_상해정도,피해운전자_차종,피해운전자_성별,피해운전자_연령대,피해운전자_상해정도,원본파일
2021021577,2021-02,2021,2,강남구,야간,경상사고,차대사람 - 길가장자리구역통행중,차대사람,길가장자리구역통행중,안전운전불이행,건조,맑음,단일로 - 기타,단일로,기타,0,0,1,0,1,1,0,Y,N,가해,개인형이동수단(PM),남,20세 이하,상해없음,보행자,여,21-30세,경상,2021.xlsx
2021024799,2021-02,2021,2,강남구,야간,경상사고,차대차 - 기타,차대차,기타,안전운전불이행,건조,흐림,교차로 - 교차로안,교차로,교차로안,0,0,1,0,1,1,0,N,Y,피해,승용,남,31-40세,상해없음,개인형이동수단(PM),남,21-30세,경상,2021.xlsx
2021025702,2021-02,2021,2,강남구,야간,경상사고,차대차 - 기타,차대차,기타,안전운전불이행,건조,기타,단일로 - 지하차도(도로)내,단일로,지하차도(도로)내,0,0,1,0,1,1,0,Y,N,가해,개인형이동수단(PM),여,41-50세,경상,승용,남,31-40세,상해없음,2021.xlsx
2021025770,2021-02,2021,2,강동구,야간,중상사고,차대차 - 기타,차대차,기타,안전운전불이행,건조,맑음,교차로 - 교차로안,교차로,교차로안,0,1,0,0,1,1,1,N,Y,피해,화물,남,51-60세,상해없음,개인형이동수단(PM),남,31-40세,중상,2021.xlsx
2021026047,2021-02,2021,2,강서구,주간,경상사고,차대차 - 기타,차대차,기타,안전운전불이행,건조,맑음,교차로 - 교차로안,교차로,교차로안,0,0,1,0,1,1,0,N,Y,피해,화물,남,65세 이상,상해없음,개인형이동수단(PM),남,31-40세,경상,2021.xlsx
2021029291,2021-02,2021,2,강서구,야간,경상사고,차대차 - 기타,차대차,기타,안전운전불이행,건조,맑음,기타 - 기타,기타,기타,0,0,1,0,1,1,0,N,Y,피해,이륜,남,41-50세,상해없음,개인형이동수단(PM),남,13-20세,경상,2021.xlsx
2021021986,2021-02,2021,2,관악구,야간,중상사고,차대차 - 기타,차대차,기타,기타,건조,맑음,단일로 - 기타,단일로,기타,0,1,0,0,1,1,1,N,Y,피해,승용,남,51-60세,상해없음,개인형이동수단(PM),남,21-30세,중상,2021.xlsx
2021026697,2021-02,2021,2,관악구,주간,경상사고,차대차 - 충돌,차대차,충돌,안전운전불이행,건조,맑음,단일로 - 기타,단일로,기타,0,0,1,0,1,1,0,N,Y,피해,승용,남,61-64세,상해없음,개인형이동수단(PM),남,31-40세,경상,2021.xlsx
2021026902,2021-02,2021,2,관악구,야간,경상사고,차대차 - 충돌,차대차,충돌,신호위반,건조,맑음,교차로 - 교차로부근,교차로,교차로부근,0,0,1,0,1,1,0,N,Y,피해,승용,남,61-64세,상해없음,개인형이동수단(PM),남,31-40세,경상,2021.xlsx
2021019768,2021-02,2021,2,광진구,야간,경상사고,차대차 - 충돌,차대차,충돌,안전운전불이행,건조,맑음,교차로 - 교차로횡단보도내,교차로,교차로횡단보도내,0,0,1,0,1,1,0,N,Y,피해,승용,남,31-40세,상해없음,개인형이동수단(PM),남,31-40세,경상,2021.xlsx
2021021694,2021-02,2021,2,광진구,야간,경상사고,차대사람 - 보도통행중,차대사람,보도통행중,기타,건조,맑음,단일로 - 기타,단일로,기타,0,0,1,0,1,1,0,Y,N,가해,개인형이동수단(PM),남,21-30세,상해없음,보행자,남,12세 이하,경상,2021.xlsx
2021022244,2021-02,2021,2,광진구,주간,경상사고,차대사람 - 길가장자리구역통행중,차대사람,길가장자리구역통행중,안전운전불이행,건조,맑음,기타 - 기타,기타,기타,0,0,1,0,1,1,0,Y,N,가해,개인형이동수단(PM),남,41-50세,상해없음,보행자,여,31-40세,경상,2021.xlsx
2021024352,2021-02,2021,2,광진구,주간,중상사고,차량단독 - 전도전복,차량단독,전도전복,안전운전불이행,건조,맑음,단일로 - 기타,단일로,기타,0,1,0,0,1,1,1,Y,N,가해,개인형이동수단(PM),남,21-30세,중상,,,,,2021.xlsx
2021028545,2021-02,2021,2,광진구,야간,경상사고,차대차 - 충돌,차대차,충돌,중앙선침범,건조,맑음,단일로 - 기타,단일로,기타,0,0,1,0,1,1,0,N,Y,피해,승용,남,51-60세,상해없음,개인형이동수단(PM),남,31-40세,경상,2021.xlsx
2021029122,2021-02,2021,2,광진구,주간,중상사고,차대차 - 충돌,차대차,충돌,기타,건조,맑음,교차로 - 교차로부근,교차로,교차로부근,0,1,0,0,1,1,1,N,Y,피해,화물,남,41-50세,상해없음,개인형이동수단(PM),남,51-60세,중상,2021.xlsx
2021018943,2021-02,2021,2,구로구,주간,부상신고사고,차대차 - 충돌,차대차,충돌,기타,건조,맑음,기타 - 기타,기타,기타,0,0,0,1,1,1,0,Y,N,가해,개인형이동수단(PM),여,51-60세,부상신고,승용,남,51-60세,상해없음,2021.xlsx
2021023020,2021-02,2021,2,구로구,야간,중상사고,차대차 - 충돌,차대차,충돌,안전운전불이행,건조,맑음,교차로 - 교차로안,교차로,교차로안,0,1,0,0,1,1,1,N,Y,피해,승합,남,51-60세,상해없음,개인형이동수단(PM),남,31-40세,중상,2021.xlsx
2021015770,2021-02,2021,2,금천구,야간,중상사고,차대차 - 충돌,차대차,충돌,신호위반,건조,맑음,단일로 - 기타,단일로,기타,0,1,1,0,2,2,1,N,Y,피해,이륜,남,31-40세,중상,개인형이동수단(PM),남,31-40세,경상,2021.xlsx
2021027632,2021-02,2021,2,동대문구,주간,부상신고사고,차대차 - 기타,차대차,기타,안전운전불이행,건조,맑음,단일로 - 기타,단일로,기타,0,0,0,1,1,1,0,Y,N,가해,개인형이동수단(PM),남,51-60세,부상신고,승용,남,65세 이상,상해없음,2021.xlsx
2021027731,2021-02,2021,2,동대문구,야간,경상사고,차대차 - 기타,차대차,기타,안전운전불이행,건조,맑음,단일로 - 기타,단일로,기타,0,0,1,0,1,1,0,Y,N,가해,개인형이동수단(PM),남,21-30세,경상,승합,남,51-60세,상해없음,2021.xlsx
2021018867,2021-02,2021,2,동작구,주간,중상사고,차대차 - 기타,차대차,기타,중앙선침범,건조,맑음,단일로 - 기타,단일로,기타,0,1,0,0,1,1,1,N,Y,피해,승용,남,61-64세,상해없음,개인형이동수단(PM),남,21-30세,중상,2021.xlsx
2021015560,2021-02,2021,2,마포구,주간,경상사고,차대차 - 기타,차대차,기타,안전운전불이행,건조,맑음,단일로 - 기타,단일로,기타,0,0,1,0,1,1,0,N,Y,피해,승합,남,41-50세,상해없음,개인형이동수단(PM),남,21-30세,경상,2021.xlsx
2021015676,2021-02,2021,2,마포구,주간,부상신고사고,차대사람 - 길가장자리구역통행중,차대사람,길가장자리구역통행중,안전운전불이행,건조,맑음,단일로 - 기타,단일로,기타,0,0,0,1,1,1,0,Y,N,가해,개인형이동수단(PM),여,31-40세,기타불명,보행자,여,13-20세,부상신고,2021.xlsx
2021022813,2021-02,2021,2,마포구,주간,중상사고,차대차 - 충돌,차대차,충돌,신호위반,건조,맑음,교차로 - 교차로안,교차로,교차로안,0,1,0,0,1,1,1,N,Y,피해,승용,여,51-60세,상해없음,개인형이동수단(PM),여,31-40세,중상,2021.xlsx
2021018008,2021-02,2021,2,서대문구,주간,부상신고사고,차대차 - 충돌,차대차,충돌,신호위반,건조,흐림,교차로 - 교차로안,교차로,교차로안,0,0,0,1,1,1,0,Y,N,가해,개인형이동수단(PM),남,31-40세,부상신고,승용,남,41-50세,상해없음,2021.xlsx
2021018513,2021-02,2021,2,서초구,야간,경상사고,차대차 - 기타,차대차,기타,안전운전불이행,건조,맑음,단일로 - 기타,단일로,기타,0,0,2,0,2,2,0,Y,N,가해,개인형이동수단(PM),여,20세 이하,경상,승용,여,41-50세,상해없음,2021.xlsx
2021021799,2021-02,2021,2,서초구,주간,경상사고,차대차 - 기타,차대차,기타,안전운전불이행,건조,맑음,단일로 - 기타,단일로,기타,0,0,1,0,1,1,0,Y,N,가해,개인형이동수단(PM),남,21-30세,경상,승용,남,41-50세,상해없음,2021.xlsx
2021025891,2021-02,2021,2,성동구,주간,경상사고,차대차 - 충돌,차대차,충돌,안전운전불이행,건조,맑음,교차로 - 교차로안,교차로,교차로안,0,0,1,0,1,1,0,Y,N,가해,개인형이동수단(PM),남,20세 이하,상해없음,자전거,남,41-50세,경상,2021.xlsx
2021015185,2021-02,2021,2,송파구,주간,부상신고사고,차대사람 - 기타,차대사람,기타,안전운전불이행,건조,맑음,단일로 - 기타,단일로,기타,0,0,0,1,1,1,0,Y,N,가해,개인형이동수단(PM),남,20세 이하,상해없음,보행자,여,51-60세,부상신고,2021.xlsx
2021018090,2021-02,2021,2,송파구,야간,경상사고,차대차 - 충돌,차대차,충돌,안전운전불이행,건조,맑음,단일로 - 기타,단일로,기타,0,0,1,1,2,2,0,Y,N,가해,개인형이동수단(PM),남,21-30세,부상신고,자전거,여,21-30세,경상,2021.xlsx
2021018227,2021-02,2021,2,송파구,야간,부상신고사고,차대차 - 충돌,차대차,충돌,기타,건조,맑음,교차로 - 교차로안,교차로,교차로안,0,0,0,1,1,1,0,Y,N,가해,개인형이동수단(PM),남,21-30세,부상신고,승용,남,51-60세,상해없음,2021.xlsx
2021019146,2021-02,2021,2,송파구,야간,경상사고,차대차 - 추돌,차대차,추돌,안전운전불이행,건조,맑음,단일로 - 교량,단일로,교량,0,0,1,0,1,1,0,N,Y,피해,승용,여,21-30세,상해없음,개인형이동수단(PM),남,21-30세,경상,2021.xlsx
2021020654,2021-02,2021,2,송파구,야간,부상신고사고,차대차 - 충돌,차대차,충돌,안전운전불이행,건조,맑음,교차로 - 교차로안,교차로,교차로안,0,0,0,1,1,1,0,N,Y,피해,이륜,남,20세 이하,상해없음,개인형이동수단(PM),남,21-30세,상해없음,2021.xlsx
2021022273,2021-02,2021,2,송파구,주간,부상신고사고,차대차 - 충돌,차대차,충돌,안전운전불이행,건조,맑음,단일로 - 기타,단일로,기타,0,0,0,1,1,1,0,Y,N,가해,개인형이동수단(PM),남,41-50세,부상신고,화물,남,41-50세,상해없음,2021.xlsx
2021024079,2021-02,2021,2,영등포구,야간,부상신고사고,차대사람 - 기타,차대사람,기타,안전운전불이행,건조,맑음,교차로 - 교차로안,교차로,교차로안,0,0,0,1,1,1,0,Y,N,가해,개인형이동수단(PM),남,20세 이하,상해없음,보행자,여,31-40세,부상신고,2021.xlsx
2021029949,2021-03,2021,3,강남구,주간,경상사고,차대사람 - 보도통행중,차대사람,보도통행중,기타,건조,맑음,기타 - 기타,기타,기타,0,0,1,0,1,1,0,Y,N,가해,개인형이동수단(PM),여,21-30세,상해없음,보행자,여,21-30세,경상,2021.xlsx
2021032911,2021-03,2021,3,강남구,주간,중상사고,차대차 - 충돌,차대차,충돌,기타,건조,맑음,교차로 - 교차로안,교차로,교차로안,0,1,0,0,1,1,1,N,Y,피해,승용,여,51-60세,상해없음,개인형이동수단(PM),여,31-40세,중상,2021.xlsx
2021034803,2021-03,2021,3,강남구,주간,중상사고,차대차 - 기타,차대차,기타,안전운전불이행,건조,맑음,단일로 - 기타,단일로,기타,0,1,0,0,1,1,1,Y,N,가해,개인형이동수단(PM),여,21-30세,중상,승용,남,21-30세,상해없음,2021.xlsx
2021035004,2021-03,2021,3,강남구,야간,중상사고,차대차 - 충돌,차대차,충돌,기타,건조,맑음,교차로 - 교차로안,교차로,교차로안,0,1,0,0,1,1,1,Y,N,가해,개인형이동수단(PM),남,21-30세,중상,승합,남,31-40세,상해없음,2021.xlsx
2021039380,2021-03,2021,3,강남구,야간,경상사고,차량단독 - 기타,차량단독,기타,신호위반,건조,맑음,단일로 - 기타,단일로,기타,0,0,1,0,1,1,0,Y,N,가해,개인형이동수단(PM),남,31-40세,경상,,,,,2021.xlsx
2021041069,2021-03,2021,3,강남구,주간,경상사고,차대차 - 충돌,차대차,충돌,안전운전불이행,건조,맑음,교차로 - 교차로부근,교차로,교차로부근,0,0,1,0,1,1,0,Y,N,가해,개인형이동수단(PM),남,21-30세,상해없음,이륜,남,21-30세,경상,2021.xlsx
2021044714,2021-03,2021,3,강남구,야간,경상사고,차대사람 - 기타,차대사람,기타,기타,건조,맑음,기타 - 기타,기타,기타,0,0,1,0,1,1,0,Y,N,가해,개인형이동수단(PM),남,20세 이하,상해없음,보행자,여,31-40세,경상,2021.xlsx
2021036027,2021-03,2021,3,강동구,야간,중상사고,차대차 - 기타,차대차,기타,중앙선침범,건조,맑음,교차로 - 교차로부근,교차로,교차로부근,0,1,0,0,1,1,1,N,Y,피해,기타불명,기타불명,기타불명,기타불명,개인형이동수단(PM),남,41-50세,중상,2021.xlsx
2021039060,2021-03,2021,3,강동구,주간,경상사고,차대사람 - 기타,차대사람,기타,기타,건조,맑음,단일로 - 기타,단일로,기타,0,0,1,0,1,1,0,Y,N,가해,개인형이동수단(PM),여,20세 이하,기타불명,보행자,여,65세 이상,경상,2021.xlsx
2021034355,2021-03,2021,3,강북구,야간,경상사고,차대차 - 기타,차대차,기타,신호위반,건조,맑음,교차로 - 교차로부근,교차로,교차로부근,0,0,1,0,1,1,0,N,Y,피해,이륜,남,31-40세,상해없음,개인형이동수단(PM),남,13-20세,경상,2021.xlsx
2021032787,2021-03,2021,3,강서구,야간,경상사고,차대차 - 기타,차대차,기타,중앙선침범,건조,맑음,단일로 - 기타,단일로,기타,0,0,1,0,1,1,0,N,Y,피해,승용,남,41-50세,상해없음,개인형이동수단(PM),남,31-40세,경상,2021.xlsx
2021041932,2021-03,2021,3,강서구,야간,경상사고,차대사람 - 보도통행중,차대사람,보도통행중,기타,건조,맑음,기타 - 기타,기타,기타,0,0,1,0,1,1,0,Y,N,가해,개인형이동수단(PM),남,21-30세,기타불명,보행자,여,51-60세,경상,2021.xlsx
2021035752,2021-03,2021,3,관악구,주간,중상사고,차대차 - 기타,차대차,기타,중앙선침범,건조,맑음,단일로 - 기타,단일로,기타,0,1,0,0,1,1,1,N,Y,피해,승용,남,21-30세,상해없음,개인형이동수단(PM),남,21-30세,중상,2021.xlsx
2021030476,2021-03,2021,3,광진구,주간,중상사고,차대사람 - 기타,차대사람,기타,안전운전불이행,건조,맑음,단일로 - 기타,단일로,기타,0,1,0,0,1,1,1,Y,N,가해,개인형이동수단(PM),여,21-30세,상해없음,보행자,남,13-20세,중상,2021.xlsx
2021032909,2021-03,2021,3,광진구,주간,경상사고,차대사람 - 기타,차대사람,기타,안전운전불이행,건조,맑음,단일로 - 기타,단일로,기타,0,0,1,0,1,1,0,Y,N,가해,개인형이동수단(PM),남,21-30세,상해없음,보행자,남,51-60세,경상,2021.xlsx
2021044212,2021-03,2021,3,광진구,야간,경상사고,차대차 - 기타,차대차,기타,교차로운행방법위반,젖음/습기,비,교차로 - 교차로안,교차로,교차로안,0,0,1,0,1,1,0,N,Y,피해,승합,남,51-60세,상해없음,개인형이동수단(PM),여,31-40세,경상,2021.xlsx
2021033798,2021-03,2021,3,구로구,야간,부상신고사고,차대차 - 기타,차대차,기타,중앙선침범,건조,맑음,교차로 - 교차로안,교차로,교차로안,0,0,0,1,1,1,0,Y,N,가해,개인형이동수단(PM),남,31-40세,부상신고,승용,남,51-60세,기타불명,2021.xlsx
2021036872,2021-03,2021,3,노원구,주간,경상사고,차대차 - 충돌,차대차,충돌,안전운전불이행,건조,맑음,교차로 - 교차로부근,교차로,교차로부근,0,0,2,0,2,2,0,Y,N,가해,개인형이동수단(PM),남,31-40세,경상,승용,여,51-60세,경상,2021.xlsx
2021044515,2021-03,2021,3,노원구,주간,경상사고,차대차 - 충돌,차대차,충돌,안전운전불이행,건조,맑음,단일로 - 기타,단일로,기타,0,0,2,0,2,2,0,Y,N,가해,개인형이동수단(PM),여,20세 이하,경상,자전거,남,31-40세,경상,2021.xlsx
2021040300,2021-03,2021,3,동작구,야간,부상신고사고,차대차 - 기타,차대차,기타,기타,건조,맑음,교차로 - 교차로횡단보도내,교차로,교차로횡단보도내,0,0,0,1,1,1,0,Y,N,가해,개인형이동수단(PM),남,31-40세,부상신고,승용,남,65세 이상,상해없음,2021.xlsx
2021042215,2021-03,2021,3,동작구,주간,경상사고,차대차 - 기타,차대차,기타,안전운전불이행,건조,맑음,단일로 - 기타,단일로,기타,0,0,1,0,1,1,0,N,Y,피해,승용,남,41-50세,상해없음,개인형이동수단(PM),남,41-50세,경상,2021.xlsx
2021035897,2021-03,2021,3,마포구,주간,경상사고,차대사람 - 차도통행중,차대사람,차도통행중,안전운전불이행,건조,맑음,단일로 - 기타,단일로,기타,0,0,1,0,1,1,0,Y,N,가해,개인형이동수단(PM),남,21-30세,상해없음,보행자,여,31-40세,경상,2021.xlsx
2021036098,2021-03,2021,3,마포구,야간,경상사고,차대사람 - 횡단중,차대사람,횡단중,안전운전불이행,건조,맑음,교차로 - 교차로부근,교차로,교차로부근,0,0,1,0,1,1,0,Y,N,가해,개인형이동수단(PM),남,20세 이하,상해없음,보행자,남,21-30세,경상,2021.xlsx
2021036486,2021-03,2021,3,마포구,야간,경상사고,차대차 - 충돌,차대차,충돌,안전운전불이행,건조,흐림,교차로 - 교차로부근,교차로,교차로부근,0,0,1,0,1,1,0,Y,N,가해,개인형이동수단(PM),여,31-40세,경상,이륜,남,51-60세,상해없음,2021.xlsx
2021045424,2021-03,2021,3,서대문구,야간,경상사고,차대사람 - 기타,차대사람,기타,안전운전불이행,건조,맑음,교차로 - 교차로안,교차로,교차로안,0,0,1,0,1,1,0,Y,N,가해,개인형이동수단(PM),남,20세 이하,기타불명,보행자,여,13-20세,경상,2021.xlsx
2021035994,2021-03,2021,3,서초구,야간,중상사고,차대사람 - 기타,차대사람,기타,안전운전불이행,건조,맑음,교차로 - 교차로부근,교차로,교차로부근,0,1,0,0,1,1,1,Y,N,가해,개인형이동수단(PM),남,20세 이하,상해없음,보행자,여,61-64세,중상,2021.xlsx
2021042614,2021-03,2021,3,서초구,주간,중상사고,차대사람 - 차도통행중,차대사람,차도통행중,안전운전불이행,건조,맑음,단일로 - 기타,단일로,기타,0,1,0,1,2,2,1,Y,N,가해,개인형이동수단(PM),남,31-40세,부상신고,보행자,여,51-60세,중상,2021.xlsx
2021043335,2021-03,2021,3,서초구,주간,경상사고,차대차 - 충돌,차대차,충돌,기타,건조,맑음,교차로 - 교차로안,교차로,교차로안,0,0,1,0,1,1,0,N,Y,피해,이륜,남,31-40세,상해없음,개인형이동수단(PM),남,31-40세,경상,2021.xlsx
2021044216,2021-03,2021,3,서초구,야간,중상사고,차대차 - 충돌,차대차,충돌,안전운전불이행,젖음/습기,비,단일로 - 기타,단일로,기타,0,1,0,1,2,2,1,Y,N,가해,개인형이동수단(PM),여,20세 이하,중상,승용,남,31-40세,상해없음,2021.xlsx
2021044575,2021-03,2021,3,서초구,주간,부상신고사고,차대차 - 충돌,차대차,충돌,신호위반,건조,맑음,교차로 - 교차로안,교차로,교차로안,0,0,0,1,1,1,0,Y,N,가해,개인형이동수단(PM),남,20세 이하,부상신고,승용,여,31-40세,상해없음,2021.xlsx
2021045426,2021-03,2021,3,서초구,야간,중상사고,차대차 - 기타,차대차,기타,기타,건조,맑음,교차로 - 교차로횡단보도내,교차로,교차로횡단보도내,0,1,1,0,2,2,1,Y,N,가해,개인형이동수단(PM),남,31-40세,중상,승용,남,31-40세,상해없음,2021.xlsx
2021045014,2021-03,2021,3,성북구,주간,중상사고,차대차 - 추돌,차대차,추돌,안전운전불이행,건조,맑음,단일로 - 기타,단일로,기타,0,1,0,0,1,1,1,N,Y,피해,이륜,남,65세 이상,상해없음,개인형이동수단(PM),남,31-40세,중상,2021.xlsx
2021031615,2021-03,2021,3,송파구,주간,중상사고,차대사람 - 보도통행중,차대사람,보도통행중,안전운전불이행,건조,맑음,단일로 - 기타,단일로,기타,0,1,0,0,1,1,1,Y,N,가해,개인형이동수단(PM),남,41-50세,상해없음,보행자,남,13-20세,중상,2021.xlsx
2021032970,2021-03,2021,3,송파구,주간,부상신고사고,차대차 - 기타,차대차,기타,신호위반,건조,맑음,교차로 - 교차로안,교차로,교차로안,0,0,0,1,1,1,0,Y,N,가해,개인형이동수단(PM),여,21-30세,부상신고,승용,남,51-60세,상해없음,2021.xlsx
2021034502,2021-03,2021,3,송파구,야간,중상사고,차량단독 - 기타,차량단독,기타,안전운전불이행,건조,맑음,단일로 - 기타,단일로,기타,0,1,0,0,1,1,1,Y,N,가해,개인형이동수단(PM),여,21-30세,중상,,,,,2021.xlsx
2021040979,2021-03,2021,3,송파구,주간,중상사고,차대사람 - 길가장자리구역통행중,차대사람,길가장자리구역통행중,안전운전불이행,건조,맑음,단일로 - 기타,단일로,기타,0,1,0,0,1,1,1,Y,N,가해,개인형이동수단(PM),여,51-60세,상해없음,보행자,남,41-50세,중상,2021.xlsx
2021041038,2021-03,2021,3,송파구,주간,경상사고,차대차 - 충돌,차대차,충돌,교차로운행방법위반,건조,맑음,교차로 - 교차로안,교차로,교차로안,0,0,1,0,1,1,0,Y,N,가해,개인형이동수단(PM),남,20세 이하,경상,승용,남,41-50세,상해없음,2021.xlsx
2021041853,2021-03,2021,3,송파구,야간,경상사고,차대차 - 기타,차대차,기타,안전운전불이행,건조,맑음,교차로 - 교차로부근,교차로,교차로부근,0,0,1,0,1,1,0,Y,N,가해,개인형이동수단(PM),여,21-30세,상해없음,자전거,남,31-40세,경상,2021.xlsx
2021042512,2021-03,2021,3,송파구,야간,중상사고,차대차 - 충돌,차대차,충돌,중앙선침범,건조,맑음,단일로 - 기타,단일로,기타,0,1,0,0,1,1,1,Y,N,가해,개인형이동수단(PM),여,20세 이하,상해없음,자전거,남,31-40세,중상,2021.xlsx
2021042177,2021-03,2021,3,양천구,주간,경상사고,차대사람 - 기타,차대사람,기타,안전운전불이행,건조,맑음,교차로 - 교차로안,교차로,교차로안,0,0,1,0,1,1,0,Y,N,가해,개인형이동수단(PM),남,21-30세,상해없음,보행자,남,65세 이상,경상,2021.xlsx
2021044737,2021-03,2021,3,영등포구,야간,경상사고,차대차 - 기타,차대차,기타,신호위반,건조,맑음,단일로 - 기타,단일로,기타,0,0,1,0,1,1,0,Y,N,가해,개인형이동수단(PM),남,41-50세,경상,이륜,남,41-50세,상해없음,2021.xlsx
2021040098,2021-03,2021,3,은평구,주간,경상사고,차대차 - 기타,차대차,기타,중앙선침범,건조,맑음,단일로 - 기타,단일로,기타,0,0,1,0,1,1,0,N,Y,피해,승용,여,51-60세,상해없음,개인형이동수단(PM),남,31-40세,상해없음,2021.xlsx
2021036544,2021-03,2021,3,종로구,야간,경상사고,차대차 - 추돌,차대차,추돌,안전운전불이행,건조,맑음,단일로 - 기타,단일로,기타,0,0,1,0,1,1,0,N,Y,피해,승용,남,41-50세,상해없음,개인형이동수단(PM),남,65세 이상,경상,2021.xlsx
2021035002,2021-03,2021,3,중구,야간,중상사고,차대사람 - 횡단중,차대사람,횡단중,신호위반,건조,맑음,교차로 - 교차로횡단보도내,교차로,교차로횡단보도내,0,1,0,0,1,1,1,Y,N,가해,개인형이동수단(PM),남,31-40세,상해없음,보행자,여,51-60세,중상,2021.xlsx
2021041568,2021-03,2021,3,중구,주간,경상사고,차대차 - 기타,차대차,기타,안전운전불이행,건조,맑음,교차로 - 교차로안,교차로,교차로안,0,0,1,0,1,1,0,N,Y,피해,이륜,남,51-60세,상해없음,개인형이동수단(PM),여,31-40세,경상,2021.xlsx
2021034392,2021-03,2021,3,중랑구,야간,경상사고,차대차 - 충돌,차대차,충돌,안전운전불이행,건조,맑음,교차로 - 교차로안,교차로,교차로안,0,0,1,0,1,1,0,Y,N,가해,개인형이동수단(PM),남,41-50세,경상,화물,남,41-50세,상해없음,2021.xlsx
2021043065,2021-03,2021,3,중랑구,야간,부상신고사고,차대차 - 기타,차대차,기타,안전운전불이행,건조,맑음,교차로 - 교차로횡단보도내,교차로,교차로횡단보도내,0,0,0,1,1,1,0,Y,N,가해,개인형이동수단(PM),남,21-30세,부상신고,승용,남,65세 이상,상해없음,2021.xlsx
2021048575,2021-04,2021,4,강남구,주간,경상사고,차대사람 - 기타,차대사람,기타,안전운전불이행,건조,맑음,단일로 - 기타,단일로,기타,0,0,1,0,1,1,0,Y,N,가해,개인형이동수단(PM),남,20세 이하,상해없음,보행자,여,51-60세,경상,2021.xlsx
2021048897,2021-04,2021,4,강남구,야간,경상사고,차대사람 - 기타,차대사람,기타,안전운전불이행,건조,맑음,단일로 - 기타,단일로,기타,0,0,1,0,1,1,0,Y,N,가해,개인형이동수단(PM),남,20세 이하,상해없음,보행자,남,31-40세,경상,2021.xlsx
2021051238,2021-04,2021,4,강남구,야간,경상사고,차대사람 - 횡단중,차대사람,횡단중,신호위반,건조,맑음,단일로 - 기타,단일로,기타,0,0,1,0,1,1,0,Y,N,가해,개인형이동수단(PM),남,31-40세,상해없음,보행자,남,31-40세,경상,2021.xlsx
2021051239,2021-04,2021,4,강남구,야간,중상사고,차대차 - 기타,차대차,기타,안전운전불이행,기타,기타,교차로 - 교차로부근,교차로,교차로부근,0,1,0,0,1,1,1,Y,N,가해,개인형이동수단(PM),남,31-40세,중상,승용,남,41-50세,상해없음,2021.xlsx
2021051368,2021-04,2021,4,강남구,야간,경상사고,차대차 - 충돌,차대차,충돌,신호위반,기타,기타,교차로 - 교차로횡단보도내,교차로,교차로횡단보도내,0,0,1,0,1,1,0,N,Y,피해,승용,남,61-64세,상해없음,개인형이동수단(PM),남,21-30세,경상,2021.xlsx
2021053609,2021-04,2021,4,강남구,야간,경상사고,차대사람 - 기타,차대사람,기타,안전운전불이행,건조,맑음,단일로 - 기타,단일로,기타,0,0,1,0,1,1,0,Y,N,가해,개인형이동수단(PM),여,20세 이하,상해없음,보행자,여,13-20세,경상,2021.xlsx
2021054027,2021-04,2021,4,강남구,야간,경상사고,차대차 - 충돌,차대차,충돌,신호위반,건조,맑음,교차로 - 교차로횡단보도내,교차로,교차로횡단보도내,0,0,1,0,1,1,0,N,Y,피해,승용,남,41-50세,상해없음,개인형이동수단(PM),여,21-30세,경상,2021.xlsx
2021055108,2021-04,2021,4,강남구,주간,부상신고사고,차량단독 - 전도전복,차량단독,전도전복,안전운전불이행,건조,맑음,단일로 - 기타,단일로,기타,0,0,0,1,1,1,0,Y,N,가해,개인형이동수단(PM),남,21-30세,부상신고,,,,,2021.xlsx
2021057865,2021-04,2021,4,강남구,주간,경상사고,차대사람 - 차도통행중,차대사람,차도통행중,안전운전불이행,기타,맑음,단일로 - 기타,단일로,기타,0,0,1,0,1,1,0,Y,N,가해,개인형이동수단(PM),남,21-30세,상해없음,보행자,남,61-64세,경상,2021.xlsx
2021059132,2021-04,2021,4,강남구,야간,경상사고,차대차 - 기타,차대차,기타,안전운전불이행,건조,맑음,기타 - 기타,기타,기타,0,0,1,0,1,1,0,Y,N,가해,개인형이동수단(PM),남,21-30세,상해없음,자전거,남,31-40세,경상,2021.xlsx
2021059347,2021-04,2021,4,강남구,야간,경상사고,차대차 - 충돌,차대차,충돌,신호위반,건조,맑음,기타 - 기타,기타,기타,0,0,1,0,1,1,0,N,Y,피해,승합,남,41-50세,상해없음,개인형이동수단(PM),남,31-40세,경상,2021.xlsx
2021059352,2021-04,2021,4,강남구,야간,부상신고사고,차량단독 - 전도전복,차량단독,전도전복,기타,건조,흐림,단일로 - 기타,단일로,기타,0,0,0,1,1,1,0,Y,N,가해,개인형이동수단(PM),남,21-30세,부상신고,,,,,2021.xlsx