사고ID,연월,연도,월,자치구,주야,사고내용,사고유형,사고유형_대분류,사고유형_소분류,법규위반,노면상태,기상상태,도로형태,도로형태_대분류,도로형태_소분류,사망자수,중상자수,경상자수,부상신고자수,총부상자수,총사상자수,중상이상자수,PM_가해여부,PM_피해여부,PM_역할,가해운전자_차종,가해운전자_성별,가해운전자_연령대,가해운전자_상해정도,피해운전자_차종,피해운전자_성별,피해운전자_연령대,피해운전자_상해정도,원본파일
2021059580,2021-04,2021,4,강남구,주간,경상사고,차대차 - 기타,차대차,기타,안전운전불이행,건조,맑음,단일로 - 기타,단일로,기타,0,0,1,0,1,1,0,Y,N,가해,개인형이동수단(PM),남,31-40세,상해없음,이륜,남,13-20세,경상,2021.xlsx
2021059850,2021-04,2021,4,강남구,야간,경상사고,차대사람 - 기타,차대사람,기타,안전운전불이행,건조,맑음,단일로 - 기타,단일로,기타,0,0,2,0,2,2,0,Y,N,가해,개인형이동수단(PM),남,41-50세,기타불명,보행자,여,21-30세,경상,2021.xlsx
2021060358,2021-04,2021,4,강남구,야간,경상사고,차대차 - 기타,차대차,기타,안전운전불이행,건조,맑음,교차로 - 교차로안,교차로,교차로안,0,0,2,0,2,2,0,Y,N,가해,개인형이동수단(PM),여,21-30세,경상,승용,남,31-40세,경상,2021.xlsx
2021052564,2021-04,2021,4,강동구,주간,경상사고,차대차 - 충돌,차대차,충돌,교차로운행방법위반,건조,맑음,교차로 - 교차로안,교차로,교차로안,0,0,1,0,1,1,0,N,Y,피해,승용,남,51-60세,상해없음,개인형이동수단(PM),남,21-30세,경상,2021.xlsx
2021056526,2021-04,2021,4,강동구,주간,경상사고,차대차 - 충돌,차대차,충돌,안전운전불이행,건조,맑음,단일로 - 기타,단일로,기타,0,0,1,0,1,1,0,Y,N,가해,개인형이동수단(PM),남,31-40세,상해없음,자전거,여,31-40세,경상,2021.xlsx
2021056933,2021-04,2021,4,강동구,야간,중상사고,차량단독 - 기타,차량단독,기타,안전운전불이행,건조,맑음,교차로 - 교차로횡단보도내,교차로,교차로횡단보도내,0,1,0,0,1,1,1,Y,N,가해,개인형이동수단(PM),남,41-50세,중상,,,,,2021.xlsx
2021048077,2021-04,2021,4,강북구,주간,경상사고,차대사람 - 횡단중,차대사람,횡단중,안전운전불이행,건조,맑음,단일로 - 기타,단일로,기타,0,0,1,0,1,1,0,Y,N,가해,개인형이동수단(PM),남,21-30세,상해없음,보행자,여,61-64세,경상,2021.xlsx
2021049196,2021-04,2021,4,강북구,주간,중상사고,차대사람 - 기타,차대사람,기타,안전운전불이행,건조,맑음,단일로 - 기타,단일로,기타,0,1,0,0,1,1,1,Y,N,가해,개인형이동수단(PM),남,21-30세,상해없음,보행자,여,61-64세,중상,2021.xlsx
2021057591,2021-04,2021,4,강북구,주간,중상사고,차대차 - 기타,차대차,기타,기타,건조,맑음,단일로 - 기타,단일로,기타,0,1,0,0,1,1,1,N,Y,피해,승용,여,51-60세,상해없음,개인형이동수단(PM),남,21-30세,중상,2021.xlsx
2021058068,2021-04,2021,4,강북구,야간,경상사고,차대사람 - 기타,차대사람,기타,안전운전불이행,건조,맑음,기타 - 기타,기타,기타,0,0,1,0,1,1,0,Y,N,가해,개인형이동수단(PM),남,20세 이하,상해없음,보행자,여,31-40세,경상,2021.xlsx
2021058110,2021-04,2021,4,강북구,야간,경상사고,차대사람 - 기타,차대사람,기타,안전운전불이행,건조,맑음,교차로 - 교차로부근,교차로,교차로부근,0,0,1,0,1,1,0,Y,N,가해,개인형이동수단(PM),남,21-30세,상해없음,보행자,남,21-30세,경상,2021.xlsx
2021053274,2021-04,2021,4,강서구,주간,경상사고,차대차 - 기타,차대차,기타,신호위반,건조,맑음,교차로 - 교차로안,교차로,교차로안,0,0,1,0,1,1,0,Y,N,가해,개인형이동수단(PM),남,31-40세,경상,승용,남,31-40세,상해없음,2021.xlsx
2021059097,2021-04,2021,4,강서구,주간,경상사고,차대사람 - 길가장자리구역통행중,차대사람,길가장자리구역통행중,안전운전불이행,건조,맑음,단일로 - 기타,단일로,기타,0,0,1,0,1,1,0,Y,N,가해,개인형이동수단(PM),기타불명,기타불명,기타불명,보행자,여,21-30세,경상,2021.xlsx
2021046033,2021-04,2021,4,관악구,야간,중상사고,차대차 - 기타,차대차,기타,기타,건조,맑음,단일로 - 기타,단일로,기타,0,1,0,0,1,1,1,N,Y,피해,승용,남,51-60세,상해없음,개인형이동수단(PM),남,31-40세,중상,2021.xlsx
2021051053,2021-04,2021,4,관악구,주간,경상사고,차대사람 - 기타,차대사람,기타,안전운전불이행,건조,맑음,단일로 - 기타,단일로,기타,0,0,1,0,1,1,0,Y,N,가해,개인형이동수단(PM),남,20세 이하,상해없음,보행자,여,21-30세,경상,2021.xlsx
2021058037,2021-04,2021,4,관악구,야간,경상사고,차대차 - 충돌,차대차,충돌,안전운전불이행,건조,맑음,교차로 - 교차로부근,교차로,교차로부근,0,0,1,0,1,1,0,Y,N,가해,개인형이동수단(PM),남,31-40세,경상,화물,남,41-50세,상해없음,2021.xlsx
2021046412,2021-04,2021,4,광진구,주간,경상사고,차대사람 - 기타,차대사람,기타,보행자보호의무위반,건조,맑음,단일로 - 기타,단일로,기타,0,0,2,0,2,2,0,Y,N,가해,개인형이동수단(PM),남,21-30세,상해없음,보행자,여,21-30세,경상,2021.xlsx
2021053190,2021-04,2021,4,광진구,주간,경상사고,차대차 - 충돌,차대차,충돌,신호위반,건조,맑음,교차로 - 교차로횡단보도내,교차로,교차로횡단보도내,0,0,1,0,1,1,0,N,Y,피해,승용,남,65세 이상,상해없음,개인형이동수단(PM),남,21-30세,경상,2021.xlsx
2021055145,2021-04,2021,4,구로구,주간,경상사고,차대차 - 기타,차대차,기타,안전운전불이행,건조,맑음,교차로 - 교차로안,교차로,교차로안,0,0,1,0,1,1,0,N,Y,피해,자전거,남,20세 이하,상해없음,개인형이동수단(PM),여,41-50세,상해없음,2021.xlsx
2021061373,2021-04,2021,4,구로구,야간,부상신고사고,차대차 - 기타,차대차,기타,안전운전불이행,건조,맑음,단일로 - 기타,단일로,기타,0,0,0,1,1,1,0,N,Y,피해,기타불명,기타불명,기타불명,기타불명,개인형이동수단(PM),남,31-40세,부상신고,2021.xlsx
2021050377,2021-04,2021,4,도봉구,주간,부상신고사고,차대차 - 충돌,차대차,충돌,신호위반,건조,맑음,교차로 - 교차로안,교차로,교차로안,0,0,0,1,1,1,0,Y,N,가해,개인형이동수단(PM),여,20세 이하,부상신고,승용,남,65세 이상,상해없음,2021.xlsx
2021055324,2021-04,2021,4,동대문구,야간,경상사고,차대차 - 기타,차대차,기타,안전운전불이행,건조,맑음,기타 - 기타,기타,기타,0,0,1,0,1,1,0,N,Y,피해,이륜,남,21-30세,상해없음,개인형이동수단(PM),남,21-30세,경상,2021.xlsx
2021062587,2021-04,2021,4,동대문구,야간,경상사고,차대사람 - 횡단중,차대사람,횡단중,신호위반,건조,맑음,교차로 - 교차로안,교차로,교차로안,0,0,1,0,1,1,0,Y,N,가해,개인형이동수단(PM),남,21-30세,상해없음,보행자,여,51-60세,경상,2021.xlsx
2021049104,2021-04,2021,4,동작구,주간,중상사고,차대차 - 충돌,차대차,충돌,안전운전불이행,건조,맑음,교차로 - 교차로횡단보도내,교차로,교차로횡단보도내,0,1,0,0,1,1,1,Y,N,가해,개인형이동수단(PM),남,20세 이하,중상,승용,남,65세 이상,상해없음,2021.xlsx
2021053426,2021-04,2021,4,동작구,주간,경상사고,차대차 - 기타,차대차,기타,기타,건조,맑음,교차로 - 교차로부근,교차로,교차로부근,0,0,1,0,1,1,0,Y,N,가해,개인형이동수단(PM),남,20세 이하,경상,이륜,남,31-40세,상해없음,2021.xlsx
2021054695,2021-04,2021,4,마포구,야간,중상사고,차대차 - 충돌,차대차,충돌,기타,건조,맑음,단일로 - 기타,단일로,기타,0,1,0,0,1,1,1,Y,N,가해,개인형이동수단(PM),여,31-40세,중상,승용,남,61-64세,상해없음,2021.xlsx
2021058656,2021-04,2021,4,마포구,야간,경상사고,차대차 - 충돌,차대차,충돌,안전운전불이행,건조,맑음,기타 - 기타,기타,기타,0,0,1,0,1,1,0,Y,N,가해,개인형이동수단(PM),남,21-30세,상해없음,이륜,남,31-40세,경상,2021.xlsx
2021059768,2021-04,2021,4,마포구,야간,경상사고,차대사람 - 기타,차대사람,기타,안전운전불이행,건조,맑음,교차로 - 교차로안,교차로,교차로안,0,0,1,0,1,1,0,Y,N,가해,개인형이동수단(PM),남,20세 이하,상해없음,보행자,여,65세 이상,경상,2021.xlsx
2021061451,2021-04,2021,4,마포구,야간,경상사고,차대차 - 충돌,차대차,충돌,안전운전불이행,건조,맑음,단일로 - 기타,단일로,기타,0,0,1,0,1,1,0,Y,N,가해,개인형이동수단(PM),남,31-40세,상해없음,자전거,여,41-50세,경상,2021.xlsx
2021063397,2021-04,2021,4,마포구,야간,중상사고,차대사람 - 기타,차대사람,기타,안전운전불이행,건조,맑음,단일로 - 기타,단일로,기타,0,1,0,0,1,1,1,Y,N,가해,개인형이동수단(PM),남,21-30세,상해없음,보행자,남,31-40세,중상,2021.xlsx
2021046376,2021-04,2021,4,서대문구,주간,부상신고사고,차대사람 - 기타,차대사람,기타,안전운전불이행,건조,맑음,단일로 - 기타,단일로,기타,0,0,0,1,1,1,0,Y,N,가해,개인형이동수단(PM),여,20세 이하,상해없음,보행자,여,51-60세,부상신고,2021.xlsx
2021055329,2021-04,2021,4,서초구,야간,중상사고,차대차 - 충돌,차대차,충돌,기타,건조,맑음,교차로 - 교차로안,교차로,교차로안,0,1,0,0,1,1,1,Y,N,가해,개인형이동수단(PM),남,41-50세,중상,승용,여,61-64세,상해없음,2021.xlsx
2021055369,2021-04,2021,4,서초구,야간,중상사고,차대차 - 충돌,차대차,충돌,기타,건조,맑음,교차로 - 교차로안,교차로,교차로안,0,1,1,1,3,3,1,Y,N,가해,개인형이동수단(PM),남,51-60세,부상신고,승용,남,51-60세,상해없음,2021.xlsx
2021058457,2021-04,2021,4,서초구,주간,경상사고,차대차 - 추돌,차대차,추돌,안전운전불이행,건조,맑음,기타 - 기타,기타,기타,0,0,1,0,1,1,0,Y,N,가해,개인형이동수단(PM),남,21-30세,경상,화물,남,31-40세,상해없음,2021.xlsx
2021054326,2021-04,2021,4,성동구,주간,경상사고,차대차 - 기타,차대차,기타,안전운전불이행,건조,맑음,교차로 - 교차로횡단보도내,교차로,교차로횡단보도내,0,0,2,0,2,2,0,Y,N,가해,개인형이동수단(PM),여,31-40세,경상,자전거,여,65세 이상,경상,2021.xlsx
2021059178,2021-04,2021,4,성동구,야간,중상사고,차대차 - 충돌,차대차,충돌,안전운전불이행,건조,맑음,단일로 - 기타,단일로,기타,0,1,0,0,1,1,1,N,Y,피해,자전거,남,65세 이상,상해없음,개인형이동수단(PM),여,21-30세,중상,2021.xlsx
2021061627,2021-04,2021,4,성동구,주간,경상사고,차대사람 - 기타,차대사람,기타,안전운전불이행,건조,맑음,기타 - 기타,기타,기타,0,0,1,0,1,1,0,Y,N,가해,개인형이동수단(PM),여,31-40세,상해없음,보행자,남,21-30세,경상,2021.xlsx
2021053517,2021-04,2021,4,성북구,야간,부상신고사고,차대사람 - 보도통행중,차대사람,보도통행중,기타,건조,맑음,기타 - 기타,기타,기타,0,0,0,1,1,1,0,Y,N,가해,개인형이동수단(PM),기타불명,기타불명,기타불명,보행자,여,13-20세,부상신고,2021.xlsx
2021055601,2021-04,2021,4,성북구,주간,중상사고,차대사람 - 보도통행중,차대사람,보도통행중,기타,건조,맑음,단일로 - 기타,단일로,기타,0,1,0,0,1,1,1,Y,N,가해,개인형이동수단(PM),남,21-30세,상해없음,보행자,남,21-30세,중상,2021.xlsx
2021059653,2021-04,2021,4,성북구,주간,경상사고,차대사람 - 기타,차대사람,기타,안전운전불이행,건조,맑음,단일로 - 기타,단일로,기타,0,0,1,0,1,1,0,Y,N,가해,개인형이동수단(PM),남,20세 이하,상해없음,보행자,남,21-30세,경상,2021.xlsx
2021051301,2021-04,2021,4,송파구,야간,중상사고,차대차 - 충돌,차대차,충돌,안전운전불이행,건조,맑음,단일로 - 기타,단일로,기타,0,1,0,1,2,2,1,Y,N,가해,개인형이동수단(PM),여,20세 이하,부상신고,이륜,남,41-50세,중상,2021.xlsx
2021053430,2021-04,2021,4,송파구,주간,경상사고,차대차 - 기타,차대차,기타,신호위반,건조,맑음,교차로 - 교차로안,교차로,교차로안,0,0,1,0,1,1,0,Y,N,가해,개인형이동수단(PM),남,20세 이하,경상,승용,남,31-40세,상해없음,2021.xlsx
2021054844,2021-04,2021,4,송파구,주간,부상신고사고,차대차 - 충돌,차대차,충돌,안전운전불이행,건조,맑음,기타 - 기타,기타,기타,0,0,0,1,1,1,0,Y,N,가해,개인형이동수단(PM),여,20세 이하,부상신고,승용,여,31-40세,상해없음,2021.xlsx
2021057556,2021-04,2021,4,송파구,주간,경상사고,차대차 - 추돌,차대차,추돌,안전운전불이행,건조,맑음,교차로 - 교차로횡단보도내,교차로,교차로횡단보도내,0,0,1,0,1,1,0,N,Y,피해,승용,여,61-64세,상해없음,개인형이동수단(PM),남,31-40세,경상,2021.xlsx
2021059407,2021-04,2021,4,송파구,주간,중상사고,차대사람 - 보도통행중,차대사람,보도통행중,기타,건조,맑음,단일로 - 기타,단일로,기타,0,1,0,0,1,1,1,Y,N,가해,개인형이동수단(PM),여,31-40세,상해없음,보행자,남,31-40세,중상,2021.xlsx
2021059911,2021-04,2021,4,송파구,야간,부상신고사고,차대차 - 기타,차대차,기타,신호위반,건조,맑음,교차로 - 교차로안,교차로,교차로안,0,0,0,1,1,1,0,Y,N,가해,개인형이동수단(PM),여,20세 이하,상해없음,자전거,여,51-60세,부상신고,2021.xlsx
2021047068,2021-04,2021,4,양천구,야간,경상사고,차대차 - 충돌,차대차,충돌,안전운전불이행,건조,흐림,교차로 - 교차로부근,교차로,교차로부근,0,0,1,0,1,1,0,N,Y,피해,승용,남,65세 이상,상해없음,개인형이동수단(PM),여,13-20세,경상,2021.xlsx
2021046093,2021-04,2021,4,영등포구,주간,경상사고,차대사람 - 보도통행중,차대사람,보도통행중,기타,건조,맑음,기타 - 기타,기타,기타,0,0,1,0,1,1,0,Y,N,가해,개인형이동수단(PM),남,21-30세,상해없음,보행자,여,31-40세,경상,2021.xlsx
2021055925,2021-04,2021,4,영등포구,야간,경상사고,차대차 - 충돌,차대차,충돌,중앙선침범,건조,맑음,단일로 - 기타,단일로,기타,0,0,1,0,1,1,0,Y,N,가해,개인형이동수단(PM),남,20세 이하,경상,승용,남,31-40세,상해없음,2021.xlsx
2021058942,2021-04,2021,4,영등포구,주간,경상사고,차대차 - 기타,차대차,기타,신호위반,건조,맑음,단일로 - 기타,단일로,기타,0,0,1,0,1,1,0,N,Y,피해,승용,남,51-60세,상해없음,개인형이동수단(PM),남,31-40세,경상,2021.xlsx
2021046039,2021-04,2021,4,용산구,야간,경상사고,차대차 - 기타,차대차,기타,안전운전불이행,건조,맑음,기타 - 기타,기타,기타,0,0,1,0,1,1,0,Y,N,가해,개인형이동수단(PM),남,31-40세,기타불명,자전거,남,31-40세,경상,2021.xlsx
2021061370,2021-04,2021,4,용산구,야간,부상신고사고,차대차 - 기타,차대차,기타,중앙선침범,건조,맑음,교차로 - 교차로부근,교차로,교차로부근,0,0,0,1,1,1,0,Y,N,가해,개인형이동수단(PM),남,31-40세,부상신고,승용,남,41-50세,상해없음,2021.xlsx
2021050780,2021-04,2021,4,은평구,주간,경상사고,차대차 - 충돌,차대차,충돌,중앙선침범,건조,맑음,교차로 - 교차로안,교차로,교차로안,0,0,1,0,1,1,0,Y,N,가해,개인형이동수단(PM),여,21-30세,경상,승용,남,21-30세,상해없음,2021.xlsx
2021062113,2021-04,2021,4,은평구,야간,중상사고,차대사람 - 기타,차대사람,기타,안전운전불이행,건조,맑음,기타 - 기타,기타,기타,0,1,0,0,1,1,1,Y,N,가해,개인형이동수단(PM),남,31-40세,상해없음,보행자,여,51-60세,중상,2021.xlsx
2021058523,2021-04,2021,4,중구,야간,경상사고,차대차 - 기타,차대차,기타,안전운전불이행,건조,맑음,교차로 - 교차로부근,교차로,교차로부근,0,0,1,0,1,1,0,N,Y,피해,승용,여,31-40세,상해없음,개인형이동수단(PM),여,21-30세,경상,2021.xlsx
2021062263,2021-04,2021,4,중구,주간,부상신고사고,차대차 - 기타,차대차,기타,안전운전불이행,건조,맑음,교차로 - 교차로횡단보도내,교차로,교차로횡단보도내,0,0,0,1,1,1,0,Y,N,가해,개인형이동수단(PM),남,21-30세,부상신고,승용,여,65세 이상,상해없음,2021.xlsx
2021051535,2021-04,2021,4,중랑구,주간,경상사고,차대사람 - 기타,차대사람,기타,안전운전불이행,건조,맑음,교차로 - 교차로안,교차로,교차로안,0,0,1,0,1,1,0,Y,N,가해,개인형이동수단(PM),남,31-40세,상해없음,보행자,여,21-30세,경상,2021.xlsx
2021053884,2021-04,2021,4,중랑구,주간,경상사고,차대차 - 기타,차대차,기타,중앙선침범,건조,맑음,단일로 - 기타,단일로,기타,0,0,1,0,1,1,0,N,Y,피해,이륜,남,20세 이하,상해없음,개인형이동수단(PM),남,21-30세,경상,2021.xlsx
2021064974,2021-05,2021,5,강남구,야간,부상신고사고,차대차 - 기타,차대차,기타,안전운전불이행,건조,맑음,교차로 - 교차로횡단보도내,교차로,교차로횡단보도내,0,0,0,1,1,1,0,Y,N,가해,개인형이동수단(PM),여,21-30세,부상신고,승용,남,61-64세,상해없음,2021.xlsx
2021065658,2021-05,2021,5,강남구,야간,경상사고,차대차 - 기타,차대차,기타,안전운전불이행,침수,비,교차로 - 교차로부근,교차로,교차로부근,0,0,1,0,1,1,0,Y,N,가해,개인형이동수단(PM),남,21-30세,경상,승용,남,31-40세,상해없음,2021.xlsx
2021069758,2021-05,2021,5,강남구,주간,중상사고,차대사람 - 보도통행중,차대사람,보도통행중,기타,건조,맑음,기타 - 기타,기타,기타,0,1,0,0,1,1,1,Y,N,가해,개인형이동수단(PM),여,21-30세,상해없음,보행자,여,65세 이상,중상,2021.xlsx
2021070277,2021-05,2021,5,강남구,야간,부상신고사고,차대차 - 기타,차대차,기타,기타,건조,맑음,교차로 - 교차로안,교차로,교차로안,0,0,0,1,1,1,0,Y,N,가해,개인형이동수단(PM),남,21-30세,부상신고,승용,여,31-40세,상해없음,2021.xlsx
2021073797,2021-05,2021,5,강남구,야간,중상사고,차대사람 - 기타,차대사람,기타,안전운전불이행,젖음/습기,맑음,단일로 - 기타,단일로,기타,0,1,0,0,1,1,1,Y,N,가해,개인형이동수단(PM),남,31-40세,상해없음,보행자,여,31-40세,중상,2021.xlsx
2021075396,2021-05,2021,5,강남구,야간,경상사고,차대차 - 기타,차대차,기타,기타,건조,맑음,단일로 - 기타,단일로,기타,0,0,2,0,2,2,0,Y,Y,가해+피해,개인형이동수단(PM),남,31-40세,경상,개인형이동수단(PM),여,13-20세,경상,2021.xlsx
2021075626,2021-05,2021,5,강남구,주간,경상사고,차대차 - 충돌,차대차,충돌,신호위반,기타,맑음,단일로 - 기타,단일로,기타,0,0,1,0,1,1,0,N,Y,피해,승용,남,31-40세,상해없음,개인형이동수단(PM),여,21-30세,경상,2021.xlsx
2021077254,2021-05,2021,5,강남구,주간,경상사고,차대차 - 기타,차대차,기타,안전운전불이행,건조,맑음,단일로 - 기타,단일로,기타,0,0,1,0,1,1,0,Y,N,가해,개인형이동수단(PM),남,31-40세,경상,승용,남,61-64세,상해없음,2021.xlsx
2021078214,2021-05,2021,5,강남구,주간,경상사고,차대차 - 기타,차대차,기타,안전운전불이행,건조,맑음,단일로 - 기타,단일로,기타,0,0,1,0,1,1,0,Y,N,가해,개인형이동수단(PM),여,31-40세,경상,승용,여,41-50세,상해없음,2021.xlsx
2021079745,2021-05,2021,5,강남구,야간,경상사고,차대차 - 기타,차대차,기타,교차로운행방법위반,건조,맑음,교차로 - 교차로안,교차로,교차로안,0,0,1,0,1,1,0,N,Y,피해,승용,남,65세 이상,상해없음,개인형이동수단(PM),남,21-30세,경상,2021.xlsx
2021080399,2021-05,2021,5,강남구,주간,경상사고,차대차 - 충돌,차대차,충돌,기타,건조,맑음,교차로 - 교차로안,교차로,교차로안,0,0,1,0,1,1,0,Y,N,가해,개인형이동수단(PM),남,21-30세,경상,승용,여,31-40세,상해없음,2021.xlsx
2021080792,2021-05,2021,5,강남구,야간,경상사고,차대차 - 충돌,차대차,충돌,기타,기타,흐림,교차로 - 교차로안,교차로,교차로안,0,0,1,0,1,1,0,Y,N,가해,개인형이동수단(PM),남,21-30세,경상,승용,남,51-60세,상해없음,2021.xlsx
2021067404,2021-05,2021,5,강북구,야간,경상사고,차대사람 - 기타,차대사람,기타,안전운전불이행,건조,맑음,교차로 - 교차로부근,교차로,교차로부근,0,0,1,0,1,1,0,Y,N,가해,개인형이동수단(PM),남,21-30세,기타불명,보행자,남,51-60세,경상,2021.xlsx
2021073010,2021-05,2021,5,강북구,야간,경상사고,차대차 - 기타,차대차,기타,신호위반,건조,맑음,교차로 - 교차로안,교차로,교차로안,0,0,1,0,1,1,0,Y,N,가해,개인형이동수단(PM),남,20세 이하,상해없음,이륜,남,21-30세,경상,2021.xlsx
2021077337,2021-05,2021,5,강북구,주간,경상사고,차대차 - 충돌,차대차,충돌,안전운전불이행,건조,맑음,교차로 - 교차로부근,교차로,교차로부근,0,0,1,0,1,1,0,Y,N,가해,개인형이동수단(PM),남,31-40세,경상,승용,여,51-60세,상해없음,2021.xlsx
2021066783,2021-05,2021,5,강서구,야간,경상사고,차대사람 - 횡단중,차대사람,횡단중,신호위반,건조,맑음,교차로 - 교차로횡단보도내,교차로,교차로횡단보도내,0,0,1,0,1,1,0,Y,N,가해,개인형이동수단(PM),남,20세 이하,상해없음,보행자,여,65세 이상,경상,2021.xlsx
2021066812,2021-05,2021,5,강서구,야간,경상사고,차대사람 - 기타,차대사람,기타,안전운전불이행,건조,흐림,단일로 - 기타,단일로,기타,0,0,1,0,1,1,0,Y,N,가해,개인형이동수단(PM),여,21-30세,상해없음,보행자,여,61-64세,경상,2021.xlsx
2021067144,2021-05,2021,5,강서구,주간,경상사고,차대차 - 기타,차대차,기타,안전운전불이행,건조,맑음,단일로 - 기타,단일로,기타,0,0,1,0,1,1,0,Y,N,가해,개인형이동수단(PM),남,51-60세,경상,승용,남,31-40세,상해없음,2021.xlsx
2021068467,2021-05,2021,5,강서구,야간,경상사고,차대차 - 기타,차대차,기타,안전운전불이행,건조,맑음,기타 - 기타,기타,기타,0,0,1,0,1,1,0,N,Y,피해,자전거,남,20세 이하,경상,개인형이동수단(PM),남,13-20세,상해없음,2021.xlsx
2021071515,2021-05,2021,5,강서구,야간,경상사고,차대차 - 추돌,차대차,추돌,안전운전불이행,건조,맑음,단일로 - 기타,단일로,기타,0,0,1,0,1,1,0,N,Y,피해,이륜,남,21-30세,경상,개인형이동수단(PM),남,41-50세,상해없음,2021.xlsx
2021073241,2021-05,2021,5,강서구,주간,경상사고,차대차 - 충돌,차대차,충돌,안전운전불이행,건조,맑음,단일로 - 기타,단일로,기타,0,0,1,0,1,1,0,N,Y,피해,자전거,기타불명,기타불명,기타불명,개인형이동수단(PM),여,31-40세,경상,2021.xlsx
2021073834,2021-05,2021,5,강서구,주간,경상사고,차대차 - 기타,차대차,기타,교차로운행방법위반,건조,맑음,교차로 - 교차로안,교차로,교차로안,0,0,1,0,1,1,0,Y,N,가해,개인형이동수단(PM),여,31-40세,경상,화물,남,31-40세,상해없음,2021.xlsx
2021076307,2021-05,2021,5,강서구,야간,중상사고,차대차 - 추돌,차대차,추돌,안전거리미확보,건조,흐림,단일로 - 기타,단일로,기타,0,1,0,0,1,1,1,N,Y,피해,승용,남,21-30세,상해없음,개인형이동수단(PM),남,31-40세,중상,2021.xlsx
2021071512,2021-05,2021,5,광진구,야간,경상사고,차대사람 - 기타,차대사람,기타,안전운전불이행,건조,맑음,단일로 - 기타,단일로,기타,0,0,1,0,1,1,0,Y,N,가해,개인형이동수단(PM),남,20세 이하,상해없음,보행자,여,12세 이하,경상,2021.xlsx
2021073766,2021-05,2021,5,광진구,야간,부상신고사고,차대차 - 충돌,차대차,충돌,안전운전불이행,건조,맑음,교차로 - 교차로안,교차로,교차로안,0,0,0,1,1,1,0,Y,N,가해,개인형이동수단(PM),남,31-40세,부상신고,승용,남,51-60세,상해없음,2021.xlsx
2021064946,2021-05,2021,5,구로구,야간,경상사고,차대차 - 기타,차대차,기타,안전운전불이행,건조,맑음,교차로 - 교차로안,교차로,교차로안,0,0,1,0,1,1,0,Y,N,가해,개인형이동수단(PM),남,41-50세,경상,승용,남,41-50세,상해없음,2021.xlsx
2021069124,2021-05,2021,5,구로구,야간,중상사고,차대차 - 기타,차대차,기타,안전운전불이행,건조,맑음,기타 - 기타,기타,기타,0,1,0,0,1,1,1,N,Y,피해,승용,남,21-30세,상해없음,개인형이동수단(PM),남,41-50세,중상,2021.xlsx
2021071741,2021-05,2021,5,구로구,주간,부상신고사고,차대차 - 기타,차대차,기타,안전운전불이행,건조,맑음,단일로 - 기타,단일로,기타,0,0,0,1,1,1,0,Y,N,가해,개인형이동수단(PM),남,31-40세,부상신고,화물,남,41-50세,상해없음,2021.xlsx
2021075667,2021-05,2021,5,구로구,주간,부상신고사고,차대차 - 충돌,차대차,충돌,안전운전불이행,건조,맑음,교차로 - 교차로횡단보도내,교차로,교차로횡단보도내,0,0,0,1,1,1,0,Y,N,가해,개인형이동수단(PM),남,65세 이상,부상신고,승용,남,61-64세,상해없음,2021.xlsx
2021066204,2021-05,2021,5,금천구,야간,경상사고,차대차 - 기타,차대차,기타,신호위반,건조,맑음,단일로 - 기타,단일로,기타,0,0,1,0,1,1,0,N,Y,피해,이륜,남,20세 이하,상해없음,개인형이동수단(PM),남,13-20세,경상,2021.xlsx
2021070098,2021-05,2021,5,금천구,주간,중상사고,차대차 - 충돌,차대차,충돌,안전거리미확보,건조,맑음,교차로 - 교차로부근,교차로,교차로부근,0,1,0,0,1,1,1,N,Y,피해,승용,남,51-60세,상해없음,개인형이동수단(PM),남,51-60세,중상,2021.xlsx
2021075983,2021-05,2021,5,금천구,야간,경상사고,차대차 - 충돌,차대차,충돌,신호위반,건조,맑음,교차로 - 교차로부근,교차로,교차로부근,0,0,1,0,1,1,0,N,Y,피해,승용,남,21-30세,상해없음,개인형이동수단(PM),남,13-20세,경상,2021.xlsx
2021076973,2021-05,2021,5,금천구,야간,중상사고,차대차 - 충돌,차대차,충돌,신호위반,건조,맑음,교차로 - 교차로횡단보도내,교차로,교차로횡단보도내,0,1,0,0,1,1,1,N,Y,피해,이륜,남,21-30세,상해없음,개인형이동수단(PM),남,61-64세,중상,2021.xlsx
2021079452,2021-05,2021,5,금천구,주간,경상사고,차대차 - 기타,차대차,기타,신호위반,건조,맑음,단일로 - 기타,단일로,기타,0,0,1,0,1,1,0,N,Y,피해,승용,남,21-30세,상해없음,개인형이동수단(PM),남,21-30세,경상,2021.xlsx
2021070108,2021-05,2021,5,도봉구,주간,경상사고,차대차 - 추돌,차대차,추돌,안전운전불이행,건조,맑음,기타 - 기타,기타,기타,0,0,1,0,1,1,0,Y,N,가해,개인형이동수단(PM),남,31-40세,상해없음,자전거,남,21-30세,경상,2021.xlsx