사고ID,연월,연도,월,자치구,주야,사고내용,사고유형,사고유형_대분류,사고유형_소분류,법규위반,노면상태,기상상태,도로형태,도로형태_대분류,도로형태_소분류,사망자수,중상자수,경상자수,부상신고자수,총부상자수,총사상자수,중상이상자수,PM_가해여부,PM_피해여부,PM_역할,가해운전자_차종,가해운전자_성별,가해운전자_연령대,가해운전자_상해정도,피해운전자_차종,피해운전자_성별,피해운전자_연령대,피해운전자_상해정도,원본파일
2021123894,2021-08,2021,8,동작구,주간,부상신고사고,차대차 - 기타,차대차,기타,안전운전불이행,건조,맑음,교차로 - 교차로안,교차로,교차로안,0,0,0,1,1,1,0,Y,N,가해,개인형이동수단(PM),남,21-30세,부상신고,승용,남,41-50세,상해없음,2021.xlsx
2021129246,2021-08,2021,8,동작구,주간,경상사고,차대차 - 충돌,차대차,충돌,기타,건조,맑음,교차로 - 교차로부근,교차로,교차로부근,0,0,1,0,1,1,0,Y,N,가해,개인형이동수단(PM),남,21-30세,경상,화물,남,65세 이상,상해없음,2021.xlsx
2021119134,2021-08,2021,8,마포구,주간,중상사고,차대사람 - 기타,차대사람,기타,안전운전불이행,건조,맑음,단일로 - 기타,단일로,기타,0,1,0,0,1,1,1,Y,N,가해,개인형이동수단(PM),여,21-30세,상해없음,보행자,여,65세 이상,중상,2021.xlsx
2021119611,2021-08,2021,8,마포구,야간,중상사고,차대사람 - 기타,차대사람,기타,안전운전불이행,건조,맑음,기타 - 기타,기타,기타,0,1,0,0,1,1,1,Y,N,가해,개인형이동수단(PM),여,21-30세,상해없음,보행자,여,13-20세,중상,2021.xlsx
2021123808,2021-08,2021,8,마포구,야간,중상사고,차대사람 - 기타,차대사람,기타,신호위반,건조,맑음,단일로 - 기타,단일로,기타,0,1,0,0,1,1,1,Y,N,가해,개인형이동수단(PM),남,21-30세,상해없음,보행자,여,31-40세,중상,2021.xlsx
2021130541,2021-08,2021,8,서대문구,야간,경상사고,차대사람 - 보도통행중,차대사람,보도통행중,기타,건조,맑음,단일로 - 기타,단일로,기타,0,0,1,0,1,1,0,Y,N,가해,개인형이동수단(PM),남,20세 이하,상해없음,보행자,남,51-60세,경상,2021.xlsx
2021120143,2021-08,2021,8,서초구,야간,부상신고사고,차대차 - 기타,차대차,기타,안전운전불이행,건조,맑음,기타 - 기타,기타,기타,0,0,0,1,1,1,0,N,Y,피해,기타불명,기타불명,기타불명,기타불명,개인형이동수단(PM),남,21-30세,부상신고,2021.xlsx
2021121310,2021-08,2021,8,서초구,주간,중상사고,차대차 - 충돌,차대차,충돌,기타,건조,맑음,교차로 - 교차로횡단보도내,교차로,교차로횡단보도내,0,1,1,0,2,2,1,Y,N,가해,개인형이동수단(PM),남,21-30세,중상,승용,여,31-40세,경상,2021.xlsx
2021126801,2021-08,2021,8,서초구,야간,경상사고,차대사람 - 보도통행중,차대사람,보도통행중,기타,건조,맑음,단일로 - 기타,단일로,기타,0,0,1,0,1,1,0,Y,N,가해,개인형이동수단(PM),여,21-30세,상해없음,보행자,남,41-50세,경상,2021.xlsx
2021127760,2021-08,2021,8,서초구,야간,경상사고,차대차 - 충돌,차대차,충돌,기타,젖음/습기,비,단일로 - 기타,단일로,기타,0,0,1,0,1,1,0,Y,N,가해,개인형이동수단(PM),남,31-40세,경상,승용,남,51-60세,상해없음,2021.xlsx
2021130810,2021-08,2021,8,서초구,주간,중상사고,차량단독 - 기타,차량단독,기타,안전운전불이행,건조,맑음,교차로 - 교차로부근,교차로,교차로부근,0,1,0,0,1,1,1,Y,N,가해,개인형이동수단(PM),남,21-30세,중상,,,,,2021.xlsx
2021117789,2021-08,2021,8,성동구,야간,경상사고,차대차 - 기타,차대차,기타,중앙선침범,건조,맑음,단일로 - 기타,단일로,기타,0,0,1,0,1,1,0,N,Y,피해,승용,남,31-40세,상해없음,개인형이동수단(PM),남,51-60세,경상,2021.xlsx
2021123759,2021-08,2021,8,성동구,야간,중상사고,차대차 - 기타,차대차,기타,신호위반,건조,맑음,단일로 - 기타,단일로,기타,0,1,0,0,1,1,1,N,Y,피해,이륜,남,20세 이하,상해없음,개인형이동수단(PM),여,21-30세,중상,2021.xlsx
2021131823,2021-08,2021,8,성동구,주간,경상사고,차대차 - 충돌,차대차,충돌,안전운전불이행,건조,맑음,교차로 - 교차로부근,교차로,교차로부근,0,0,1,0,1,1,0,Y,N,가해,개인형이동수단(PM),여,21-30세,경상,승용,여,51-60세,상해없음,2021.xlsx
2021119289,2021-08,2021,8,송파구,주간,경상사고,차대차 - 충돌,차대차,충돌,안전운전불이행,건조,맑음,단일로 - 기타,단일로,기타,0,0,1,0,1,1,0,N,Y,피해,승용,남,65세 이상,상해없음,개인형이동수단(PM),남,13-20세,경상,2021.xlsx
2021123390,2021-08,2021,8,송파구,주간,중상사고,차대차 - 충돌,차대차,충돌,안전운전불이행,건조,맑음,단일로 - 기타,단일로,기타,0,1,0,0,1,1,1,Y,N,가해,개인형이동수단(PM),남,21-30세,상해없음,자전거,여,65세 이상,중상,2021.xlsx
2021123503,2021-08,2021,8,송파구,주간,부상신고사고,차대차 - 충돌,차대차,충돌,안전운전불이행,건조,맑음,교차로 - 교차로안,교차로,교차로안,0,0,0,1,1,1,0,Y,N,가해,개인형이동수단(PM),여,20세 이하,상해없음,자전거,여,61-64세,부상신고,2021.xlsx
2021125249,2021-08,2021,8,송파구,야간,중상사고,차대차 - 충돌,차대차,충돌,신호위반,건조,맑음,교차로 - 교차로횡단보도내,교차로,교차로횡단보도내,0,1,0,0,1,1,1,N,Y,피해,승용,남,51-60세,상해없음,개인형이동수단(PM),여,21-30세,중상,2021.xlsx
2021125369,2021-08,2021,8,송파구,주간,중상사고,차대사람 - 보도통행중,차대사람,보도통행중,안전운전불이행,건조,맑음,단일로 - 기타,단일로,기타,0,1,0,0,1,1,1,Y,N,가해,개인형이동수단(PM),여,21-30세,상해없음,보행자,여,51-60세,중상,2021.xlsx
2021125464,2021-08,2021,8,송파구,주간,경상사고,차대사람 - 기타,차대사람,기타,안전운전불이행,건조,맑음,기타 - 기타,기타,기타,0,0,1,0,1,1,0,Y,N,가해,개인형이동수단(PM),남,21-30세,상해없음,보행자,남,31-40세,경상,2021.xlsx
2021120511,2021-08,2021,8,양천구,야간,경상사고,차대차 - 기타,차대차,기타,안전운전불이행,젖음/습기,맑음,교차로 - 교차로안,교차로,교차로안,0,0,1,0,1,1,0,N,Y,피해,승용,남,41-50세,상해없음,개인형이동수단(PM),남,21-30세,경상,2021.xlsx
2021122408,2021-08,2021,8,양천구,주간,경상사고,차대차 - 기타,차대차,기타,안전운전불이행,건조,맑음,단일로 - 기타,단일로,기타,0,0,1,0,1,1,0,Y,N,가해,개인형이동수단(PM),남,21-30세,경상,화물,남,21-30세,상해없음,2021.xlsx
2021125808,2021-08,2021,8,양천구,야간,경상사고,차대차 - 기타,차대차,기타,안전운전불이행,건조,맑음,교차로 - 교차로부근,교차로,교차로부근,0,0,2,0,2,2,0,N,Y,피해,승용,남,51-60세,상해없음,개인형이동수단(PM),여,21-30세,경상,2021.xlsx
2021121665,2021-08,2021,8,영등포구,야간,경상사고,차대차 - 기타,차대차,기타,신호위반,건조,맑음,교차로 - 교차로안,교차로,교차로안,0,0,1,0,1,1,0,N,Y,피해,승용,남,61-64세,경상,개인형이동수단(PM),남,51-60세,상해없음,2021.xlsx
2021118744,2021-08,2021,8,용산구,주간,중상사고,차대차 - 기타,차대차,기타,안전운전불이행,건조,맑음,기타 - 기타,기타,기타,0,1,0,0,1,1,1,Y,N,가해,개인형이동수단(PM),남,51-60세,중상,승용,남,41-50세,기타불명,2021.xlsx
2021119416,2021-08,2021,8,은평구,주간,중상사고,차대사람 - 보도통행중,차대사람,보도통행중,기타,건조,맑음,단일로 - 기타,단일로,기타,0,1,0,0,1,1,1,Y,N,가해,개인형이동수단(PM),남,65세 이상,상해없음,보행자,남,41-50세,중상,2021.xlsx
2021125008,2021-08,2021,8,종로구,주간,중상사고,차대차 - 기타,차대차,기타,안전운전불이행,건조,맑음,단일로 - 기타,단일로,기타,0,1,0,0,1,1,1,N,Y,피해,화물,남,51-60세,상해없음,개인형이동수단(PM),남,31-40세,중상,2021.xlsx
2021117806,2021-08,2021,8,중랑구,야간,부상신고사고,차대사람 - 횡단중,차대사람,횡단중,안전운전불이행,건조,맑음,단일로 - 기타,단일로,기타,0,0,0,1,1,1,0,Y,N,가해,개인형이동수단(PM),남,41-50세,부상신고,보행자,남,65세 이상,상해없음,2021.xlsx
2021129002,2021-08,2021,8,중랑구,주간,경상사고,차대사람 - 보도통행중,차대사람,보도통행중,기타,건조,맑음,기타 - 기타,기타,기타,0,0,1,0,1,1,0,Y,N,가해,개인형이동수단(PM),남,31-40세,상해없음,보행자,여,31-40세,경상,2021.xlsx
2021137154,2021-09,2021,9,강남구,야간,경상사고,차대차 - 기타,차대차,기타,안전운전불이행,젖음/습기,흐림,단일로 - 기타,단일로,기타,0,0,2,0,2,2,0,N,Y,피해,자전거,남,41-50세,경상,개인형이동수단(PM),남,21-30세,경상,2021.xlsx
2021138053,2021-09,2021,9,강남구,주간,경상사고,차대사람 - 길가장자리구역통행중,차대사람,길가장자리구역통행중,신호위반,건조,맑음,단일로 - 기타,단일로,기타,0,0,1,0,1,1,0,Y,N,가해,개인형이동수단(PM),여,21-30세,상해없음,보행자,남,21-30세,경상,2021.xlsx
2021138195,2021-09,2021,9,강남구,야간,부상신고사고,차대차 - 기타,차대차,기타,기타,건조,맑음,단일로 - 기타,단일로,기타,0,0,0,1,1,1,0,N,Y,피해,승용,남,61-64세,상해없음,개인형이동수단(PM),남,31-40세,부상신고,2021.xlsx
2021138325,2021-09,2021,9,강남구,야간,중상사고,차대차 - 기타,차대차,기타,기타,건조,맑음,교차로 - 교차로안,교차로,교차로안,0,1,0,0,1,1,1,N,Y,피해,승용,남,41-50세,상해없음,개인형이동수단(PM),남,31-40세,중상,2021.xlsx
2021138352,2021-09,2021,9,강남구,야간,경상사고,차대차 - 기타,차대차,기타,기타,건조,흐림,교차로 - 교차로횡단보도내,교차로,교차로횡단보도내,0,0,1,0,1,1,0,Y,N,가해,개인형이동수단(PM),여,31-40세,경상,승용,남,41-50세,상해없음,2021.xlsx
2021138422,2021-09,2021,9,강남구,야간,경상사고,차대차 - 충돌,차대차,충돌,신호위반,건조,맑음,교차로 - 교차로안,교차로,교차로안,0,0,2,0,2,2,0,Y,N,가해,개인형이동수단(PM),여,31-40세,상해없음,승용,남,13-20세,경상,2021.xlsx
2021142771,2021-09,2021,9,강남구,주간,경상사고,차대사람 - 보도통행중,차대사람,보도통행중,기타,건조,맑음,기타 - 기타,기타,기타,0,0,1,0,1,1,0,Y,N,가해,개인형이동수단(PM),남,20세 이하,기타불명,보행자,남,51-60세,경상,2021.xlsx
2021143093,2021-09,2021,9,강남구,야간,경상사고,차대차 - 충돌,차대차,충돌,신호위반,건조,맑음,교차로 - 교차로안,교차로,교차로안,0,0,1,0,1,1,0,Y,N,가해,개인형이동수단(PM),여,20세 이하,경상,승용,남,41-50세,상해없음,2021.xlsx
2021143385,2021-09,2021,9,강남구,주간,경상사고,차대사람 - 보도통행중,차대사람,보도통행중,기타,건조,맑음,기타 - 기타,기타,기타,0,0,1,0,1,1,0,Y,N,가해,개인형이동수단(PM),남,21-30세,상해없음,보행자,남,21-30세,경상,2021.xlsx
2021145161,2021-09,2021,9,강남구,주간,중상사고,차대사람 - 기타,차대사람,기타,안전운전불이행,젖음/습기,맑음,단일로 - 교량,단일로,교량,0,1,0,0,1,1,1,Y,N,가해,개인형이동수단(PM),남,20세 이하,상해없음,보행자,여,65세 이상,중상,2021.xlsx
2021145364,2021-09,2021,9,강남구,야간,중상사고,차대차 - 충돌,차대차,충돌,신호위반,건조,흐림,단일로 - 기타,단일로,기타,0,1,0,0,1,1,1,N,Y,피해,승용,남,51-60세,상해없음,개인형이동수단(PM),남,21-30세,중상,2021.xlsx
2021145881,2021-09,2021,9,강남구,야간,경상사고,차대차 - 기타,차대차,기타,안전운전불이행,건조,맑음,단일로 - 기타,단일로,기타,0,0,1,0,1,1,0,Y,N,가해,개인형이동수단(PM),남,21-30세,경상,승용,남,51-60세,상해없음,2021.xlsx
2021146450,2021-09,2021,9,강남구,야간,부상신고사고,차대차 - 기타,차대차,기타,안전운전불이행,기타,맑음,단일로 - 기타,단일로,기타,0,0,0,1,1,1,0,Y,N,가해,개인형이동수단(PM),남,31-40세,부상신고,이륜,남,31-40세,상해없음,2021.xlsx
2021149045,2021-09,2021,9,강남구,야간,경상사고,차대차 - 기타,차대차,기타,중앙선침범,젖음/습기,비,단일로 - 기타,단일로,기타,0,0,1,0,1,1,0,Y,N,가해,개인형이동수단(PM),남,21-30세,경상,승용,남,51-60세,상해없음,2021.xlsx
2021149281,2021-09,2021,9,강남구,주간,경상사고,차대차 - 기타,차대차,기타,안전운전불이행,건조,맑음,교차로 - 교차로안,교차로,교차로안,0,0,1,0,1,1,0,N,Y,피해,승용,여,31-40세,상해없음,개인형이동수단(PM),남,31-40세,경상,2021.xlsx
2021135332,2021-09,2021,9,강서구,야간,경상사고,차대차 - 기타,차대차,기타,안전운전불이행,건조,기타,기타 - 기타,기타,기타,0,0,1,0,1,1,0,N,Y,피해,승용,남,21-30세,상해없음,개인형이동수단(PM),남,21-30세,경상,2021.xlsx
2021135353,2021-09,2021,9,강서구,야간,경상사고,차대차 - 기타,차대차,기타,안전운전불이행,건조,맑음,단일로 - 기타,단일로,기타,0,0,1,0,1,1,0,N,Y,피해,승용,남,65세 이상,상해없음,개인형이동수단(PM),남,21-30세,경상,2021.xlsx
2021144391,2021-09,2021,9,강서구,주간,중상사고,차대차 - 기타,차대차,기타,안전운전불이행,건조,맑음,교차로 - 교차로안,교차로,교차로안,0,1,0,0,1,1,1,N,Y,피해,승용,여,21-30세,상해없음,개인형이동수단(PM),남,21-30세,중상,2021.xlsx
2021146963,2021-09,2021,9,강서구,야간,경상사고,차대사람 - 보도통행중,차대사람,보도통행중,기타,건조,맑음,단일로 - 기타,단일로,기타,0,0,1,0,1,1,0,Y,N,가해,개인형이동수단(PM),남,21-30세,상해없음,보행자,남,31-40세,경상,2021.xlsx
2021134842,2021-09,2021,9,관악구,야간,중상사고,차대차 - 기타,차대차,기타,기타,건조,맑음,기타 - 기타,기타,기타,0,1,0,0,1,1,1,N,Y,피해,승용,남,65세 이상,상해없음,개인형이동수단(PM),남,65세 이상,중상,2021.xlsx
2021138245,2021-09,2021,9,관악구,야간,중상사고,차대차 - 기타,차대차,기타,안전운전불이행,건조,맑음,단일로 - 기타,단일로,기타,0,1,0,0,1,1,1,N,Y,피해,승용,남,51-60세,상해없음,개인형이동수단(PM),여,21-30세,중상,2021.xlsx
2021139472,2021-09,2021,9,관악구,야간,경상사고,차대차 - 기타,차대차,기타,안전운전불이행,건조,맑음,기타 - 기타,기타,기타,0,0,1,0,1,1,0,N,Y,피해,화물,남,51-60세,상해없음,개인형이동수단(PM),여,31-40세,경상,2021.xlsx
2021141532,2021-09,2021,9,관악구,야간,중상사고,차대차 - 기타,차대차,기타,안전운전불이행,건조,맑음,교차로 - 교차로안,교차로,교차로안,0,1,0,0,1,1,1,Y,N,가해,개인형이동수단(PM),남,20세 이하,상해없음,승용,여,31-40세,상해없음,2021.xlsx
2021134922,2021-09,2021,9,광진구,야간,경상사고,차대차 - 충돌,차대차,충돌,기타,건조,맑음,교차로 - 교차로안,교차로,교차로안,0,0,1,0,1,1,0,Y,N,가해,개인형이동수단(PM),여,21-30세,경상,승용,남,61-64세,상해없음,2021.xlsx
2021138499,2021-09,2021,9,광진구,주간,부상신고사고,차대차 - 충돌,차대차,충돌,안전운전불이행,건조,맑음,교차로 - 교차로부근,교차로,교차로부근,0,0,0,1,1,1,0,Y,N,가해,개인형이동수단(PM),여,20세 이하,부상신고,승용,남,65세 이상,상해없음,2021.xlsx
2021147655,2021-09,2021,9,광진구,주간,중상사고,차대차 - 충돌,차대차,충돌,안전운전불이행,건조,맑음,단일로 - 기타,단일로,기타,0,1,0,0,1,1,1,Y,N,가해,개인형이동수단(PM),남,21-30세,중상,승합,남,41-50세,상해없음,2021.xlsx
2021149213,2021-09,2021,9,광진구,주간,경상사고,차대차 - 충돌,차대차,충돌,기타,건조,맑음,교차로 - 교차로안,교차로,교차로안,0,0,1,0,1,1,0,Y,N,가해,개인형이동수단(PM),남,20세 이하,경상,승용,남,21-30세,상해없음,2021.xlsx
2021137899,2021-09,2021,9,구로구,주간,중상사고,차대차 - 기타,차대차,기타,안전운전불이행,건조,맑음,기타 - 기타,기타,기타,0,1,0,0,1,1,1,Y,N,가해,개인형이동수단(PM),여,41-50세,상해없음,자전거,여,65세 이상,중상,2021.xlsx
2021136515,2021-09,2021,9,노원구,야간,경상사고,차량단독 - 전도전복,차량단독,전도전복,기타,젖음/습기,비,기타 - 기타,기타,기타,0,0,1,0,1,1,0,Y,N,가해,개인형이동수단(PM),남,21-30세,경상,,,,,2021.xlsx
2021145572,2021-09,2021,9,노원구,주간,경상사고,차대사람 - 보도통행중,차대사람,보도통행중,기타,건조,맑음,단일로 - 기타,단일로,기타,0,0,1,0,1,1,0,Y,N,가해,개인형이동수단(PM),남,21-30세,상해없음,보행자,여,41-50세,경상,2021.xlsx
2021134502,2021-09,2021,9,동대문구,주간,부상신고사고,차대차 - 충돌,차대차,충돌,기타,건조,맑음,교차로 - 교차로안,교차로,교차로안,0,0,0,1,1,1,0,Y,N,가해,개인형이동수단(PM),남,21-30세,부상신고,승용,남,65세 이상,상해없음,2021.xlsx
2021144063,2021-09,2021,9,마포구,야간,부상신고사고,차대차 - 기타,차대차,기타,안전운전불이행,건조,맑음,교차로 - 교차로횡단보도내,교차로,교차로횡단보도내,0,0,0,1,1,1,0,Y,N,가해,개인형이동수단(PM),남,21-30세,상해없음,원동기,남,21-30세,부상신고,2021.xlsx
2021147393,2021-09,2021,9,마포구,야간,경상사고,차대차 - 충돌,차대차,충돌,안전거리미확보,건조,흐림,단일로 - 기타,단일로,기타,0,0,1,0,1,1,0,Y,N,가해,개인형이동수단(PM),남,21-30세,경상,승용,여,61-64세,상해없음,2021.xlsx
2021138316,2021-09,2021,9,서대문구,야간,중상사고,차대사람 - 보도통행중,차대사람,보도통행중,기타,건조,흐림,단일로 - 기타,단일로,기타,0,1,0,0,1,1,1,Y,N,가해,개인형이동수단(PM),남,20세 이하,상해없음,보행자,여,21-30세,중상,2021.xlsx
2021147359,2021-09,2021,9,서대문구,야간,경상사고,차대차 - 충돌,차대차,충돌,교차로운행방법위반,건조,맑음,교차로 - 교차로안,교차로,교차로안,0,0,1,0,1,1,0,N,Y,피해,승용,여,51-60세,상해없음,개인형이동수단(PM),남,13-20세,경상,2021.xlsx
2021136738,2021-09,2021,9,서초구,주간,경상사고,차대사람 - 기타,차대사람,기타,안전운전불이행,건조,맑음,단일로 - 기타,단일로,기타,0,0,1,0,1,1,0,Y,N,가해,개인형이동수단(PM),여,21-30세,상해없음,보행자,남,21-30세,경상,2021.xlsx
2021144791,2021-09,2021,9,성동구,주간,경상사고,차대차 - 충돌,차대차,충돌,신호위반,건조,맑음,단일로 - 기타,단일로,기타,0,0,1,0,1,1,0,N,Y,피해,승용,남,51-60세,상해없음,개인형이동수단(PM),남,13-20세,경상,2021.xlsx
2021144475,2021-09,2021,9,성북구,주간,경상사고,차대차 - 충돌,차대차,충돌,안전운전불이행,건조,맑음,교차로 - 교차로횡단보도내,교차로,교차로횡단보도내,0,0,1,0,1,1,0,Y,N,가해,개인형이동수단(PM),남,21-30세,경상,승용,남,51-60세,상해없음,2021.xlsx
2021133612,2021-09,2021,9,송파구,주간,경상사고,차대차 - 기타,차대차,기타,신호위반,건조,맑음,기타 - 기타,기타,기타,0,0,1,0,1,1,0,Y,N,가해,개인형이동수단(PM),남,21-30세,경상,승용,남,61-64세,상해없음,2021.xlsx
2021133741,2021-09,2021,9,송파구,야간,경상사고,차대차 - 기타,차대차,기타,안전운전불이행,건조,맑음,교차로 - 교차로안,교차로,교차로안,0,0,1,0,1,1,0,Y,N,가해,개인형이동수단(PM),남,20세 이하,상해없음,이륜,남,13-20세,경상,2021.xlsx
2021134178,2021-09,2021,9,송파구,주간,부상신고사고,차대사람 - 기타,차대사람,기타,안전운전불이행,건조,맑음,단일로 - 기타,단일로,기타,0,0,0,1,1,1,0,Y,N,가해,개인형이동수단(PM),남,51-60세,상해없음,보행자,여,65세 이상,부상신고,2021.xlsx
2021135168,2021-09,2021,9,송파구,주간,중상사고,차대차 - 기타,차대차,기타,안전운전불이행,건조,맑음,교차로 - 교차로안,교차로,교차로안,0,1,0,0,1,1,1,N,Y,피해,승용,남,61-64세,상해없음,개인형이동수단(PM),남,31-40세,중상,2021.xlsx
2021138769,2021-09,2021,9,송파구,주간,경상사고,차대사람 - 기타,차대사람,기타,안전운전불이행,건조,맑음,단일로 - 기타,단일로,기타,0,0,1,0,1,1,0,Y,N,가해,개인형이동수단(PM),여,31-40세,상해없음,보행자,여,12세 이하,경상,2021.xlsx
2021141640,2021-09,2021,9,송파구,주간,중상사고,차대차 - 기타,차대차,기타,신호위반,건조,맑음,교차로 - 교차로안,교차로,교차로안,0,1,0,0,1,1,1,N,Y,피해,승용,여,41-50세,상해없음,개인형이동수단(PM),여,13-20세,중상,2021.xlsx
2021143627,2021-09,2021,9,송파구,야간,부상신고사고,차량단독 - 전도전복,차량단독,전도전복,안전운전불이행,건조,맑음,단일로 - 기타,단일로,기타,0,0,0,1,1,1,0,Y,N,가해,개인형이동수단(PM),남,21-30세,부상신고,,,,,2021.xlsx
2021144113,2021-09,2021,9,송파구,야간,경상사고,차량단독 - 기타,차량단독,기타,안전운전불이행,건조,기타,교차로 - 교차로안,교차로,교차로안,0,0,1,0,1,1,0,Y,N,가해,개인형이동수단(PM),남,41-50세,경상,,,,,2021.xlsx
2021144530,2021-09,2021,9,송파구,야간,경상사고,차대사람 - 보도통행중,차대사람,보도통행중,안전운전불이행,건조,맑음,단일로 - 기타,단일로,기타,0,0,1,0,1,1,0,Y,N,가해,개인형이동수단(PM),여,20세 이하,상해없음,보행자,여,21-30세,경상,2021.xlsx
2021146117,2021-09,2021,9,송파구,주간,중상사고,차대차 - 기타,차대차,기타,중앙선침범,건조,맑음,단일로 - 기타,단일로,기타,0,1,0,0,1,1,1,N,Y,피해,승용,남,21-30세,상해없음,개인형이동수단(PM),남,31-40세,중상,2021.xlsx
2021147794,2021-09,2021,9,송파구,야간,경상사고,차대차 - 충돌,차대차,충돌,기타,건조,맑음,교차로 - 교차로안,교차로,교차로안,0,0,1,0,1,1,0,Y,N,가해,개인형이동수단(PM),여,51-60세,경상,승용,남,51-60세,상해없음,2021.xlsx
2021140600,2021-09,2021,9,은평구,주간,경상사고,차대차 - 충돌,차대차,충돌,안전운전불이행,건조,맑음,단일로 - 기타,단일로,기타,0,0,1,2,3,3,0,Y,N,가해,개인형이동수단(PM),남,20세 이하,부상신고,자전거,남,21-30세,경상,2021.xlsx
2021147016,2021-09,2021,9,중랑구,야간,중상사고,차대사람 - 기타,차대사람,기타,안전운전불이행,건조,맑음,기타 - 기타,기타,기타,0,1,0,0,1,1,1,Y,N,가해,개인형이동수단(PM),남,20세 이하,상해없음,보행자,여,51-60세,중상,2021.xlsx
2021148312,2021-09,2021,9,중랑구,야간,중상사고,차대차 - 기타,차대차,기타,기타,건조,맑음,교차로 - 교차로부근,교차로,교차로부근,0,1,0,0,1,1,1,Y,N,가해,개인형이동수단(PM),여,21-30세,중상,승용,남,51-60세,상해없음,2021.xlsx
2021149907,2021-10,2021,10,강남구,주간,중상사고,차대차 - 기타,차대차,기타,안전운전불이행,건조,맑음,단일로 - 기타,단일로,기타,0,1,0,0,1,1,1,Y,N,가해,개인형이동수단(PM),남,21-30세,중상,승합,남,41-50세,상해없음,2021.xlsx
2021151690,2021-10,2021,10,강남구,주간,경상사고,차대차 - 기타,차대차,기타,안전운전불이행,건조,맑음,단일로 - 기타,단일로,기타,0,0,1,0,1,1,0,Y,N,가해,개인형이동수단(PM),남,21-30세,상해없음,이륜,남,21-30세,경상,2021.xlsx
2021157324,2021-10,2021,10,강남구,야간,경상사고,차대차 - 충돌,차대차,충돌,신호위반,건조,흐림,교차로 - 교차로횡단보도내,교차로,교차로횡단보도내,0,0,1,0,1,1,0,N,Y,피해,승용,남,51-60세,상해없음,개인형이동수단(PM),남,41-50세,경상,2021.xlsx
2021158815,2021-10,2021,10,강남구,주간,부상신고사고,차대차 - 기타,차대차,기타,안전운전불이행,건조,맑음,교차로 - 교차로안,교차로,교차로안,0,0,0,1,1,1,0,Y,N,가해,개인형이동수단(PM),남,21-30세,부상신고,승용,여,41-50세,상해없음,2021.xlsx
2021167452,2021-10,2021,10,강남구,야간,부상신고사고,차대차 - 기타,차대차,기타,안전운전불이행,건조,맑음,기타 - 기타,기타,기타,0,0,0,1,1,1,0,Y,N,가해,개인형이동수단(PM),남,20세 이하,상해없음,자전거,남,12세 이하,부상신고,2021.xlsx
2021157464,2021-10,2021,10,강북구,주간,경상사고,차대차 - 기타,차대차,기타,안전운전불이행,건조,맑음,단일로 - 기타,단일로,기타,0,0,1,0,1,1,0,Y,N,가해,개인형이동수단(PM),남,21-30세,경상,승용,남,65세 이상,상해없음,2021.xlsx
2021161303,2021-10,2021,10,강북구,야간,경상사고,차대차 - 충돌,차대차,충돌,중앙선침범,건조,맑음,단일로 - 기타,단일로,기타,0,0,1,0,1,1,0,Y,N,가해,개인형이동수단(PM),남,20세 이하,상해없음,승용,여,41-50세,경상,2021.xlsx
2021166372,2021-10,2021,10,강북구,야간,중상사고,차대차 - 충돌,차대차,충돌,안전운전불이행,건조,맑음,교차로 - 교차로안,교차로,교차로안,0,1,0,0,1,1,1,N,Y,피해,승용,여,31-40세,상해없음,개인형이동수단(PM),여,31-40세,중상,2021.xlsx
2021158324,2021-10,2021,10,강서구,주간,경상사고,차대차 - 충돌,차대차,충돌,기타,건조,맑음,교차로 - 교차로안,교차로,교차로안,0,0,1,0,1,1,0,N,Y,피해,승용,남,41-50세,상해없음,개인형이동수단(PM),남,21-30세,경상,2021.xlsx
2021159995,2021-10,2021,10,강서구,주간,경상사고,차대차 - 기타,차대차,기타,신호위반,건조,맑음,교차로 - 교차로안,교차로,교차로안,0,0,1,0,1,1,0,N,Y,피해,건설기계,남,41-50세,상해없음,개인형이동수단(PM),남,65세 이상,경상,2021.xlsx
2021163531,2021-10,2021,10,강서구,주간,중상사고,차대사람 - 보도통행중,차대사람,보도통행중,기타,건조,맑음,단일로 - 기타,단일로,기타,0,1,0,0,1,1,1,Y,N,가해,개인형이동수단(PM),남,31-40세,상해없음,보행자,여,61-64세,중상,2021.xlsx
2021164818,2021-10,2021,10,강서구,주간,중상사고,차대차 - 충돌,차대차,충돌,중앙선침범,건조,맑음,교차로 - 교차로안,교차로,교차로안,0,1,0,0,1,1,1,N,Y,피해,승용,남,65세 이상,상해없음,개인형이동수단(PM),여,41-50세,중상,2021.xlsx
2021164819,2021-10,2021,10,강서구,주간,중상사고,차대차 - 기타,차대차,기타,안전운전불이행,건조,맑음,단일로 - 기타,단일로,기타,0,1,0,0,1,1,1,Y,N,가해,개인형이동수단(PM),여,21-30세,중상,승합,남,41-50세,상해없음,2021.xlsx