사고ID,연월,연도,월,자치구,주야,사고내용,사고유형,사고유형_대분류,사고유형_소분류,법규위반,노면상태,기상상태,도로형태,도로형태_대분류,도로형태_소분류,사망자수,중상자수,경상자수,부상신고자수,총부상자수,총사상자수,중상이상자수,PM_가해여부,PM_피해여부,PM_역할,가해운전자_차종,가해운전자_성별,가해운전자_연령대,가해운전자_상해정도,피해운전자_차종,피해운전자_성별,피해운전자_연령대,피해운전자_상해정도,원본파일
2022036228,2022-03,2022,3,구로구,주간,중상사고,차대차 - 기타,차대차,기타,중앙선침범,젖음/습기,비,교차로 - 교차로안,교차로,교차로안,0,1,0,0,1,1,1,Y,N,가해,개인형이동수단(PM),남,31-40세,상해없음,이륜,남,21-30세,중상,2022.xlsx
2022029434,2022-03,2022,3,노원구,주간,경상사고,차대사람 - 기타,차대사람,기타,안전거리미확보,건조,맑음,단일로 - 기타,단일로,기타,0,0,1,0,1,1,0,Y,N,가해,개인형이동수단(PM),기타불명,기타불명,기타불명,보행자,남,31-40세,경상,2022.xlsx
2022031179,2022-03,2022,3,동대문구,야간,경상사고,차대사람 - 기타,차대사람,기타,안전운전불이행,건조,맑음,단일로 - 기타,단일로,기타,0,0,1,0,1,1,0,Y,N,가해,개인형이동수단(PM),남,20세 이하,경상,보행자,남,21-30세,상해없음,2022.xlsx
2022034825,2022-03,2022,3,동대문구,주간,중상사고,차대차 - 충돌,차대차,충돌,교차로운행방법위반,건조,맑음,교차로 - 교차로안,교차로,교차로안,0,1,0,0,1,1,1,N,Y,피해,화물,남,41-50세,상해없음,개인형이동수단(PM),남,21-30세,중상,2022.xlsx
2022038248,2022-03,2022,3,동대문구,주간,경상사고,차대차 - 기타,차대차,기타,신호위반,건조,맑음,교차로 - 교차로안,교차로,교차로안,0,0,1,0,1,1,0,N,Y,피해,승합,남,51-60세,상해없음,개인형이동수단(PM),남,21-30세,경상,2022.xlsx
2022030155,2022-03,2022,3,동작구,주간,경상사고,차대차 - 충돌,차대차,충돌,교차로운행방법위반,건조,맑음,교차로 - 교차로안,교차로,교차로안,0,0,1,1,2,2,0,Y,N,가해,개인형이동수단(PM),남,21-30세,부상신고,승용,여,41-50세,경상,2022.xlsx
2022035441,2022-03,2022,3,마포구,야간,경상사고,차대사람 - 횡단중,차대사람,횡단중,신호위반,건조,맑음,단일로 - 기타,단일로,기타,0,0,1,0,1,1,0,Y,N,가해,개인형이동수단(PM),남,20세 이하,상해없음,보행자,여,31-40세,경상,2022.xlsx
2022039625,2022-03,2022,3,마포구,야간,부상신고사고,차량단독 - 기타,차량단독,기타,안전운전불이행,기타,기타,단일로 - 기타,단일로,기타,0,0,0,1,1,1,0,Y,N,가해,개인형이동수단(PM),남,21-30세,부상신고,,,,,2022.xlsx
2022029682,2022-03,2022,3,서대문구,주간,부상신고사고,차대차 - 충돌,차대차,충돌,교차로운행방법위반,건조,맑음,교차로 - 교차로안,교차로,교차로안,0,0,0,1,1,1,0,Y,N,가해,개인형이동수단(PM),남,21-30세,부상신고,승용,남,61-64세,상해없음,2022.xlsx
2022029396,2022-03,2022,3,서초구,주간,경상사고,차대사람 - 보도통행중,차대사람,보도통행중,안전운전불이행,건조,맑음,기타 - 기타,기타,기타,0,0,1,0,1,1,0,Y,N,가해,개인형이동수단(PM),기타불명,기타불명,기타불명,보행자,남,13-20세,경상,2022.xlsx
2022038820,2022-03,2022,3,서초구,주간,경상사고,차대차 - 기타,차대차,기타,기타,건조,맑음,단일로 - 기타,단일로,기타,0,0,1,0,1,1,0,Y,N,가해,개인형이동수단(PM),남,41-50세,경상,승용,여,65세 이상,상해없음,2022.xlsx
2022041460,2022-03,2022,3,서초구,주간,부상신고사고,차대사람 - 기타,차대사람,기타,안전운전불이행,건조,맑음,기타 - 기타,기타,기타,0,0,0,1,1,1,0,Y,N,가해,개인형이동수단(PM),남,31-40세,기타불명,보행자,여,21-30세,부상신고,2022.xlsx
2022036676,2022-03,2022,3,성동구,야간,경상사고,차대사람 - 횡단중,차대사람,횡단중,안전운전불이행,건조,맑음,교차로 - 교차로안,교차로,교차로안,0,0,2,0,2,2,0,Y,N,가해,개인형이동수단(PM),남,20세 이하,상해없음,보행자,여,31-40세,경상,2022.xlsx
2022035601,2022-03,2022,3,성북구,야간,경상사고,차대차 - 충돌,차대차,충돌,안전거리미확보,건조,맑음,미분류 - 미분류,미분류,미분류,0,0,1,0,1,1,0,N,Y,피해,기타불명,남,51-60세,상해없음,개인형이동수단(PM),남,31-40세,경상,2022.xlsx
2022029097,2022-03,2022,3,송파구,야간,경상사고,차대차 - 기타,차대차,기타,안전운전불이행,건조,맑음,단일로 - 기타,단일로,기타,0,0,1,0,1,1,0,Y,N,가해,개인형이동수단(PM),남,20세 이하,상해없음,자전거,여,65세 이상,경상,2022.xlsx
2022035571,2022-03,2022,3,송파구,야간,중상사고,차대차 - 충돌,차대차,충돌,신호위반,젖음/습기,비,단일로 - 기타,단일로,기타,0,1,0,0,1,1,1,N,Y,피해,승용,남,41-50세,상해없음,개인형이동수단(PM),여,21-30세,중상,2022.xlsx
2022037062,2022-03,2022,3,송파구,주간,경상사고,차대차 - 충돌,차대차,충돌,안전운전불이행,건조,맑음,교차로 - 교차로안,교차로,교차로안,0,0,1,0,1,1,0,N,Y,피해,승용,남,41-50세,상해없음,개인형이동수단(PM),남,31-40세,경상,2022.xlsx
2022040530,2022-03,2022,3,송파구,주간,경상사고,차대차 - 기타,차대차,기타,안전운전불이행,건조,기타,기타 - 기타,기타,기타,0,0,1,0,1,1,0,Y,N,가해,개인형이동수단(PM),남,31-40세,상해없음,자전거,남,65세 이상,경상,2022.xlsx
2022041404,2022-03,2022,3,송파구,야간,부상신고사고,차량단독 - 전도전복,차량단독,전도전복,안전운전불이행,건조,맑음,교차로 - 교차로안,교차로,교차로안,0,0,0,1,1,1,0,Y,N,가해,개인형이동수단(PM),남,51-60세,부상신고,,,,,2022.xlsx
2022039370,2022-03,2022,3,영등포구,주간,부상신고사고,차대사람 - 보도통행중,차대사람,보도통행중,안전운전불이행,기타,기타,기타 - 기타,기타,기타,0,0,0,1,1,1,0,Y,N,가해,개인형이동수단(PM),남,31-40세,상해없음,보행자,여,41-50세,부상신고,2022.xlsx
2022034795,2022-03,2022,3,은평구,주간,중상사고,차대사람 - 기타,차대사람,기타,중앙선침범,건조,맑음,단일로 - 기타,단일로,기타,0,1,0,0,1,1,1,Y,N,가해,개인형이동수단(PM),여,21-30세,상해없음,보행자,여,51-60세,중상,2022.xlsx
2022036352,2022-03,2022,3,은평구,야간,중상사고,차대차 - 기타,차대차,기타,안전운전불이행,건조,맑음,교차로 - 교차로안,교차로,교차로안,0,1,0,0,1,1,1,N,Y,피해,승용,남,41-50세,상해없음,개인형이동수단(PM),남,21-30세,중상,2022.xlsx
2022039081,2022-03,2022,3,은평구,야간,경상사고,차대차 - 충돌,차대차,충돌,교차로운행방법위반,젖음/습기,흐림,교차로 - 교차로안,교차로,교차로안,0,0,1,0,1,1,0,N,Y,피해,승용,남,21-30세,상해없음,개인형이동수단(PM),남,21-30세,경상,2022.xlsx
2022040019,2022-03,2022,3,은평구,주간,경상사고,차대차 - 충돌,차대차,충돌,기타,건조,맑음,단일로 - 교량,단일로,교량,0,0,1,0,1,1,0,N,Y,피해,승용,남,65세 이상,상해없음,개인형이동수단(PM),여,31-40세,경상,2022.xlsx
2022039862,2022-03,2022,3,중랑구,야간,중상사고,차대차 - 충돌,차대차,충돌,안전운전불이행,건조,기타,교차로 - 교차로횡단보도내,교차로,교차로횡단보도내,0,1,0,0,1,1,1,Y,N,가해,개인형이동수단(PM),여,41-50세,중상,이륜,남,41-50세,상해없음,2022.xlsx
2022048286,2022-04,2022,4,강남구,야간,경상사고,차대차 - 기타,차대차,기타,안전운전불이행,젖음/습기,비,단일로 - 기타,단일로,기타,0,0,1,0,1,1,0,Y,N,가해,개인형이동수단(PM),남,31-40세,경상,승용,남,21-30세,상해없음,2022.xlsx
2022049926,2022-04,2022,4,강남구,야간,경상사고,차대사람 - 기타,차대사람,기타,기타,건조,맑음,단일로 - 기타,단일로,기타,0,0,1,0,1,1,0,Y,N,가해,개인형이동수단(PM),여,20세 이하,상해없음,보행자,남,13-20세,경상,2022.xlsx
2022050584,2022-04,2022,4,강남구,야간,경상사고,차대차 - 기타,차대차,기타,신호위반,기타,맑음,단일로 - 기타,단일로,기타,0,0,2,0,2,2,0,Y,N,가해,개인형이동수단(PM),남,21-30세,기타불명,승용,남,41-50세,상해없음,2022.xlsx
2022052898,2022-04,2022,4,강남구,주간,경상사고,차대사람 - 보도통행중,차대사람,보도통행중,안전운전불이행,건조,맑음,교차로 - 교차로횡단보도내,교차로,교차로횡단보도내,0,0,1,0,1,1,0,Y,N,가해,개인형이동수단(PM),기타불명,기타불명,기타불명,보행자,여,31-40세,경상,2022.xlsx
2022053973,2022-04,2022,4,강남구,주간,경상사고,차대차 - 기타,차대차,기타,신호위반,건조,맑음,교차로 - 교차로부근,교차로,교차로부근,0,0,1,0,1,1,0,N,Y,피해,승용,남,21-30세,기타불명,개인형이동수단(PM),남,21-30세,경상,2022.xlsx
2022056607,2022-04,2022,4,강남구,야간,경상사고,차대사람 - 기타,차대사람,기타,안전운전불이행,건조,흐림,기타 - 기타,기타,기타,0,0,1,0,1,1,0,Y,N,가해,개인형이동수단(PM),남,21-30세,상해없음,보행자,남,41-50세,경상,2022.xlsx
2022057286,2022-04,2022,4,강남구,주간,중상사고,차대차 - 기타,차대차,기타,기타,젖음/습기,흐림,주차장 - 주차장,주차장,주차장,0,1,0,0,1,1,1,Y,N,가해,개인형이동수단(PM),여,31-40세,중상,화물,남,51-60세,상해없음,2022.xlsx
2022057791,2022-04,2022,4,강남구,야간,중상사고,차대차 - 기타,차대차,기타,안전운전불이행,건조,맑음,단일로 - 기타,단일로,기타,0,1,0,0,1,1,1,N,Y,피해,이륜,남,41-50세,중상,개인형이동수단(PM),남,13-20세,상해없음,2022.xlsx
2022043205,2022-04,2022,4,강동구,주간,경상사고,차대사람 - 기타,차대사람,기타,안전운전불이행,건조,맑음,교차로 - 교차로부근,교차로,교차로부근,0,0,1,0,1,1,0,Y,N,가해,개인형이동수단(PM),남,31-40세,상해없음,보행자,여,13-20세,경상,2022.xlsx
2022051995,2022-04,2022,4,강서구,주간,중상사고,차대차 - 충돌,차대차,충돌,안전운전불이행,건조,맑음,교차로 - 교차로안,교차로,교차로안,0,1,0,0,1,1,1,N,Y,피해,승용,여,51-60세,상해없음,개인형이동수단(PM),남,21-30세,중상,2022.xlsx
2022053169,2022-04,2022,4,강서구,야간,경상사고,차대차 - 충돌,차대차,충돌,안전운전불이행,건조,맑음,단일로 - 기타,단일로,기타,0,0,1,0,1,1,0,Y,N,가해,개인형이동수단(PM),기타불명,기타불명,기타불명,자전거,여,51-60세,경상,2022.xlsx
2022047641,2022-04,2022,4,관악구,야간,중상사고,차대사람 - 보도통행중,차대사람,보도통행중,기타,건조,맑음,기타 - 기타,기타,기타,0,1,0,0,1,1,1,Y,N,가해,개인형이동수단(PM),남,21-30세,상해없음,보행자,남,31-40세,중상,2022.xlsx
2022045505,2022-04,2022,4,광진구,야간,경상사고,차대사람 - 기타,차대사람,기타,안전운전불이행,건조,맑음,단일로 - 기타,단일로,기타,0,0,1,0,1,1,0,Y,N,가해,개인형이동수단(PM),여,21-30세,기타불명,보행자,여,31-40세,경상,2022.xlsx
2022057827,2022-04,2022,4,구로구,야간,중상사고,차대차 - 충돌,차대차,충돌,중앙선침범,건조,맑음,단일로 - 기타,단일로,기타,0,1,0,0,1,1,1,N,Y,피해,이륜,남,51-60세,상해없음,개인형이동수단(PM),여,41-50세,중상,2022.xlsx
2022043960,2022-04,2022,4,노원구,주간,부상신고사고,차대차 - 기타,차대차,기타,안전거리미확보,건조,맑음,단일로 - 기타,단일로,기타,0,0,0,1,1,1,0,N,Y,피해,승용,남,65세 이상,상해없음,개인형이동수단(PM),남,21-30세,부상신고,2022.xlsx
2022049925,2022-04,2022,4,노원구,야간,부상신고사고,차대차 - 기타,차대차,기타,안전운전불이행,건조,맑음,단일로 - 기타,단일로,기타,0,0,0,1,1,1,0,N,Y,피해,자전거,남,41-50세,부상신고,개인형이동수단(PM),남,13-20세,상해없음,2022.xlsx
2022056745,2022-04,2022,4,노원구,주간,경상사고,차대차 - 추돌,차대차,추돌,안전운전불이행,건조,맑음,단일로 - 기타,단일로,기타,0,0,1,0,1,1,0,N,Y,피해,승용,남,61-64세,기타불명,개인형이동수단(PM),남,61-64세,경상,2022.xlsx
2022057008,2022-04,2022,4,노원구,야간,부상신고사고,차대차 - 충돌,차대차,충돌,기타,건조,맑음,단일로 - 기타,단일로,기타,0,0,0,1,1,1,0,Y,N,가해,개인형이동수단(PM),남,21-30세,부상신고,승용,남,21-30세,상해없음,2022.xlsx
2022057083,2022-04,2022,4,노원구,야간,경상사고,차대사람 - 기타,차대사람,기타,안전운전불이행,건조,맑음,기타 - 기타,기타,기타,0,0,1,0,1,1,0,Y,N,가해,개인형이동수단(PM),남,20세 이하,상해없음,보행자,남,12세 이하,경상,2022.xlsx
2022051489,2022-04,2022,4,동대문구,야간,중상사고,차대사람 - 기타,차대사람,기타,안전운전불이행,건조,맑음,단일로 - 기타,단일로,기타,0,1,0,0,1,1,1,Y,N,가해,개인형이동수단(PM),남,21-30세,상해없음,보행자,여,31-40세,중상,2022.xlsx
2022054630,2022-04,2022,4,동대문구,주간,경상사고,차대차 - 추돌,차대차,추돌,안전운전불이행,건조,맑음,교차로 - 교차로안,교차로,교차로안,0,0,1,0,1,1,0,Y,N,가해,개인형이동수단(PM),남,31-40세,상해없음,승용,남,31-40세,경상,2022.xlsx
2022056805,2022-04,2022,4,동대문구,주간,중상사고,차대차 - 기타,차대차,기타,기타,건조,맑음,단일로 - 기타,단일로,기타,0,1,0,0,1,1,1,N,Y,피해,승용,남,51-60세,상해없음,개인형이동수단(PM),남,41-50세,중상,2022.xlsx
2022043021,2022-04,2022,4,마포구,주간,중상사고,차대차 - 충돌,차대차,충돌,신호위반,건조,맑음,교차로 - 교차로횡단보도내,교차로,교차로횡단보도내,0,1,0,0,1,1,1,Y,N,가해,개인형이동수단(PM),남,21-30세,상해없음,이륜,여,51-60세,중상,2022.xlsx
2022049067,2022-04,2022,4,마포구,주간,경상사고,차대차 - 기타,차대차,기타,안전운전불이행,건조,맑음,교차로 - 교차로안,교차로,교차로안,0,0,1,0,1,1,0,Y,N,가해,개인형이동수단(PM),남,31-40세,상해없음,이륜,남,21-30세,경상,2022.xlsx
2022050127,2022-04,2022,4,마포구,주간,부상신고사고,차대차 - 충돌,차대차,충돌,신호위반,건조,맑음,교차로 - 교차로안,교차로,교차로안,0,0,0,1,1,1,0,Y,N,가해,개인형이동수단(PM),남,31-40세,부상신고,승용,남,61-64세,상해없음,2022.xlsx
2022053867,2022-04,2022,4,마포구,야간,부상신고사고,차대사람 - 기타,차대사람,기타,안전운전불이행,건조,맑음,교차로 - 교차로부근,교차로,교차로부근,0,0,0,1,1,1,0,Y,N,가해,개인형이동수단(PM),남,20세 이하,상해없음,보행자,남,31-40세,부상신고,2022.xlsx
2022054486,2022-04,2022,4,마포구,야간,중상사고,차대차 - 기타,차대차,기타,안전운전불이행,건조,맑음,기타 - 기타,기타,기타,0,1,0,0,1,1,1,Y,N,가해,개인형이동수단(PM),남,21-30세,상해없음,자전거,남,31-40세,중상,2022.xlsx
2022048373,2022-04,2022,4,서대문구,주간,중상사고,차대차 - 충돌,차대차,충돌,기타,건조,맑음,교차로 - 교차로안,교차로,교차로안,0,1,1,0,2,2,1,N,Y,피해,자전거,남,20세 이하,중상,개인형이동수단(PM),남,21-30세,경상,2022.xlsx
2022051371,2022-04,2022,4,서대문구,주간,부상신고사고,차대사람 - 보도통행중,차대사람,보도통행중,보행자보호의무위반,건조,맑음,단일로 - 기타,단일로,기타,0,0,0,1,1,1,0,Y,N,가해,개인형이동수단(PM),남,21-30세,상해없음,보행자,남,13-20세,부상신고,2022.xlsx
2022056662,2022-04,2022,4,서대문구,주간,경상사고,차대사람 - 보도통행중,차대사람,보도통행중,기타,건조,맑음,기타 - 기타,기타,기타,0,0,1,0,1,1,0,Y,N,가해,개인형이동수단(PM),남,21-30세,상해없음,보행자,남,12세 이하,경상,2022.xlsx
2022044090,2022-04,2022,4,서초구,주간,중상사고,차대차 - 충돌,차대차,충돌,신호위반,건조,맑음,교차로 - 교차로부근,교차로,교차로부근,0,1,0,0,1,1,1,N,Y,피해,이륜,남,61-64세,상해없음,개인형이동수단(PM),남,41-50세,중상,2022.xlsx
2022057118,2022-04,2022,4,성동구,야간,경상사고,차대차 - 충돌,차대차,충돌,기타,건조,맑음,교차로 - 교차로부근,교차로,교차로부근,0,0,1,0,1,1,0,Y,N,가해,개인형이동수단(PM),남,20세 이하,상해없음,이륜,남,13-20세,경상,2022.xlsx
2022057598,2022-04,2022,4,성동구,주간,중상사고,차대차 - 충돌,차대차,충돌,안전운전불이행,건조,맑음,단일로 - 기타,단일로,기타,0,1,0,0,1,1,1,Y,N,가해,개인형이동수단(PM),남,31-40세,중상,승용,여,41-50세,상해없음,2022.xlsx
2022045504,2022-04,2022,4,성북구,야간,경상사고,차대차 - 충돌,차대차,충돌,안전운전불이행,건조,맑음,단일로 - 기타,단일로,기타,0,0,1,0,1,1,0,N,Y,피해,승용,남,20세 이하,상해없음,개인형이동수단(PM),남,31-40세,경상,2022.xlsx
2022056596,2022-04,2022,4,성북구,야간,부상신고사고,차대차 - 기타,차대차,기타,안전운전불이행,건조,맑음,교차로 - 교차로안,교차로,교차로안,0,0,0,1,1,1,0,Y,N,가해,개인형이동수단(PM),남,21-30세,부상신고,이륜,남,31-40세,상해없음,2022.xlsx
2022042859,2022-04,2022,4,송파구,야간,중상사고,차대차 - 충돌,차대차,충돌,안전운전불이행,건조,맑음,단일로 - 기타,단일로,기타,0,1,0,0,1,1,1,N,Y,피해,승용,남,21-30세,상해없음,개인형이동수단(PM),남,31-40세,중상,2022.xlsx
2022044475,2022-04,2022,4,송파구,주간,경상사고,차대사람 - 기타,차대사람,기타,안전운전불이행,건조,맑음,단일로 - 기타,단일로,기타,0,0,2,0,2,2,0,Y,N,가해,개인형이동수단(PM),여,21-30세,경상,보행자,여,21-30세,경상,2022.xlsx
2022049869,2022-04,2022,4,송파구,야간,경상사고,차대사람 - 차도통행중,차대사람,차도통행중,안전운전불이행,건조,맑음,단일로 - 기타,단일로,기타,0,0,1,0,1,1,0,Y,N,가해,개인형이동수단(PM),남,31-40세,상해없음,보행자,남,61-64세,경상,2022.xlsx
2022050128,2022-04,2022,4,송파구,주간,경상사고,차대차 - 기타,차대차,기타,신호위반,건조,맑음,교차로 - 교차로횡단보도내,교차로,교차로횡단보도내,0,0,1,0,1,1,0,N,Y,피해,원동기,남,21-30세,상해없음,개인형이동수단(PM),남,21-30세,경상,2022.xlsx
2022052148,2022-04,2022,4,송파구,야간,부상신고사고,차대차 - 충돌,차대차,충돌,안전운전불이행,건조,맑음,교차로 - 교차로부근,교차로,교차로부근,0,0,0,1,1,1,0,Y,N,가해,개인형이동수단(PM),남,51-60세,부상신고,승용,남,65세 이상,상해없음,2022.xlsx
2022044999,2022-04,2022,4,용산구,주간,중상사고,차대차 - 기타,차대차,기타,안전운전불이행,건조,맑음,기타 - 기타,기타,기타,0,1,0,0,1,1,1,N,Y,피해,화물,남,51-60세,상해없음,개인형이동수단(PM),남,51-60세,중상,2022.xlsx
2022051723,2022-04,2022,4,용산구,주간,중상사고,차대차 - 충돌,차대차,충돌,신호위반,건조,맑음,단일로 - 터널,단일로,터널,0,1,0,0,1,1,1,N,Y,피해,승합,남,51-60세,상해없음,개인형이동수단(PM),남,31-40세,중상,2022.xlsx
2022054628,2022-04,2022,4,용산구,주간,경상사고,차대차 - 충돌,차대차,충돌,안전운전불이행,건조,맑음,단일로 - 기타,단일로,기타,0,0,1,0,1,1,0,N,Y,피해,자전거,여,31-40세,상해없음,개인형이동수단(PM),남,65세 이상,경상,2022.xlsx
2022046946,2022-04,2022,4,종로구,주간,경상사고,차대차 - 충돌,차대차,충돌,안전운전불이행,건조,맑음,교차로 - 교차로부근,교차로,교차로부근,0,0,1,1,2,2,0,Y,N,가해,개인형이동수단(PM),남,20세 이하,부상신고,승용,남,31-40세,상해없음,2022.xlsx
2022047759,2022-04,2022,4,종로구,야간,부상신고사고,차량단독 - 전도전복,차량단독,전도전복,기타,건조,맑음,단일로 - 기타,단일로,기타,0,0,0,1,1,1,0,Y,N,가해,개인형이동수단(PM),여,21-30세,부상신고,,,,,2022.xlsx
2022054475,2022-04,2022,4,종로구,야간,중상사고,차대사람 - 길가장자리구역통행중,차대사람,길가장자리구역통행중,안전운전불이행,건조,맑음,기타 - 기타,기타,기타,0,1,0,0,1,1,1,Y,N,가해,개인형이동수단(PM),남,21-30세,상해없음,보행자,남,31-40세,중상,2022.xlsx
2022042414,2022-04,2022,4,중구,야간,경상사고,차대사람 - 보도통행중,차대사람,보도통행중,안전운전불이행,건조,흐림,단일로 - 기타,단일로,기타,0,0,1,0,1,1,0,Y,N,가해,개인형이동수단(PM),남,21-30세,상해없음,보행자,여,61-64세,경상,2022.xlsx
2022046560,2022-04,2022,4,중구,주간,부상신고사고,차대사람 - 차도통행중,차대사람,차도통행중,안전운전불이행,건조,맑음,단일로 - 기타,단일로,기타,0,0,0,1,1,1,0,Y,N,가해,개인형이동수단(PM),남,31-40세,상해없음,보행자,여,31-40세,부상신고,2022.xlsx
2022050392,2022-04,2022,4,중랑구,주간,부상신고사고,차대차 - 충돌,차대차,충돌,신호위반,건조,맑음,교차로 - 교차로안,교차로,교차로안,0,0,0,1,1,1,0,Y,N,가해,개인형이동수단(PM),남,51-60세,부상신고,승합,남,21-30세,상해없음,2022.xlsx
2022057859,2022-04,2022,4,중랑구,야간,중상사고,차대차 - 충돌,차대차,충돌,안전운전불이행,건조,맑음,교차로 - 교차로안,교차로,교차로안,0,1,0,0,1,1,1,N,Y,피해,승용,남,51-60세,상해없음,개인형이동수단(PM),남,51-60세,중상,2022.xlsx
2022060038,2022-05,2022,5,강남구,주간,경상사고,차대차 - 기타,차대차,기타,안전운전불이행,건조,맑음,교차로 - 교차로횡단보도내,교차로,교차로횡단보도내,0,0,1,0,1,1,0,Y,N,가해,개인형이동수단(PM),남,20세 이하,경상,승용,남,61-64세,상해없음,2022.xlsx
2022061088,2022-05,2022,5,강남구,야간,중상사고,차대차 - 추돌,차대차,추돌,안전운전불이행,건조,맑음,기타 - 기타,기타,기타,0,1,0,0,1,1,1,N,Y,피해,자전거,여,31-40세,중상,개인형이동수단(PM),여,13-20세,상해없음,2022.xlsx
2022061716,2022-05,2022,5,강남구,야간,경상사고,차대차 - 기타,차대차,기타,안전운전불이행,건조,맑음,교차로 - 교차로횡단보도내,교차로,교차로횡단보도내,0,0,1,0,1,1,0,N,Y,피해,승용,남,41-50세,상해없음,개인형이동수단(PM),여,21-30세,경상,2022.xlsx
2022062187,2022-05,2022,5,강남구,주간,경상사고,차대차 - 충돌,차대차,충돌,안전운전불이행,건조,맑음,단일로 - 기타,단일로,기타,0,0,2,0,2,2,0,Y,N,가해,개인형이동수단(PM),여,21-30세,기타불명,승용,남,51-60세,경상,2022.xlsx
2022063508,2022-05,2022,5,강남구,주간,경상사고,차대사람 - 기타,차대사람,기타,기타,건조,맑음,기타 - 기타,기타,기타,0,0,1,0,1,1,0,Y,N,가해,개인형이동수단(PM),남,21-30세,기타불명,보행자,여,31-40세,경상,2022.xlsx
2022063561,2022-05,2022,5,강남구,주간,경상사고,차대차 - 기타,차대차,기타,안전운전불이행,건조,맑음,기타 - 기타,기타,기타,0,0,1,0,1,1,0,Y,N,가해,개인형이동수단(PM),여,21-30세,경상,승용,남,61-64세,상해없음,2022.xlsx
2022064605,2022-05,2022,5,강남구,야간,사망사고,차대차 - 기타,차대차,기타,신호위반,건조,맑음,기타 - 기타,기타,기타,2,0,0,0,0,2,2,Y,N,가해,개인형이동수단(PM),남,21-30세,사망,승용,남,51-60세,상해없음,2022.xlsx
2022065878,2022-05,2022,5,강남구,야간,경상사고,차대차 - 기타,차대차,기타,안전운전불이행,건조,맑음,단일로 - 기타,단일로,기타,0,0,1,0,1,1,0,Y,N,가해,개인형이동수단(PM),남,31-40세,경상,승용,남,31-40세,상해없음,2022.xlsx
2022070125,2022-05,2022,5,강남구,주간,부상신고사고,차대차 - 기타,차대차,기타,안전운전불이행,건조,맑음,단일로 - 기타,단일로,기타,0,0,0,1,1,1,0,Y,N,가해,개인형이동수단(PM),여,20세 이하,부상신고,승용,여,41-50세,기타불명,2022.xlsx
2022072591,2022-05,2022,5,강남구,주간,중상사고,차대사람 - 기타,차대사람,기타,기타,건조,맑음,기타 - 기타,기타,기타,0,1,0,0,1,1,1,Y,N,가해,개인형이동수단(PM),기타불명,기타불명,기타불명,보행자,남,12세 이하,중상,2022.xlsx
2022072802,2022-05,2022,5,강남구,야간,경상사고,차대차 - 추돌,차대차,추돌,안전운전불이행,젖음/습기,흐림,기타 - 기타,기타,기타,0,0,1,0,1,1,0,N,Y,피해,기타불명,기타불명,기타불명,기타불명,개인형이동수단(PM),남,13-20세,상해없음,2022.xlsx
2022075197,2022-05,2022,5,강남구,야간,경상사고,차대차 - 기타,차대차,기타,안전운전불이행,건조,맑음,단일로 - 기타,단일로,기타,0,0,3,0,3,3,0,Y,Y,가해+피해,개인형이동수단(PM),남,21-30세,경상,개인형이동수단(PM),남,13-20세,경상,2022.xlsx
2022075636,2022-05,2022,5,강남구,야간,경상사고,차대사람 - 보도통행중,차대사람,보도통행중,기타,건조,맑음,단일로 - 기타,단일로,기타,0,0,1,0,1,1,0,Y,N,가해,개인형이동수단(PM),남,20세 이하,상해없음,보행자,여,31-40세,경상,2022.xlsx
2022063736,2022-05,2022,5,강북구,주간,경상사고,차대차 - 충돌,차대차,충돌,기타,건조,맑음,단일로 - 기타,단일로,기타,0,0,1,0,1,1,0,N,Y,피해,승용,남,65세 이상,상해없음,개인형이동수단(PM),남,41-50세,경상,2022.xlsx
2022074500,2022-05,2022,5,관악구,주간,경상사고,차대차 - 충돌,차대차,충돌,안전운전불이행,건조,맑음,단일로 - 기타,단일로,기타,0,0,1,0,1,1,0,N,Y,피해,승용,남,31-40세,상해없음,개인형이동수단(PM),남,13-20세,경상,2022.xlsx
2022063446,2022-05,2022,5,광진구,야간,경상사고,차량단독 - 기타,차량단독,기타,기타,건조,맑음,기타 - 기타,기타,기타,0,0,1,0,1,1,0,Y,N,가해,개인형이동수단(PM),남,31-40세,경상,,,,,2022.xlsx
2022065668,2022-05,2022,5,광진구,야간,경상사고,차대차 - 충돌,차대차,충돌,중앙선침범,건조,맑음,단일로 - 기타,단일로,기타,0,0,1,0,1,1,0,Y,N,가해,개인형이동수단(PM),남,21-30세,상해없음,원동기,남,51-60세,경상,2022.xlsx
2022070498,2022-05,2022,5,광진구,야간,경상사고,차대사람 - 기타,차대사람,기타,안전운전불이행,건조,맑음,단일로 - 기타,단일로,기타,0,0,1,0,1,1,0,Y,N,가해,개인형이동수단(PM),기타불명,기타불명,기타불명,보행자,남,51-60세,경상,2022.xlsx
2022072896,2022-05,2022,5,광진구,주간,중상사고,차대사람 - 횡단중,차대사람,횡단중,안전운전불이행,건조,맑음,단일로 - 기타,단일로,기타,0,1,0,0,1,1,1,Y,N,가해,개인형이동수단(PM),남,21-30세,상해없음,보행자,남,31-40세,중상,2022.xlsx