사고ID,연월,연도,월,자치구,주야,사고내용,사고유형,사고유형_대분류,사고유형_소분류,법규위반,노면상태,기상상태,도로형태,도로형태_대분류,도로형태_소분류,사망자수,중상자수,경상자수,부상신고자수,총부상자수,총사상자수,중상이상자수,PM_가해여부,PM_피해여부,PM_역할,가해운전자_차종,가해운전자_성별,가해운전자_연령대,가해운전자_상해정도,피해운전자_차종,피해운전자_성별,피해운전자_연령대,피해운전자_상해정도,원본파일
2022114603,2022-08,2022,8,강서구,주간,경상사고,차대차 - 기타,차대차,기타,기타,건조,맑음,교차로 - 교차로안,교차로,교차로안,0,0,1,0,1,1,0,N,Y,피해,승용,남,65세 이상,상해없음,개인형이동수단(PM),여,31-40세,경상,2022.xlsx
2022115880,2022-08,2022,8,강서구,주간,경상사고,차대차 - 충돌,차대차,충돌,기타,건조,맑음,교차로 - 교차로안,교차로,교차로안,0,0,1,0,1,1,0,Y,N,가해,개인형이동수단(PM),남,21-30세,경상,승용,남,41-50세,상해없음,2022.xlsx
2022123933,2022-08,2022,8,강서구,주간,부상신고사고,차대차 - 기타,차대차,기타,신호위반,건조,맑음,교차로 - 교차로안,교차로,교차로안,0,0,0,1,1,1,0,Y,N,가해,개인형이동수단(PM),남,21-30세,부상신고,화물,남,61-64세,상해없음,2022.xlsx
2022116134,2022-08,2022,8,관악구,야간,경상사고,차대차 - 기타,차대차,기타,기타,건조,흐림,교차로 - 교차로안,교차로,교차로안,0,0,1,0,1,1,0,Y,N,가해,개인형이동수단(PM),남,21-30세,상해없음,이륜,남,41-50세,경상,2022.xlsx
2022117987,2022-08,2022,8,관악구,야간,중상사고,차대차 - 충돌,차대차,충돌,신호위반,건조,맑음,교차로 - 교차로횡단보도내,교차로,교차로횡단보도내,0,1,0,0,1,1,1,N,Y,피해,이륜,남,21-30세,상해없음,개인형이동수단(PM),남,51-60세,중상,2022.xlsx
2022123076,2022-08,2022,8,광진구,야간,경상사고,차대차 - 추돌,차대차,추돌,안전운전불이행,건조,맑음,기타 - 기타,기타,기타,0,0,1,0,1,1,0,Y,N,가해,개인형이동수단(PM),남,51-60세,상해없음,이륜,남,31-40세,경상,2022.xlsx
2022126033,2022-08,2022,8,광진구,주간,경상사고,차대차 - 충돌,차대차,충돌,교차로운행방법위반,건조,맑음,교차로 - 교차로부근,교차로,교차로부근,0,0,1,0,1,1,0,Y,N,가해,개인형이동수단(PM),남,21-30세,경상,승용,남,65세 이상,상해없음,2022.xlsx
2022111372,2022-08,2022,8,구로구,주간,경상사고,차대차 - 기타,차대차,기타,기타,건조,맑음,단일로 - 기타,단일로,기타,0,0,1,0,1,1,0,N,Y,피해,승용,남,65세 이상,상해없음,개인형이동수단(PM),여,31-40세,경상,2022.xlsx
2022116754,2022-08,2022,8,구로구,주간,부상신고사고,차대차 - 기타,차대차,기타,기타,건조,맑음,단일로 - 기타,단일로,기타,0,0,0,1,1,1,0,Y,N,가해,개인형이동수단(PM),남,51-60세,상해없음,자전거,남,51-60세,부상신고,2022.xlsx
2022117504,2022-08,2022,8,구로구,주간,경상사고,차대사람 - 횡단중,차대사람,횡단중,안전운전불이행,건조,맑음,기타 - 기타,기타,기타,0,0,1,0,1,1,0,Y,N,가해,개인형이동수단(PM),남,21-30세,기타불명,보행자,여,21-30세,경상,2022.xlsx
2022116111,2022-08,2022,8,금천구,야간,경상사고,차대사람 - 기타,차대사람,기타,안전운전불이행,건조,맑음,단일로 - 기타,단일로,기타,0,0,1,0,1,1,0,Y,N,가해,개인형이동수단(PM),남,21-30세,상해없음,보행자,여,31-40세,경상,2022.xlsx
2022126402,2022-08,2022,8,금천구,야간,중상사고,차대차 - 기타,차대차,기타,중앙선침범,건조,맑음,교차로 - 교차로횡단보도내,교차로,교차로횡단보도내,0,1,1,0,2,2,1,Y,N,가해,개인형이동수단(PM),남,31-40세,경상,이륜,남,31-40세,중상,2022.xlsx
2022112156,2022-08,2022,8,노원구,주간,경상사고,차대차 - 기타,차대차,기타,기타,건조,맑음,교차로 - 교차로안,교차로,교차로안,0,0,1,0,1,1,0,Y,N,가해,개인형이동수단(PM),남,21-30세,경상,승용,남,41-50세,상해없음,2022.xlsx
2022112542,2022-08,2022,8,노원구,야간,경상사고,차대차 - 기타,차대차,기타,신호위반,건조,맑음,교차로 - 교차로안,교차로,교차로안,0,0,1,0,1,1,0,Y,N,가해,개인형이동수단(PM),여,20세 이하,경상,승용,남,31-40세,상해없음,2022.xlsx
2022113568,2022-08,2022,8,노원구,주간,경상사고,차대차 - 기타,차대차,기타,안전운전불이행,젖음/습기,비,기타 - 기타,기타,기타,0,0,1,0,1,1,0,N,Y,피해,기타불명,기타불명,기타불명,기타불명,개인형이동수단(PM),남,31-40세,경상,2022.xlsx
2022117505,2022-08,2022,8,노원구,주간,경상사고,차대사람 - 기타,차대사람,기타,안전운전불이행,건조,맑음,단일로 - 기타,단일로,기타,0,0,1,0,1,1,0,Y,N,가해,개인형이동수단(PM),기타불명,기타불명,기타불명,보행자,여,21-30세,경상,2022.xlsx
2022118126,2022-08,2022,8,노원구,주간,경상사고,차대사람 - 보도통행중,차대사람,보도통행중,기타,건조,맑음,기타 - 기타,기타,기타,0,0,1,0,1,1,0,Y,N,가해,개인형이동수단(PM),여,41-50세,상해없음,보행자,여,65세 이상,경상,2022.xlsx
2022121064,2022-08,2022,8,노원구,주간,부상신고사고,차대차 - 기타,차대차,기타,기타,건조,맑음,교차로 - 교차로안,교차로,교차로안,0,0,0,1,1,1,0,Y,N,가해,개인형이동수단(PM),남,41-50세,부상신고,승용,남,31-40세,상해없음,2022.xlsx
2022122897,2022-08,2022,8,노원구,주간,경상사고,차대사람 - 횡단중,차대사람,횡단중,보행자보호의무위반,젖음/습기,비,교차로 - 교차로횡단보도내,교차로,교차로횡단보도내,0,0,1,0,1,1,0,Y,N,가해,개인형이동수단(PM),여,20세 이하,상해없음,보행자,남,21-30세,경상,2022.xlsx
2022123429,2022-08,2022,8,노원구,주간,경상사고,차대차 - 기타,차대차,기타,기타,건조,맑음,교차로 - 교차로부근,교차로,교차로부근,0,0,1,0,1,1,0,Y,N,가해,개인형이동수단(PM),여,21-30세,경상,승용,여,41-50세,상해없음,2022.xlsx
2022114841,2022-08,2022,8,도봉구,주간,중상사고,차대차 - 충돌,차대차,충돌,신호위반,건조,맑음,교차로 - 교차로안,교차로,교차로안,0,1,0,0,1,1,1,N,Y,피해,화물,남,51-60세,상해없음,개인형이동수단(PM),남,31-40세,중상,2022.xlsx
2022115917,2022-08,2022,8,도봉구,주간,경상사고,차대사람 - 횡단중,차대사람,횡단중,신호위반,기타,맑음,교차로 - 교차로횡단보도내,교차로,교차로횡단보도내,0,0,1,1,2,2,0,Y,N,가해,개인형이동수단(PM),남,51-60세,부상신고,보행자,남,65세 이상,경상,2022.xlsx
2022124693,2022-08,2022,8,동대문구,야간,부상신고사고,차대사람 - 기타,차대사람,기타,안전운전불이행,건조,맑음,기타 - 기타,기타,기타,0,0,0,1,1,1,0,Y,N,가해,개인형이동수단(PM),남,41-50세,부상신고,보행자,남,21-30세,상해없음,2022.xlsx
2022112350,2022-08,2022,8,동작구,주간,중상사고,차대차 - 추돌,차대차,추돌,신호위반,건조,맑음,교차로 - 교차로안,교차로,교차로안,0,1,0,0,1,1,1,N,Y,피해,승용,남,61-64세,상해없음,개인형이동수단(PM),남,21-30세,중상,2022.xlsx
2022116161,2022-08,2022,8,동작구,야간,경상사고,차대차 - 충돌,차대차,충돌,신호위반,건조,맑음,교차로 - 교차로횡단보도내,교차로,교차로횡단보도내,0,0,1,1,2,2,0,N,Y,피해,이륜,남,31-40세,부상신고,개인형이동수단(PM),남,21-30세,경상,2022.xlsx
2022120647,2022-08,2022,8,동작구,주간,중상사고,차대사람 - 기타,차대사람,기타,안전운전불이행,건조,맑음,단일로 - 기타,단일로,기타,0,1,0,0,1,1,1,Y,N,가해,개인형이동수단(PM),남,20세 이하,상해없음,보행자,남,65세 이상,중상,2022.xlsx
2022121967,2022-08,2022,8,동작구,야간,경상사고,차대차 - 기타,차대차,기타,안전운전불이행,건조,맑음,단일로 - 기타,단일로,기타,0,0,1,0,1,1,0,Y,N,가해,개인형이동수단(PM),남,51-60세,경상,승용,남,51-60세,상해없음,2022.xlsx
2022110497,2022-08,2022,8,마포구,야간,경상사고,차대사람 - 보도통행중,차대사람,보도통행중,기타,젖음/습기,비,단일로 - 기타,단일로,기타,0,0,1,0,1,1,0,Y,N,가해,개인형이동수단(PM),남,31-40세,상해없음,보행자,남,31-40세,경상,2022.xlsx
2022117011,2022-08,2022,8,마포구,야간,사망사고,차량단독 - 전도전복,차량단독,전도전복,안전운전불이행,건조,맑음,단일로 - 기타,단일로,기타,1,0,0,0,0,1,1,Y,N,가해,개인형이동수단(PM),남,51-60세,사망,,,,,2022.xlsx
2022118856,2022-08,2022,8,서대문구,주간,부상신고사고,차대차 - 충돌,차대차,충돌,안전운전불이행,건조,맑음,교차로 - 교차로안,교차로,교차로안,0,0,0,1,1,1,0,Y,N,가해,개인형이동수단(PM),여,21-30세,부상신고,승용,남,61-64세,상해없음,2022.xlsx
2022125362,2022-08,2022,8,서대문구,야간,부상신고사고,차량단독 - 전도전복,차량단독,전도전복,안전운전불이행,건조,흐림,단일로 - 기타,단일로,기타,0,0,0,1,1,1,0,Y,N,가해,개인형이동수단(PM),남,21-30세,부상신고,,,,,2022.xlsx
2022111621,2022-08,2022,8,서초구,주간,경상사고,차대사람 - 보도통행중,차대사람,보도통행중,기타,건조,맑음,기타 - 기타,기타,기타,0,0,1,0,1,1,0,Y,N,가해,개인형이동수단(PM),여,21-30세,상해없음,보행자,여,21-30세,경상,2022.xlsx
2022119793,2022-08,2022,8,서초구,야간,경상사고,차대차 - 기타,차대차,기타,안전운전불이행,건조,맑음,교차로 - 교차로부근,교차로,교차로부근,0,0,1,0,1,1,0,N,Y,피해,승용,남,31-40세,상해없음,개인형이동수단(PM),남,51-60세,경상,2022.xlsx
2022111980,2022-08,2022,8,성동구,야간,중상사고,차대차 - 추돌,차대차,추돌,안전운전불이행,건조,맑음,단일로 - 기타,단일로,기타,0,1,0,0,1,1,1,Y,N,가해,개인형이동수단(PM),남,21-30세,상해없음,원동기,남,51-60세,중상,2022.xlsx
2022114600,2022-08,2022,8,성북구,주간,경상사고,차대사람 - 보도통행중,차대사람,보도통행중,기타,건조,맑음,단일로 - 기타,단일로,기타,0,0,1,0,1,1,0,Y,N,가해,개인형이동수단(PM),남,21-30세,상해없음,보행자,여,31-40세,경상,2022.xlsx
2022124573,2022-08,2022,8,성북구,주간,경상사고,차대차 - 충돌,차대차,충돌,기타,건조,맑음,교차로 - 교차로부근,교차로,교차로부근,0,0,1,0,1,1,0,N,Y,피해,승용,여,21-30세,상해없음,개인형이동수단(PM),남,21-30세,경상,2022.xlsx
2022112509,2022-08,2022,8,송파구,야간,중상사고,차대차 - 충돌,차대차,충돌,신호위반,건조,맑음,단일로 - 기타,단일로,기타,0,1,0,0,1,1,1,N,Y,피해,승용,남,41-50세,상해없음,개인형이동수단(PM),남,61-64세,중상,2022.xlsx
2022117091,2022-08,2022,8,송파구,주간,중상사고,차대사람 - 보도통행중,차대사람,보도통행중,안전운전불이행,건조,맑음,단일로 - 기타,단일로,기타,0,1,0,0,1,1,1,Y,N,가해,개인형이동수단(PM),여,20세 이하,상해없음,보행자,여,51-60세,중상,2022.xlsx
2022121312,2022-08,2022,8,송파구,야간,경상사고,차대사람 - 보도통행중,차대사람,보도통행중,안전운전불이행,젖음/습기,비,단일로 - 기타,단일로,기타,0,0,1,0,1,1,0,Y,N,가해,개인형이동수단(PM),남,21-30세,상해없음,보행자,여,51-60세,경상,2022.xlsx
2022122261,2022-08,2022,8,송파구,주간,경상사고,차대사람 - 보도통행중,차대사람,보도통행중,기타,건조,맑음,교차로 - 교차로부근,교차로,교차로부근,0,0,1,0,1,1,0,Y,N,가해,개인형이동수단(PM),여,20세 이하,상해없음,보행자,여,65세 이상,경상,2022.xlsx
2022122860,2022-08,2022,8,송파구,주간,중상사고,차대차 - 충돌,차대차,충돌,안전운전불이행,건조,맑음,교차로 - 교차로안,교차로,교차로안,0,1,0,0,1,1,1,Y,N,가해,개인형이동수단(PM),여,21-30세,중상,승용,남,41-50세,상해없음,2022.xlsx
2022123149,2022-08,2022,8,송파구,주간,중상사고,차대차 - 기타,차대차,기타,안전운전불이행,건조,맑음,기타 - 기타,기타,기타,0,2,0,0,2,2,2,N,Y,피해,자전거,남,41-50세,중상,개인형이동수단(PM),남,41-50세,중상,2022.xlsx
2022123860,2022-08,2022,8,송파구,주간,중상사고,차대차 - 충돌,차대차,충돌,신호위반,건조,맑음,교차로 - 교차로횡단보도내,교차로,교차로횡단보도내,0,1,0,0,1,1,1,N,Y,피해,승용,남,41-50세,상해없음,개인형이동수단(PM),남,31-40세,중상,2022.xlsx
2022115813,2022-08,2022,8,양천구,주간,경상사고,차대사람 - 기타,차대사람,기타,기타,건조,맑음,기타 - 기타,기타,기타,0,0,1,0,1,1,0,Y,N,가해,개인형이동수단(PM),남,51-60세,상해없음,보행자,남,65세 이상,경상,2022.xlsx
2022120109,2022-08,2022,8,영등포구,주간,부상신고사고,차대사람 - 기타,차대사람,기타,기타,건조,맑음,단일로 - 기타,단일로,기타,0,0,0,1,1,1,0,Y,N,가해,개인형이동수단(PM),남,41-50세,부상신고,보행자,여,31-40세,상해없음,2022.xlsx
2022122494,2022-08,2022,8,영등포구,야간,경상사고,차대차 - 기타,차대차,기타,안전운전불이행,건조,맑음,교차로 - 교차로부근,교차로,교차로부근,0,0,1,0,1,1,0,Y,N,가해,개인형이동수단(PM),남,21-30세,경상,승용,남,65세 이상,상해없음,2022.xlsx
2022112685,2022-08,2022,8,용산구,야간,중상사고,차량단독 - 기타,차량단독,기타,안전운전불이행,건조,맑음,단일로 - 기타,단일로,기타,0,1,0,1,2,2,1,Y,N,가해,개인형이동수단(PM),남,31-40세,중상,,,,,2022.xlsx
2022126283,2022-08,2022,8,용산구,주간,중상사고,차대사람 - 기타,차대사람,기타,신호위반,건조,맑음,기타 - 기타,기타,기타,0,1,0,0,1,1,1,Y,N,가해,개인형이동수단(PM),여,21-30세,상해없음,보행자,남,65세 이상,중상,2022.xlsx
2022118007,2022-08,2022,8,은평구,야간,중상사고,차대차 - 충돌,차대차,충돌,안전거리미확보,건조,맑음,교차로 - 교차로부근,교차로,교차로부근,0,1,0,0,1,1,1,N,Y,피해,승용,남,51-60세,상해없음,개인형이동수단(PM),남,51-60세,중상,2022.xlsx
2022110178,2022-08,2022,8,종로구,주간,중상사고,차대차 - 충돌,차대차,충돌,신호위반,건조,맑음,교차로 - 교차로안,교차로,교차로안,0,1,1,0,2,2,1,N,Y,피해,승용,남,51-60세,상해없음,개인형이동수단(PM),남,65세 이상,중상,2022.xlsx
2022110367,2022-08,2022,8,종로구,야간,경상사고,차대사람 - 보도통행중,차대사람,보도통행중,기타,건조,흐림,단일로 - 기타,단일로,기타,0,0,1,0,1,1,0,Y,N,가해,개인형이동수단(PM),남,31-40세,상해없음,보행자,남,12세 이하,경상,2022.xlsx
2022114807,2022-08,2022,8,종로구,주간,경상사고,차대사람 - 보도통행중,차대사람,보도통행중,기타,건조,맑음,단일로 - 기타,단일로,기타,0,0,1,0,1,1,0,Y,N,가해,개인형이동수단(PM),여,20세 이하,상해없음,보행자,여,21-30세,경상,2022.xlsx
2022117053,2022-08,2022,8,종로구,야간,부상신고사고,차량단독 - 기타,차량단독,기타,안전운전불이행,건조,흐림,단일로 - 기타,단일로,기타,0,0,0,1,1,1,0,Y,N,가해,개인형이동수단(PM),남,31-40세,부상신고,,,,,2022.xlsx
2022122818,2022-08,2022,8,종로구,주간,경상사고,차대사람 - 기타,차대사람,기타,보행자보호의무위반,건조,맑음,교차로 - 교차로부근,교차로,교차로부근,0,0,1,0,1,1,0,Y,N,가해,개인형이동수단(PM),남,21-30세,상해없음,보행자,남,21-30세,경상,2022.xlsx
2022123712,2022-08,2022,8,종로구,야간,경상사고,차대차 - 충돌,차대차,충돌,안전운전불이행,건조,흐림,교차로 - 교차로부근,교차로,교차로부근,0,0,1,1,2,2,0,Y,N,가해,개인형이동수단(PM),남,21-30세,부상신고,승용,남,21-30세,경상,2022.xlsx
2022111647,2022-08,2022,8,중구,주간,중상사고,차대차 - 충돌,차대차,충돌,안전운전불이행,건조,맑음,교차로 - 교차로안,교차로,교차로안,0,1,0,0,1,1,1,Y,N,가해,개인형이동수단(PM),남,65세 이상,중상,승용,남,51-60세,상해없음,2022.xlsx
2022116008,2022-08,2022,8,중랑구,야간,중상사고,차대차 - 충돌,차대차,충돌,안전운전불이행,건조,맑음,교차로 - 교차로안,교차로,교차로안,0,1,0,0,1,1,1,N,Y,피해,승용,남,51-60세,상해없음,개인형이동수단(PM),남,65세 이상,중상,2022.xlsx
2022123623,2022-08,2022,8,중랑구,야간,부상신고사고,차대차 - 충돌,차대차,충돌,기타,건조,흐림,교차로 - 교차로안,교차로,교차로안,0,0,0,1,1,1,0,Y,N,가해,개인형이동수단(PM),여,20세 이하,상해없음,승용,여,21-30세,상해없음,2022.xlsx
2022126715,2022-09,2022,9,강남구,주간,경상사고,차대차 - 추돌,차대차,추돌,신호위반,건조,맑음,기타 - 기타,기타,기타,0,0,1,0,1,1,0,Y,N,가해,개인형이동수단(PM),남,20세 이하,상해없음,자전거,남,31-40세,경상,2022.xlsx
2022130137,2022-09,2022,9,강남구,야간,중상사고,차대차 - 추돌,차대차,추돌,기타,건조,맑음,기타 - 기타,기타,기타,0,1,0,0,1,1,1,Y,Y,가해+피해,개인형이동수단(PM),남,41-50세,기타불명,개인형이동수단(PM),남,21-30세,중상,2022.xlsx
2022130694,2022-09,2022,9,강남구,야간,경상사고,차대차 - 기타,차대차,기타,안전운전불이행,건조,맑음,교차로 - 교차로횡단보도내,교차로,교차로횡단보도내,0,0,1,0,1,1,0,Y,N,가해,개인형이동수단(PM),남,21-30세,경상,승용,남,41-50세,상해없음,2022.xlsx
2022131432,2022-09,2022,9,강남구,야간,부상신고사고,차대차 - 기타,차대차,기타,안전운전불이행,건조,맑음,교차로 - 교차로안,교차로,교차로안,0,0,0,1,1,1,0,N,Y,피해,승용,남,51-60세,상해없음,개인형이동수단(PM),여,31-40세,부상신고,2022.xlsx
2022132036,2022-09,2022,9,강남구,야간,경상사고,차대차 - 충돌,차대차,충돌,안전운전불이행,건조,맑음,단일로 - 기타,단일로,기타,0,0,1,0,1,1,0,N,Y,피해,승용,남,65세 이상,상해없음,개인형이동수단(PM),남,31-40세,경상,2022.xlsx
2022133886,2022-09,2022,9,강남구,주간,중상사고,차대차 - 기타,차대차,기타,교차로운행방법위반,건조,맑음,교차로 - 교차로안,교차로,교차로안,0,1,0,0,1,1,1,Y,N,가해,개인형이동수단(PM),여,21-30세,중상,승용,남,65세 이상,상해없음,2022.xlsx
2022135513,2022-09,2022,9,강남구,야간,경상사고,차대사람 - 차도통행중,차대사람,차도통행중,안전운전불이행,젖음/습기,흐림,단일로 - 기타,단일로,기타,0,0,1,0,1,1,0,Y,N,가해,개인형이동수단(PM),남,21-30세,기타불명,보행자,남,31-40세,경상,2022.xlsx
2022138574,2022-09,2022,9,강남구,주간,경상사고,차대사람 - 보도통행중,차대사람,보도통행중,기타,기타,맑음,단일로 - 기타,단일로,기타,0,0,1,0,1,1,0,Y,N,가해,개인형이동수단(PM),여,21-30세,상해없음,보행자,여,21-30세,경상,2022.xlsx
2022142006,2022-09,2022,9,강남구,주간,경상사고,차대차 - 추돌,차대차,추돌,신호위반,건조,맑음,교차로 - 교차로횡단보도내,교차로,교차로횡단보도내,0,0,1,0,1,1,0,N,Y,피해,화물,남,65세 이상,상해없음,개인형이동수단(PM),남,21-30세,경상,2022.xlsx
2022141340,2022-09,2022,9,강서구,주간,경상사고,차대차 - 기타,차대차,기타,기타,건조,맑음,교차로 - 교차로안,교차로,교차로안,0,0,1,0,1,1,0,N,Y,피해,승용,남,61-64세,상해없음,개인형이동수단(PM),여,31-40세,경상,2022.xlsx
2022127003,2022-09,2022,9,관악구,야간,중상사고,차대차 - 기타,차대차,기타,안전운전불이행,건조,흐림,교차로 - 교차로부근,교차로,교차로부근,0,1,0,0,1,1,1,Y,N,가해,개인형이동수단(PM),남,21-30세,중상,승합,남,65세 이상,상해없음,2022.xlsx
2022137082,2022-09,2022,9,관악구,주간,경상사고,차대차 - 기타,차대차,기타,중앙선침범,건조,맑음,단일로 - 기타,단일로,기타,0,0,1,0,1,1,0,N,Y,피해,자전거,남,31-40세,경상,개인형이동수단(PM),여,31-40세,상해없음,2022.xlsx
2022130278,2022-09,2022,9,광진구,주간,경상사고,차대차 - 기타,차대차,기타,안전운전불이행,건조,맑음,교차로 - 교차로안,교차로,교차로안,0,0,1,0,1,1,0,Y,N,가해,개인형이동수단(PM),여,21-30세,경상,승용,남,61-64세,상해없음,2022.xlsx
2022136433,2022-09,2022,9,광진구,야간,경상사고,차대차 - 충돌,차대차,충돌,안전운전불이행,건조,맑음,교차로 - 교차로부근,교차로,교차로부근,0,0,1,0,1,1,0,N,Y,피해,승용,남,65세 이상,상해없음,개인형이동수단(PM),여,21-30세,경상,2022.xlsx
2022137041,2022-09,2022,9,광진구,야간,중상사고,차대차 - 충돌,차대차,충돌,안전운전불이행,건조,맑음,교차로 - 교차로안,교차로,교차로안,0,1,0,0,1,1,1,N,Y,피해,이륜,남,21-30세,상해없음,개인형이동수단(PM),여,21-30세,중상,2022.xlsx
2022137574,2022-09,2022,9,광진구,야간,부상신고사고,차대차 - 기타,차대차,기타,안전운전불이행,건조,맑음,교차로 - 교차로부근,교차로,교차로부근,0,0,0,1,1,1,0,N,Y,피해,자전거,남,20세 이하,부상신고,개인형이동수단(PM),여,13-20세,상해없음,2022.xlsx
2022130763,2022-09,2022,9,구로구,야간,경상사고,차대사람 - 기타,차대사람,기타,안전운전불이행,건조,맑음,단일로 - 기타,단일로,기타,0,0,1,0,1,1,0,Y,N,가해,개인형이동수단(PM),남,20세 이하,상해없음,보행자,여,31-40세,경상,2022.xlsx
2022140321,2022-09,2022,9,구로구,주간,경상사고,차대차 - 기타,차대차,기타,안전운전불이행,건조,맑음,교차로 - 교차로횡단보도내,교차로,교차로횡단보도내,0,0,1,1,2,2,0,Y,N,가해,개인형이동수단(PM),남,41-50세,부상신고,승합,남,65세 이상,상해없음,2022.xlsx
2022143235,2022-09,2022,9,구로구,주간,경상사고,차대차 - 기타,차대차,기타,안전운전불이행,건조,맑음,교차로 - 교차로안,교차로,교차로안,0,0,1,0,1,1,0,Y,N,가해,개인형이동수단(PM),남,65세 이상,경상,이륜,남,21-30세,기타불명,2022.xlsx
2022133227,2022-09,2022,9,금천구,야간,경상사고,차대차 - 충돌,차대차,충돌,안전거리미확보,건조,맑음,단일로 - 기타,단일로,기타,0,0,1,0,1,1,0,Y,N,가해,개인형이동수단(PM),여,20세 이하,경상,승용,남,31-40세,상해없음,2022.xlsx
2022137069,2022-09,2022,9,금천구,야간,경상사고,차량단독 - 기타,차량단독,기타,안전운전불이행,건조,맑음,단일로 - 기타,단일로,기타,0,0,1,0,1,1,0,Y,N,가해,개인형이동수단(PM),남,51-60세,경상,,,,,2022.xlsx
2022128014,2022-09,2022,9,노원구,주간,경상사고,차대사람 - 보도통행중,차대사람,보도통행중,기타,건조,맑음,기타 - 기타,기타,기타,0,0,1,0,1,1,0,Y,N,가해,개인형이동수단(PM),남,20세 이하,상해없음,보행자,남,41-50세,경상,2022.xlsx
2022131222,2022-09,2022,9,노원구,주간,경상사고,차대사람 - 기타,차대사람,기타,안전운전불이행,건조,맑음,단일로 - 기타,단일로,기타,0,0,1,0,1,1,0,Y,N,가해,개인형이동수단(PM),남,20세 이하,상해없음,보행자,여,65세 이상,경상,2022.xlsx
2022134613,2022-09,2022,9,노원구,주간,경상사고,차대차 - 추돌,차대차,추돌,안전운전불이행,건조,맑음,기타 - 기타,기타,기타,0,0,1,0,1,1,0,N,Y,피해,기타불명,기타불명,기타불명,기타불명,개인형이동수단(PM),남,21-30세,경상,2022.xlsx
2022140463,2022-09,2022,9,노원구,주간,경상사고,차대사람 - 횡단중,차대사람,횡단중,보행자보호의무위반,건조,맑음,교차로 - 교차로횡단보도내,교차로,교차로횡단보도내,0,0,1,0,1,1,0,Y,N,가해,개인형이동수단(PM),남,20세 이하,상해없음,보행자,남,31-40세,경상,2022.xlsx
2022131486,2022-09,2022,9,도봉구,야간,경상사고,차대차 - 충돌,차대차,충돌,기타,건조,맑음,교차로 - 교차로안,교차로,교차로안,0,0,1,0,1,1,0,Y,N,가해,개인형이동수단(PM),여,21-30세,경상,화물,남,65세 이상,상해없음,2022.xlsx
2022127620,2022-09,2022,9,동대문구,야간,경상사고,차대차 - 충돌,차대차,충돌,안전거리미확보,건조,맑음,단일로 - 기타,단일로,기타,0,0,1,0,1,1,0,N,Y,피해,승용,남,51-60세,상해없음,개인형이동수단(PM),남,31-40세,경상,2022.xlsx
2022135352,2022-09,2022,9,동대문구,야간,경상사고,차대차 - 기타,차대차,기타,안전운전불이행,건조,맑음,단일로 - 기타,단일로,기타,0,0,1,0,1,1,0,N,Y,피해,화물,남,65세 이상,상해없음,개인형이동수단(PM),여,21-30세,경상,2022.xlsx
2022127474,2022-09,2022,9,동작구,주간,경상사고,차대차 - 추돌,차대차,추돌,안전운전불이행,건조,맑음,교차로 - 교차로부근,교차로,교차로부근,0,0,2,0,2,2,0,N,Y,피해,승용,남,41-50세,상해없음,개인형이동수단(PM),여,13-20세,경상,2022.xlsx
2022134886,2022-09,2022,9,동작구,주간,중상사고,차대사람 - 보도통행중,차대사람,보도통행중,기타,건조,맑음,단일로 - 기타,단일로,기타,0,1,0,0,1,1,1,Y,N,가해,개인형이동수단(PM),남,20세 이하,상해없음,보행자,남,51-60세,중상,2022.xlsx
2022126911,2022-09,2022,9,마포구,주간,중상사고,차대차 - 기타,차대차,기타,안전운전불이행,건조,맑음,단일로 - 기타,단일로,기타,0,1,0,0,1,1,1,N,Y,피해,승용,여,31-40세,상해없음,개인형이동수단(PM),남,31-40세,중상,2022.xlsx
2022128456,2022-09,2022,9,마포구,야간,중상사고,차대차 - 충돌,차대차,충돌,안전운전불이행,건조,맑음,교차로 - 교차로안,교차로,교차로안,0,1,0,0,1,1,1,N,Y,피해,승용,남,21-30세,상해없음,개인형이동수단(PM),남,31-40세,중상,2022.xlsx
2022132169,2022-09,2022,9,마포구,야간,경상사고,차대사람 - 길가장자리구역통행중,차대사람,길가장자리구역통행중,신호위반,건조,맑음,단일로 - 기타,단일로,기타,0,0,1,0,1,1,0,Y,N,가해,개인형이동수단(PM),남,31-40세,상해없음,보행자,남,21-30세,경상,2022.xlsx
2022134809,2022-09,2022,9,마포구,야간,경상사고,차대차 - 기타,차대차,기타,안전운전불이행,건조,맑음,교차로 - 교차로부근,교차로,교차로부근,0,0,1,0,1,1,0,N,Y,피해,승용,남,51-60세,상해없음,개인형이동수단(PM),남,21-30세,경상,2022.xlsx
2022137057,2022-09,2022,9,마포구,야간,경상사고,차대차 - 충돌,차대차,충돌,안전운전불이행,건조,맑음,교차로 - 교차로안,교차로,교차로안,0,0,1,0,1,1,0,N,Y,피해,기타불명,기타불명,기타불명,기타불명,개인형이동수단(PM),남,21-30세,경상,2022.xlsx