사고ID,연월,연도,월,자치구,주야,사고내용,사고유형,사고유형_대분류,사고유형_소분류,법규위반,노면상태,기상상태,도로형태,도로형태_대분류,도로형태_소분류,사망자수,중상자수,경상자수,부상신고자수,총부상자수,총사상자수,중상이상자수,PM_가해여부,PM_피해여부,PM_역할,가해운전자_차종,가해운전자_성별,가해운전자_연령대,가해운전자_상해정도,피해운전자_차종,피해운전자_성별,피해운전자_연령대,피해운전자_상해정도,원본파일
2022137328,2022-09,2022,9,마포구,주간,경상사고,차대사람 - 보도통행중,차대사람,보도통행중,기타,건조,맑음,기타 - 기타,기타,기타,0,0,1,0,1,1,0,Y,N,가해,개인형이동수단(PM),남,20세 이하,상해없음,보행자,남,12세 이하,경상,2022.xlsx
2022138701,2022-09,2022,9,마포구,주간,경상사고,차대사람 - 보도통행중,차대사람,보도통행중,안전운전불이행,건조,맑음,기타 - 기타,기타,기타,0,0,1,0,1,1,0,Y,N,가해,개인형이동수단(PM),남,20세 이하,기타불명,보행자,여,31-40세,경상,2022.xlsx
2022141591,2022-09,2022,9,마포구,주간,중상사고,차대차 - 기타,차대차,기타,신호위반,건조,맑음,단일로 - 기타,단일로,기타,0,1,0,0,1,1,1,N,Y,피해,화물,남,51-60세,상해없음,개인형이동수단(PM),남,41-50세,중상,2022.xlsx
2022130326,2022-09,2022,9,서대문구,주간,경상사고,차대차 - 기타,차대차,기타,안전운전불이행,건조,맑음,단일로 - 기타,단일로,기타,0,0,1,0,1,1,0,Y,N,가해,개인형이동수단(PM),남,31-40세,경상,승용,여,41-50세,상해없음,2022.xlsx
2022132086,2022-09,2022,9,서대문구,야간,경상사고,차대차 - 기타,차대차,기타,안전운전불이행,건조,맑음,기타 - 기타,기타,기타,0,0,1,0,1,1,0,Y,N,가해,개인형이동수단(PM),남,31-40세,경상,이륜,남,21-30세,상해없음,2022.xlsx
2022133394,2022-09,2022,9,서대문구,주간,경상사고,차대사람 - 차도통행중,차대사람,차도통행중,안전운전불이행,건조,맑음,단일로 - 기타,단일로,기타,0,0,1,0,1,1,0,Y,N,가해,개인형이동수단(PM),여,41-50세,상해없음,보행자,여,61-64세,경상,2022.xlsx
2022130842,2022-09,2022,9,서초구,야간,경상사고,차대사람 - 횡단중,차대사람,횡단중,안전운전불이행,건조,맑음,단일로 - 기타,단일로,기타,0,0,2,0,2,2,0,Y,N,가해,개인형이동수단(PM),남,31-40세,상해없음,보행자,남,31-40세,경상,2022.xlsx
2022131633,2022-09,2022,9,서초구,야간,경상사고,차대차 - 충돌,차대차,충돌,안전운전불이행,건조,맑음,단일로 - 기타,단일로,기타,0,0,1,0,1,1,0,N,Y,피해,이륜,남,21-30세,경상,개인형이동수단(PM),남,21-30세,상해없음,2022.xlsx
2022138139,2022-09,2022,9,서초구,야간,경상사고,차대사람 - 횡단중,차대사람,횡단중,보행자보호의무위반,건조,맑음,교차로 - 교차로횡단보도내,교차로,교차로횡단보도내,0,0,1,0,1,1,0,Y,N,가해,개인형이동수단(PM),남,20세 이하,상해없음,보행자,여,21-30세,경상,2022.xlsx
2022138628,2022-09,2022,9,서초구,주간,경상사고,차대사람 - 보도통행중,차대사람,보도통행중,안전운전불이행,건조,맑음,단일로 - 기타,단일로,기타,0,0,1,0,1,1,0,Y,N,가해,개인형이동수단(PM),여,31-40세,상해없음,보행자,여,65세 이상,경상,2022.xlsx
2022138906,2022-09,2022,9,서초구,야간,중상사고,차대차 - 기타,차대차,기타,안전운전불이행,건조,맑음,단일로 - 기타,단일로,기타,0,1,1,0,2,2,1,Y,N,가해,개인형이동수단(PM),남,31-40세,경상,이륜,여,41-50세,중상,2022.xlsx
2022140162,2022-09,2022,9,성동구,야간,경상사고,차대차 - 충돌,차대차,충돌,안전운전불이행,건조,맑음,교차로 - 교차로안,교차로,교차로안,0,0,1,0,1,1,0,N,Y,피해,승용,남,65세 이상,상해없음,개인형이동수단(PM),남,21-30세,경상,2022.xlsx
2022127039,2022-09,2022,9,송파구,야간,경상사고,차대차 - 충돌,차대차,충돌,안전운전불이행,건조,맑음,교차로 - 교차로횡단보도내,교차로,교차로횡단보도내,0,0,1,0,1,1,0,Y,N,가해,개인형이동수단(PM),남,21-30세,경상,승용,여,31-40세,상해없음,2022.xlsx
2022127864,2022-09,2022,9,송파구,야간,경상사고,차량단독 - 기타,차량단독,기타,안전운전불이행,건조,맑음,단일로 - 기타,단일로,기타,0,0,1,0,1,1,0,Y,N,가해,개인형이동수단(PM),남,21-30세,경상,,,,,2022.xlsx
2022128882,2022-09,2022,9,송파구,야간,부상신고사고,차대차 - 기타,차대차,기타,안전운전불이행,젖음/습기,비,단일로 - 기타,단일로,기타,0,0,0,1,1,1,0,N,Y,피해,승용,여,51-60세,상해없음,개인형이동수단(PM),남,31-40세,부상신고,2022.xlsx
2022129734,2022-09,2022,9,송파구,주간,경상사고,차대차 - 충돌,차대차,충돌,안전운전불이행,건조,맑음,단일로 - 기타,단일로,기타,0,0,1,1,2,2,0,N,Y,피해,이륜,남,31-40세,부상신고,개인형이동수단(PM),남,41-50세,경상,2022.xlsx
2022133024,2022-09,2022,9,송파구,주간,경상사고,차대차 - 충돌,차대차,충돌,안전운전불이행,건조,맑음,단일로 - 기타,단일로,기타,0,0,1,0,1,1,0,N,Y,피해,승용,남,41-50세,상해없음,개인형이동수단(PM),남,51-60세,경상,2022.xlsx
2022133633,2022-09,2022,9,송파구,야간,경상사고,차대사람 - 횡단중,차대사람,횡단중,중앙선침범,건조,맑음,교차로 - 교차로횡단보도내,교차로,교차로횡단보도내,0,0,1,0,1,1,0,Y,N,가해,개인형이동수단(PM),남,20세 이하,상해없음,보행자,여,61-64세,경상,2022.xlsx
2022134075,2022-09,2022,9,송파구,주간,경상사고,차대차 - 기타,차대차,기타,안전운전불이행,건조,맑음,단일로 - 기타,단일로,기타,0,0,1,0,1,1,0,N,Y,피해,승용,여,51-60세,상해없음,개인형이동수단(PM),여,13-20세,경상,2022.xlsx
2022135768,2022-09,2022,9,송파구,주간,경상사고,차대사람 - 차도통행중,차대사람,차도통행중,안전운전불이행,건조,맑음,단일로 - 기타,단일로,기타,0,0,1,0,1,1,0,Y,N,가해,개인형이동수단(PM),여,20세 이하,상해없음,보행자,여,21-30세,경상,2022.xlsx
2022138668,2022-09,2022,9,송파구,주간,경상사고,차대사람 - 보도통행중,차대사람,보도통행중,기타,건조,맑음,단일로 - 기타,단일로,기타,0,0,1,0,1,1,0,Y,N,가해,개인형이동수단(PM),남,31-40세,상해없음,보행자,여,65세 이상,경상,2022.xlsx
2022141552,2022-09,2022,9,송파구,주간,중상사고,차대차 - 기타,차대차,기타,안전운전불이행,건조,맑음,단일로 - 기타,단일로,기타,0,1,0,0,1,1,1,Y,N,가해,개인형이동수단(PM),여,31-40세,중상,승용,여,61-64세,상해없음,2022.xlsx
2022128284,2022-09,2022,9,양천구,야간,경상사고,차대사람 - 기타,차대사람,기타,안전운전불이행,건조,맑음,단일로 - 기타,단일로,기타,0,0,1,0,1,1,0,Y,N,가해,개인형이동수단(PM),남,20세 이하,기타불명,보행자,여,41-50세,경상,2022.xlsx
2022133502,2022-09,2022,9,양천구,주간,중상사고,차대사람 - 횡단중,차대사람,횡단중,신호위반,건조,맑음,단일로 - 기타,단일로,기타,0,1,0,0,1,1,1,Y,N,가해,개인형이동수단(PM),남,20세 이하,상해없음,보행자,남,12세 이하,중상,2022.xlsx
2022135307,2022-09,2022,9,양천구,야간,경상사고,차대차 - 기타,차대차,기타,기타,건조,맑음,단일로 - 기타,단일로,기타,0,0,1,0,1,1,0,N,Y,피해,승용,여,51-60세,상해없음,개인형이동수단(PM),여,61-64세,경상,2022.xlsx
2022138881,2022-09,2022,9,양천구,야간,중상사고,차대차 - 기타,차대차,기타,안전운전불이행,건조,맑음,단일로 - 기타,단일로,기타,0,1,0,0,1,1,1,N,Y,피해,승용,여,21-30세,상해없음,개인형이동수단(PM),남,61-64세,중상,2022.xlsx
2022134465,2022-09,2022,9,영등포구,주간,경상사고,차대사람 - 보도통행중,차대사람,보도통행중,기타,건조,맑음,단일로 - 기타,단일로,기타,0,0,1,0,1,1,0,Y,N,가해,개인형이동수단(PM),여,41-50세,상해없음,보행자,남,31-40세,경상,2022.xlsx
2022140320,2022-09,2022,9,영등포구,주간,경상사고,차대차 - 기타,차대차,기타,안전운전불이행,건조,맑음,교차로 - 교차로안,교차로,교차로안,0,0,1,0,1,1,0,N,Y,피해,화물,남,65세 이상,상해없음,개인형이동수단(PM),여,31-40세,경상,2022.xlsx
2022140617,2022-09,2022,9,영등포구,야간,경상사고,차대차 - 기타,차대차,기타,중앙선침범,건조,맑음,단일로 - 기타,단일로,기타,0,0,2,1,3,3,0,Y,N,가해,개인형이동수단(PM),남,20세 이하,부상신고,승용,남,31-40세,경상,2022.xlsx
2022130865,2022-09,2022,9,용산구,야간,경상사고,차대사람 - 보도통행중,차대사람,보도통행중,안전운전불이행,건조,흐림,기타 - 기타,기타,기타,0,0,1,0,1,1,0,Y,N,가해,개인형이동수단(PM),남,41-50세,기타불명,보행자,남,21-30세,경상,2022.xlsx
2022143041,2022-09,2022,9,중구,야간,경상사고,차대차 - 기타,차대차,기타,기타,건조,맑음,교차로 - 교차로부근,교차로,교차로부근,0,0,1,0,1,1,0,Y,N,가해,개인형이동수단(PM),여,21-30세,경상,이륜,남,31-40세,기타불명,2022.xlsx
2022138313,2022-09,2022,9,중랑구,야간,경상사고,차대차 - 기타,차대차,기타,안전운전불이행,건조,맑음,교차로 - 교차로부근,교차로,교차로부근,0,0,1,0,1,1,0,N,Y,피해,승용,남,61-64세,상해없음,개인형이동수단(PM),남,41-50세,경상,2022.xlsx
2022146443,2022-10,2022,10,강남구,야간,중상사고,차대차 - 추돌,차대차,추돌,안전운전불이행,젖음/습기,맑음,기타 - 기타,기타,기타,0,1,0,0,1,1,1,N,Y,피해,승용,남,31-40세,상해없음,개인형이동수단(PM),남,51-60세,중상,2022.xlsx
2022147696,2022-10,2022,10,강남구,야간,경상사고,차대사람 - 보도통행중,차대사람,보도통행중,기타,건조,맑음,기타 - 기타,기타,기타,0,0,1,0,1,1,0,Y,N,가해,개인형이동수단(PM),남,21-30세,상해없음,보행자,남,41-50세,경상,2022.xlsx
2022148857,2022-10,2022,10,강남구,야간,경상사고,차대차 - 기타,차대차,기타,신호위반,건조,맑음,교차로 - 교차로횡단보도내,교차로,교차로횡단보도내,0,0,1,0,1,1,0,N,Y,피해,이륜,남,21-30세,기타불명,개인형이동수단(PM),남,31-40세,경상,2022.xlsx
2022149442,2022-10,2022,10,강남구,주간,경상사고,차대사람 - 횡단중,차대사람,횡단중,기타,건조,맑음,기타 - 기타,기타,기타,0,0,1,0,1,1,0,Y,N,가해,개인형이동수단(PM),여,20세 이하,기타불명,보행자,여,21-30세,경상,2022.xlsx
2022149653,2022-10,2022,10,강남구,주간,중상사고,차대차 - 기타,차대차,기타,신호위반,건조,맑음,단일로 - 기타,단일로,기타,0,1,0,0,1,1,1,N,Y,피해,승용,여,41-50세,상해없음,개인형이동수단(PM),남,21-30세,중상,2022.xlsx
2022152823,2022-10,2022,10,강남구,야간,중상사고,차대사람 - 보도통행중,차대사람,보도통행중,신호위반,건조,맑음,단일로 - 기타,단일로,기타,0,1,0,0,1,1,1,Y,N,가해,개인형이동수단(PM),남,21-30세,상해없음,보행자,남,12세 이하,중상,2022.xlsx
2022153178,2022-10,2022,10,강남구,주간,경상사고,차대차 - 충돌,차대차,충돌,안전운전불이행,건조,맑음,교차로 - 교차로횡단보도내,교차로,교차로횡단보도내,0,0,1,0,1,1,0,Y,N,가해,개인형이동수단(PM),여,31-40세,경상,승용,남,21-30세,상해없음,2022.xlsx
2022155571,2022-10,2022,10,강남구,야간,경상사고,차대사람 - 보도통행중,차대사람,보도통행중,기타,건조,기타,기타 - 기타,기타,기타,0,0,1,0,1,1,0,Y,N,가해,개인형이동수단(PM),남,21-30세,기타불명,보행자,남,41-50세,경상,2022.xlsx
2022157575,2022-10,2022,10,강남구,주간,경상사고,차대사람 - 보도통행중,차대사람,보도통행중,기타,기타,기타,단일로 - 기타,단일로,기타,0,0,1,0,1,1,0,Y,N,가해,개인형이동수단(PM),남,20세 이하,상해없음,보행자,남,21-30세,경상,2022.xlsx
2022159158,2022-10,2022,10,강남구,야간,부상신고사고,차량단독 - 기타,차량단독,기타,안전운전불이행,건조,맑음,단일로 - 기타,단일로,기타,0,0,0,1,1,1,0,Y,N,가해,개인형이동수단(PM),남,31-40세,부상신고,,,,,2022.xlsx
2022159204,2022-10,2022,10,강남구,야간,부상신고사고,차량단독 - 기타,차량단독,기타,안전운전불이행,건조,맑음,기타 - 기타,기타,기타,0,0,0,1,1,1,0,Y,N,가해,개인형이동수단(PM),남,31-40세,부상신고,,,,,2022.xlsx
2022160350,2022-10,2022,10,강남구,야간,경상사고,차대사람 - 보도통행중,차대사람,보도통행중,안전운전불이행,건조,기타,기타 - 기타,기타,기타,0,0,1,0,1,1,0,Y,N,가해,개인형이동수단(PM),여,31-40세,상해없음,보행자,남,31-40세,경상,2022.xlsx
2022160570,2022-10,2022,10,강남구,야간,경상사고,차대사람 - 기타,차대사람,기타,안전운전불이행,건조,맑음,기타 - 기타,기타,기타,0,0,1,0,1,1,0,Y,N,가해,개인형이동수단(PM),여,21-30세,상해없음,보행자,여,21-30세,경상,2022.xlsx
2022161461,2022-10,2022,10,강남구,주간,부상신고사고,차대차 - 기타,차대차,기타,안전운전불이행,건조,맑음,단일로 - 기타,단일로,기타,0,0,0,1,1,1,0,Y,N,가해,개인형이동수단(PM),남,41-50세,부상신고,기타불명,기타불명,기타불명,기타불명,2022.xlsx
2022144597,2022-10,2022,10,강서구,주간,경상사고,차대사람 - 횡단중,차대사람,횡단중,신호위반,건조,맑음,교차로 - 교차로횡단보도내,교차로,교차로횡단보도내,0,0,1,0,1,1,0,Y,N,가해,개인형이동수단(PM),남,20세 이하,상해없음,보행자,남,31-40세,경상,2022.xlsx
2022149105,2022-10,2022,10,강서구,주간,부상신고사고,차대차 - 기타,차대차,기타,안전운전불이행,건조,맑음,교차로 - 교차로안,교차로,교차로안,0,0,0,1,1,1,0,Y,N,가해,개인형이동수단(PM),남,31-40세,부상신고,승용,남,65세 이상,상해없음,2022.xlsx
2022151700,2022-10,2022,10,강서구,야간,경상사고,차대차 - 기타,차대차,기타,안전운전불이행,건조,맑음,단일로 - 기타,단일로,기타,0,0,2,0,2,2,0,Y,N,가해,개인형이동수단(PM),남,21-30세,경상,자전거,여,21-30세,경상,2022.xlsx
2022160198,2022-10,2022,10,강서구,주간,중상사고,차대차 - 추돌,차대차,추돌,안전운전불이행,건조,맑음,단일로 - 기타,단일로,기타,0,1,0,0,1,1,1,Y,N,가해,개인형이동수단(PM),여,20세 이하,상해없음,자전거,남,65세 이상,중상,2022.xlsx
2022146647,2022-10,2022,10,광진구,주간,경상사고,차대차 - 충돌,차대차,충돌,안전운전불이행,건조,맑음,단일로 - 기타,단일로,기타,0,0,1,0,1,1,0,Y,N,가해,개인형이동수단(PM),남,20세 이하,상해없음,자전거,여,65세 이상,경상,2022.xlsx
2022153140,2022-10,2022,10,광진구,주간,중상사고,차대사람 - 보도통행중,차대사람,보도통행중,중앙선침범,건조,맑음,단일로 - 기타,단일로,기타,0,1,0,0,1,1,1,Y,N,가해,개인형이동수단(PM),남,21-30세,상해없음,보행자,여,13-20세,중상,2022.xlsx
2022155570,2022-10,2022,10,광진구,야간,경상사고,차대사람 - 보도통행중,차대사람,보도통행중,기타,건조,맑음,단일로 - 기타,단일로,기타,0,0,1,0,1,1,0,Y,N,가해,개인형이동수단(PM),남,21-30세,상해없음,보행자,남,41-50세,경상,2022.xlsx
2022160193,2022-10,2022,10,광진구,주간,부상신고사고,차대사람 - 보도통행중,차대사람,보도통행중,안전운전불이행,건조,맑음,기타 - 기타,기타,기타,0,0,0,1,1,1,0,Y,N,가해,개인형이동수단(PM),여,20세 이하,상해없음,보행자,남,12세 이하,부상신고,2022.xlsx
2022147753,2022-10,2022,10,금천구,야간,경상사고,차대차 - 충돌,차대차,충돌,신호위반,건조,맑음,교차로 - 교차로안,교차로,교차로안,0,0,1,0,1,1,0,Y,N,가해,개인형이동수단(PM),여,20세 이하,상해없음,승합,남,51-60세,상해없음,2022.xlsx
2022146651,2022-10,2022,10,노원구,주간,경상사고,차대사람 - 차도통행중,차대사람,차도통행중,안전운전불이행,건조,맑음,교차로 - 교차로부근,교차로,교차로부근,0,0,1,0,1,1,0,Y,N,가해,개인형이동수단(PM),남,65세 이상,상해없음,보행자,여,65세 이상,경상,2022.xlsx
2022154286,2022-10,2022,10,노원구,야간,경상사고,차대사람 - 기타,차대사람,기타,기타,건조,맑음,단일로 - 기타,단일로,기타,0,0,1,0,1,1,0,Y,N,가해,개인형이동수단(PM),남,20세 이하,상해없음,보행자,여,13-20세,경상,2022.xlsx
2022155367,2022-10,2022,10,노원구,주간,중상사고,차대사람 - 횡단중,차대사람,횡단중,안전운전불이행,건조,맑음,기타 - 기타,기타,기타,0,1,0,0,1,1,1,Y,N,가해,개인형이동수단(PM),남,20세 이하,상해없음,보행자,여,41-50세,중상,2022.xlsx
2022156402,2022-10,2022,10,노원구,주간,경상사고,차대차 - 충돌,차대차,충돌,기타,건조,맑음,단일로 - 기타,단일로,기타,0,0,1,0,1,1,0,N,Y,피해,승용,남,65세 이상,상해없음,개인형이동수단(PM),남,21-30세,경상,2022.xlsx
2022157717,2022-10,2022,10,노원구,주간,경상사고,차대사람 - 기타,차대사람,기타,안전운전불이행,건조,맑음,기타 - 기타,기타,기타,0,0,1,0,1,1,0,Y,N,가해,개인형이동수단(PM),기타불명,기타불명,기타불명,보행자,여,12세 이하,경상,2022.xlsx
2022161246,2022-10,2022,10,노원구,야간,중상사고,차대사람 - 횡단중,차대사람,횡단중,신호위반,건조,맑음,교차로 - 교차로횡단보도내,교차로,교차로횡단보도내,0,1,0,0,1,1,1,Y,N,가해,개인형이동수단(PM),남,20세 이하,상해없음,보행자,남,65세 이상,중상,2022.xlsx
2022162119,2022-10,2022,10,동대문구,야간,경상사고,차대사람 - 기타,차대사람,기타,안전운전불이행,건조,맑음,기타 - 기타,기타,기타,0,0,1,0,1,1,0,Y,N,가해,개인형이동수단(PM),남,21-30세,상해없음,보행자,여,12세 이하,경상,2022.xlsx
2022148397,2022-10,2022,10,동작구,주간,경상사고,차대차 - 충돌,차대차,충돌,안전운전불이행,젖음/습기,비,교차로 - 교차로부근,교차로,교차로부근,0,0,1,0,1,1,0,Y,N,가해,개인형이동수단(PM),남,31-40세,경상,승용,여,51-60세,상해없음,2022.xlsx
2022154821,2022-10,2022,10,동작구,야간,경상사고,차대사람 - 횡단중,차대사람,횡단중,보행자보호의무위반,건조,맑음,교차로 - 교차로횡단보도내,교차로,교차로횡단보도내,0,0,1,0,1,1,0,Y,N,가해,개인형이동수단(PM),남,31-40세,상해없음,보행자,남,31-40세,경상,2022.xlsx
2022160196,2022-10,2022,10,동작구,주간,부상신고사고,차대사람 - 기타,차대사람,기타,기타,건조,맑음,단일로 - 기타,단일로,기타,0,0,0,1,1,1,0,Y,N,가해,개인형이동수단(PM),기타불명,기타불명,기타불명,보행자,여,31-40세,부상신고,2022.xlsx
2022144717,2022-10,2022,10,마포구,야간,경상사고,차대차 - 충돌,차대차,충돌,안전운전불이행,젖음/습기,비,교차로 - 교차로부근,교차로,교차로부근,0,0,1,0,1,1,0,N,Y,피해,원동기,남,31-40세,기타불명,개인형이동수단(PM),남,41-50세,경상,2022.xlsx
2022149438,2022-10,2022,10,마포구,주간,경상사고,차대사람 - 횡단중,차대사람,횡단중,신호위반,건조,맑음,교차로 - 교차로횡단보도내,교차로,교차로횡단보도내,0,0,1,0,1,1,0,Y,N,가해,개인형이동수단(PM),남,20세 이하,상해없음,보행자,여,21-30세,경상,2022.xlsx
2022150991,2022-10,2022,10,마포구,주간,경상사고,차대차 - 기타,차대차,기타,안전운전불이행,건조,맑음,교차로 - 교차로안,교차로,교차로안,0,0,1,0,1,1,0,Y,N,가해,개인형이동수단(PM),남,20세 이하,상해없음,자전거,여,41-50세,경상,2022.xlsx
2022156143,2022-10,2022,10,마포구,야간,부상신고사고,차대차 - 기타,차대차,기타,안전운전불이행,건조,맑음,단일로 - 기타,단일로,기타,0,0,0,2,2,2,0,N,Y,피해,자전거,여,21-30세,부상신고,개인형이동수단(PM),여,13-20세,부상신고,2022.xlsx
2022151465,2022-10,2022,10,서대문구,주간,중상사고,차대사람 - 기타,차대사람,기타,보행자보호의무위반,건조,맑음,교차로 - 교차로안,교차로,교차로안,0,1,0,0,1,1,1,Y,N,가해,개인형이동수단(PM),여,20세 이하,상해없음,보행자,여,65세 이상,중상,2022.xlsx
2022157789,2022-10,2022,10,서초구,야간,중상사고,차대차 - 기타,차대차,기타,안전운전불이행,건조,맑음,교차로 - 교차로안,교차로,교차로안,0,1,0,0,1,1,1,N,Y,피해,승용,남,51-60세,상해없음,개인형이동수단(PM),남,31-40세,중상,2022.xlsx
2022149518,2022-10,2022,10,성동구,주간,중상사고,차대차 - 충돌,차대차,충돌,신호위반,건조,맑음,교차로 - 교차로안,교차로,교차로안,0,1,0,0,1,1,1,Y,N,가해,개인형이동수단(PM),여,21-30세,중상,승용,남,31-40세,상해없음,2022.xlsx
2022150410,2022-10,2022,10,성동구,야간,경상사고,차대차 - 기타,차대차,기타,안전운전불이행,건조,맑음,교차로 - 교차로횡단보도내,교차로,교차로횡단보도내,0,0,1,0,1,1,0,Y,N,가해,개인형이동수단(PM),남,31-40세,상해없음,자전거,남,41-50세,경상,2022.xlsx
2022152498,2022-10,2022,10,성동구,야간,중상사고,차대사람 - 기타,차대사람,기타,안전운전불이행,건조,맑음,단일로 - 기타,단일로,기타,0,1,0,0,1,1,1,Y,N,가해,개인형이동수단(PM),남,21-30세,상해없음,보행자,남,51-60세,중상,2022.xlsx
2022158462,2022-10,2022,10,성동구,야간,경상사고,차대차 - 충돌,차대차,충돌,안전운전불이행,건조,맑음,교차로 - 교차로부근,교차로,교차로부근,0,0,1,0,1,1,0,Y,N,가해,개인형이동수단(PM),여,21-30세,상해없음,원동기,남,41-50세,경상,2022.xlsx
2022158585,2022-10,2022,10,성동구,야간,중상사고,차대차 - 충돌,차대차,충돌,기타,건조,맑음,단일로 - 기타,단일로,기타,0,1,0,0,1,1,1,N,Y,피해,승용,남,65세 이상,상해없음,개인형이동수단(PM),남,51-60세,중상,2022.xlsx
2022154475,2022-10,2022,10,성북구,주간,경상사고,차대사람 - 횡단중,차대사람,횡단중,안전운전불이행,건조,맑음,단일로 - 기타,단일로,기타,0,0,1,0,1,1,0,Y,N,가해,개인형이동수단(PM),남,41-50세,상해없음,보행자,남,61-64세,경상,2022.xlsx
2022157712,2022-10,2022,10,성북구,주간,경상사고,차대사람 - 보도통행중,차대사람,보도통행중,기타,건조,맑음,기타 - 기타,기타,기타,0,0,1,0,1,1,0,Y,N,가해,개인형이동수단(PM),남,20세 이하,상해없음,보행자,여,41-50세,경상,2022.xlsx
2022144347,2022-10,2022,10,송파구,야간,경상사고,차대사람 - 보도통행중,차대사람,보도통행중,안전운전불이행,건조,맑음,단일로 - 기타,단일로,기타,0,0,1,0,1,1,0,Y,N,가해,개인형이동수단(PM),남,31-40세,상해없음,보행자,여,21-30세,경상,2022.xlsx
2022150201,2022-10,2022,10,송파구,주간,경상사고,차대차 - 기타,차대차,기타,안전운전불이행,건조,맑음,단일로 - 기타,단일로,기타,0,0,1,0,1,1,0,N,Y,피해,기타불명,기타불명,기타불명,기타불명,개인형이동수단(PM),여,21-30세,경상,2022.xlsx
2022157907,2022-10,2022,10,송파구,야간,경상사고,차대차 - 충돌,차대차,충돌,안전운전불이행,건조,맑음,단일로 - 기타,단일로,기타,0,0,2,0,2,2,0,Y,Y,가해+피해,개인형이동수단(PM),여,21-30세,경상,개인형이동수단(PM),여,51-60세,경상,2022.xlsx
2022157714,2022-10,2022,10,영등포구,주간,중상사고,차대차 - 충돌,차대차,충돌,안전운전불이행,건조,맑음,단일로 - 기타,단일로,기타,0,1,0,1,2,2,1,Y,N,가해,개인형이동수단(PM),여,51-60세,부상신고,이륜,남,51-60세,중상,2022.xlsx
2022143764,2022-10,2022,10,용산구,야간,부상신고사고,차대차 - 기타,차대차,기타,안전운전불이행,건조,맑음,단일로 - 기타,단일로,기타,0,0,0,1,1,1,0,Y,N,가해,개인형이동수단(PM),남,51-60세,부상신고,승용,남,51-60세,상해없음,2022.xlsx
2022147120,2022-10,2022,10,은평구,주간,경상사고,차대사람 - 길가장자리구역통행중,차대사람,길가장자리구역통행중,보행자보호의무위반,건조,맑음,교차로 - 교차로안,교차로,교차로안,0,0,1,0,1,1,0,Y,N,가해,개인형이동수단(PM),여,41-50세,상해없음,보행자,여,12세 이하,경상,2022.xlsx
2022152632,2022-10,2022,10,은평구,주간,부상신고사고,차대사람 - 기타,차대사람,기타,안전운전불이행,건조,맑음,단일로 - 기타,단일로,기타,0,0,0,1,1,1,0,Y,N,가해,개인형이동수단(PM),남,20세 이하,상해없음,보행자,남,41-50세,부상신고,2022.xlsx
2022161777,2022-10,2022,10,종로구,주간,중상사고,차대사람 - 기타,차대사람,기타,안전운전불이행,건조,맑음,단일로 - 기타,단일로,기타,0,1,0,0,1,1,1,Y,N,가해,개인형이동수단(PM),여,21-30세,상해없음,보행자,여,31-40세,중상,2022.xlsx
2022152794,2022-10,2022,10,중구,주간,부상신고사고,차대차 - 기타,차대차,기타,기타,건조,맑음,교차로 - 교차로안,교차로,교차로안,0,0,0,1,1,1,0,Y,N,가해,개인형이동수단(PM),여,51-60세,부상신고,승용,여,41-50세,상해없음,2022.xlsx
2022156462,2022-10,2022,10,중구,주간,경상사고,차대차 - 기타,차대차,기타,안전거리미확보,건조,맑음,단일로 - 기타,단일로,기타,0,0,1,0,1,1,0,Y,N,가해,개인형이동수단(PM),여,51-60세,경상,승용,남,51-60세,상해없음,2022.xlsx
2022146940,2022-10,2022,10,중랑구,야간,경상사고,차대차 - 기타,차대차,기타,안전거리미확보,건조,맑음,단일로 - 기타,단일로,기타,0,0,1,0,1,1,0,N,Y,피해,승용,남,61-64세,상해없음,개인형이동수단(PM),남,31-40세,경상,2022.xlsx
2022162812,2022-11,2022,11,강남구,야간,경상사고,차대사람 - 보도통행중,차대사람,보도통행중,보행자보호의무위반,건조,맑음,단일로 - 기타,단일로,기타,0,0,1,0,1,1,0,Y,N,가해,개인형이동수단(PM),여,20세 이하,상해없음,보행자,남,31-40세,경상,2022.xlsx
2022163974,2022-11,2022,11,강남구,야간,중상사고,차대차 - 충돌,차대차,충돌,안전운전불이행,건조,맑음,교차로 - 교차로횡단보도내,교차로,교차로횡단보도내,0,1,0,0,1,1,1,Y,N,가해,개인형이동수단(PM),남,61-64세,상해없음,이륜,남,21-30세,중상,2022.xlsx
2022164844,2022-11,2022,11,강남구,주간,경상사고,차대차 - 기타,차대차,기타,중앙선침범,건조,맑음,기타 - 기타,기타,기타,0,0,1,0,1,1,0,Y,N,가해,개인형이동수단(PM),여,20세 이하,상해없음,이륜,남,41-50세,경상,2022.xlsx