사고ID,연월,연도,월,자치구,주야,사고내용,사고유형,사고유형_대분류,사고유형_소분류,법규위반,노면상태,기상상태,도로형태,도로형태_대분류,도로형태_소분류,사망자수,중상자수,경상자수,부상신고자수,총부상자수,총사상자수,중상이상자수,PM_가해여부,PM_피해여부,PM_역할,가해운전자_차종,가해운전자_성별,가해운전자_연령대,가해운전자_상해정도,피해운전자_차종,피해운전자_성별,피해운전자_연령대,피해운전자_상해정도,원본파일
2023128563,2023-09,2023,9,중랑구,주간,경상사고,차대차 - 기타,차대차,기타,안전운전불이행,건조,맑음,기타 - 기타,기타,기타,0,0,2,0,2,2,0,Y,N,가해,개인형이동수단(PM),여,41-50세,상해없음,승용,남,31-40세,상해없음,2023.xlsx
2023145689,2023-09,2023,9,중랑구,주간,경상사고,차대차 - 충돌,차대차,충돌,안전운전불이행,건조,맑음,교차로 - 교차로안,교차로,교차로안,0,0,1,0,1,1,0,Y,N,가해,개인형이동수단(PM),남,20세 이하,상해없음,자전거,남,65세 이상,경상,2023.xlsx
2023146143,2023-10,2023,10,강남구,주간,부상신고사고,차대차 - 충돌,차대차,충돌,안전운전불이행,건조,맑음,교차로 - 교차로안,교차로,교차로안,0,0,0,1,1,1,0,Y,N,가해,개인형이동수단(PM),여,31-40세,부상신고,승용,여,51-60세,상해없음,2023.xlsx
2023147311,2023-10,2023,10,강남구,주간,경상사고,차대사람 - 보도통행중,차대사람,보도통행중,안전운전불이행,건조,맑음,기타 - 기타,기타,기타,0,0,1,0,1,1,0,Y,N,가해,개인형이동수단(PM),여,31-40세,상해없음,보행자,여,31-40세,경상,2023.xlsx
2023148223,2023-10,2023,10,강남구,야간,경상사고,차대차 - 충돌,차대차,충돌,중앙선침범,건조,맑음,기타 - 기타,기타,기타,0,0,1,0,1,1,0,Y,N,가해,개인형이동수단(PM),남,41-50세,경상,승용,남,61-64세,상해없음,2023.xlsx
2023149169,2023-10,2023,10,강남구,주간,경상사고,차대차 - 기타,차대차,기타,안전운전불이행,건조,맑음,교차로 - 교차로안,교차로,교차로안,0,0,1,0,1,1,0,Y,N,가해,개인형이동수단(PM),남,41-50세,경상,승용,남,41-50세,상해없음,2023.xlsx
2023149841,2023-10,2023,10,강남구,야간,경상사고,차대차 - 기타,차대차,기타,안전운전불이행,건조,맑음,기타 - 기타,기타,기타,0,0,1,0,1,1,0,Y,N,가해,개인형이동수단(PM),남,20세 이하,경상,승용,남,61-64세,상해없음,2023.xlsx
2023150318,2023-10,2023,10,강남구,주간,경상사고,차대사람 - 보도통행중,차대사람,보도통행중,기타,건조,맑음,단일로 - 기타,단일로,기타,0,0,1,0,1,1,0,Y,N,가해,개인형이동수단(PM),남,20세 이하,상해없음,보행자,여,41-50세,경상,2023.xlsx
2023150365,2023-10,2023,10,강남구,주간,경상사고,차대차 - 기타,차대차,기타,안전운전불이행,건조,맑음,교차로 - 교차로안,교차로,교차로안,0,0,2,0,2,2,0,Y,N,가해,개인형이동수단(PM),남,31-40세,경상,승용,남,65세 이상,상해없음,2023.xlsx
2023151173,2023-10,2023,10,강남구,주간,경상사고,차대사람 - 기타,차대사람,기타,안전운전불이행,건조,맑음,교차로 - 교차로부근,교차로,교차로부근,0,0,1,0,1,1,0,Y,N,가해,개인형이동수단(PM),여,21-30세,상해없음,보행자,남,21-30세,경상,2023.xlsx
2023153076,2023-10,2023,10,강남구,주간,경상사고,차대차 - 기타,차대차,기타,기타,건조,맑음,교차로 - 교차로부근,교차로,교차로부근,0,0,1,0,1,1,0,Y,N,가해,개인형이동수단(PM),남,20세 이하,경상,승용,여,41-50세,상해없음,2023.xlsx
2023154088,2023-10,2023,10,강남구,주간,부상신고사고,차대사람 - 기타,차대사람,기타,보행자보호의무위반,건조,맑음,단일로 - 기타,단일로,기타,0,0,0,1,1,1,0,Y,N,가해,개인형이동수단(PM),남,31-40세,상해없음,보행자,여,12세 이하,부상신고,2023.xlsx
2023154164,2023-10,2023,10,강남구,주간,경상사고,차대사람 - 횡단중,차대사람,횡단중,보행자보호의무위반,건조,맑음,교차로 - 교차로부근,교차로,교차로부근,0,0,1,0,1,1,0,Y,N,가해,개인형이동수단(PM),여,20세 이하,상해없음,보행자,여,65세 이상,경상,2023.xlsx
2023155489,2023-10,2023,10,강남구,주간,경상사고,차대차 - 기타,차대차,기타,안전운전불이행,건조,맑음,단일로 - 기타,단일로,기타,0,0,1,0,1,1,0,Y,N,가해,개인형이동수단(PM),여,20세 이하,경상,승용,여,31-40세,상해없음,2023.xlsx
2023157388,2023-10,2023,10,강남구,주간,중상사고,차대사람 - 기타,차대사람,기타,기타,건조,맑음,단일로 - 기타,단일로,기타,0,1,0,0,1,1,1,Y,N,가해,개인형이동수단(PM),남,20세 이하,상해없음,보행자,여,12세 이하,중상,2023.xlsx
2023160250,2023-10,2023,10,강남구,야간,부상신고사고,차대차 - 기타,차대차,기타,안전운전불이행,건조,맑음,단일로 - 기타,단일로,기타,0,0,0,1,1,1,0,Y,N,가해,개인형이동수단(PM),남,20세 이하,부상신고,승용,남,65세 이상,상해없음,2023.xlsx
2023160439,2023-10,2023,10,강남구,야간,경상사고,차대차 - 기타,차대차,기타,안전운전불이행,건조,맑음,교차로 - 교차로횡단보도내,교차로,교차로횡단보도내,0,0,1,0,1,1,0,N,Y,피해,승용,남,61-64세,상해없음,개인형이동수단(PM),남,21-30세,경상,2023.xlsx
2023160738,2023-10,2023,10,강남구,주간,경상사고,차대차 - 기타,차대차,기타,교차로운행방법위반,건조,맑음,교차로 - 교차로부근,교차로,교차로부근,0,0,1,0,1,1,0,Y,N,가해,개인형이동수단(PM),남,21-30세,상해없음,승용,남,51-60세,경상,2023.xlsx
2023163095,2023-10,2023,10,강남구,주간,경상사고,차대사람 - 보도통행중,차대사람,보도통행중,기타,건조,맑음,기타 - 기타,기타,기타,0,0,1,0,1,1,0,Y,N,가해,개인형이동수단(PM),남,20세 이하,상해없음,보행자,여,31-40세,경상,2023.xlsx
2023158500,2023-10,2023,10,강동구,야간,중상사고,차대사람 - 보도통행중,차대사람,보도통행중,기타,건조,맑음,단일로 - 기타,단일로,기타,0,1,0,0,1,1,1,Y,N,가해,개인형이동수단(PM),여,20세 이하,상해없음,보행자,여,21-30세,중상,2023.xlsx
2023157939,2023-10,2023,10,강북구,주간,경상사고,차대사람 - 차도통행중,차대사람,차도통행중,안전운전불이행,건조,맑음,교차로 - 교차로안,교차로,교차로안,0,0,1,0,1,1,0,Y,N,가해,개인형이동수단(PM),남,20세 이하,상해없음,보행자,남,61-64세,경상,2023.xlsx
2023146552,2023-10,2023,10,강서구,주간,중상사고,차대차 - 충돌,차대차,충돌,신호위반,건조,맑음,단일로 - 기타,단일로,기타,0,1,1,0,2,2,1,N,Y,피해,승용,남,65세 이상,상해없음,개인형이동수단(PM),남,41-50세,중상,2023.xlsx
2023150005,2023-10,2023,10,강서구,주간,경상사고,차대차 - 기타,차대차,기타,안전운전불이행,건조,맑음,교차로 - 교차로안,교차로,교차로안,0,0,1,0,1,1,0,Y,N,가해,개인형이동수단(PM),남,20세 이하,경상,승용,여,21-30세,상해없음,2023.xlsx
2023156380,2023-10,2023,10,강서구,주간,부상신고사고,차대차 - 기타,차대차,기타,안전운전불이행,건조,맑음,교차로 - 교차로부근,교차로,교차로부근,0,0,0,1,1,1,0,Y,N,가해,개인형이동수단(PM),남,21-30세,부상신고,화물,남,51-60세,상해없음,2023.xlsx
2023153467,2023-10,2023,10,관악구,주간,부상신고사고,차대차 - 충돌,차대차,충돌,기타,건조,맑음,교차로 - 교차로부근,교차로,교차로부근,0,0,0,1,1,1,0,Y,N,가해,개인형이동수단(PM),남,21-30세,부상신고,승용,남,65세 이상,상해없음,2023.xlsx
2023155671,2023-10,2023,10,관악구,야간,경상사고,차대사람 - 보도통행중,차대사람,보도통행중,기타,건조,맑음,단일로 - 기타,단일로,기타,0,0,1,0,1,1,0,Y,N,가해,개인형이동수단(PM),남,20세 이하,상해없음,보행자,남,41-50세,경상,2023.xlsx
2023157187,2023-10,2023,10,관악구,주간,중상사고,차대사람 - 횡단중,차대사람,횡단중,신호위반,건조,맑음,교차로 - 교차로횡단보도내,교차로,교차로횡단보도내,0,1,0,0,1,1,1,Y,N,가해,개인형이동수단(PM),남,61-64세,상해없음,보행자,여,65세 이상,중상,2023.xlsx
2023162230,2023-10,2023,10,관악구,주간,경상사고,차대사람 - 기타,차대사람,기타,안전운전불이행,건조,맑음,교차로 - 교차로부근,교차로,교차로부근,0,0,1,0,1,1,0,Y,N,가해,개인형이동수단(PM),남,41-50세,상해없음,보행자,여,51-60세,경상,2023.xlsx
2023151911,2023-10,2023,10,광진구,주간,경상사고,차대차 - 기타,차대차,기타,신호위반,기타,맑음,단일로 - 기타,단일로,기타,0,0,2,0,2,2,0,Y,N,가해,개인형이동수단(PM),남,21-30세,경상,자전거,남,65세 이상,경상,2023.xlsx
2023162657,2023-10,2023,10,광진구,야간,경상사고,차대차 - 기타,차대차,기타,신호위반,건조,맑음,교차로 - 교차로횡단보도내,교차로,교차로횡단보도내,0,0,1,0,1,1,0,N,Y,피해,승용,여,21-30세,상해없음,개인형이동수단(PM),남,51-60세,경상,2023.xlsx
2023147262,2023-10,2023,10,구로구,야간,경상사고,차량단독 - 기타,차량단독,기타,기타,건조,맑음,교차로 - 교차로부근,교차로,교차로부근,0,0,1,0,1,1,0,Y,N,가해,개인형이동수단(PM),남,20세 이하,경상,,,,,2023.xlsx
2023152802,2023-10,2023,10,구로구,야간,중상사고,차대차 - 충돌,차대차,충돌,중앙선침범,건조,맑음,교차로 - 교차로안,교차로,교차로안,0,1,1,0,2,2,1,N,Y,피해,자전거,남,21-30세,중상,개인형이동수단(PM),남,31-40세,경상,2023.xlsx
2023163256,2023-10,2023,10,구로구,야간,부상신고사고,차대사람 - 횡단중,차대사람,횡단중,보행자보호의무위반,건조,맑음,교차로 - 교차로횡단보도내,교차로,교차로횡단보도내,0,0,0,1,1,1,0,Y,N,가해,개인형이동수단(PM),남,65세 이상,상해없음,보행자,남,12세 이하,부상신고,2023.xlsx
2023151368,2023-10,2023,10,금천구,야간,경상사고,차대사람 - 보도통행중,차대사람,보도통행중,기타,건조,맑음,단일로 - 기타,단일로,기타,0,0,1,0,1,1,0,Y,N,가해,개인형이동수단(PM),남,20세 이하,상해없음,보행자,여,65세 이상,경상,2023.xlsx
2023152440,2023-10,2023,10,금천구,주간,경상사고,차대차 - 충돌,차대차,충돌,안전운전불이행,건조,맑음,교차로 - 교차로안,교차로,교차로안,0,0,2,1,3,3,0,Y,N,가해,개인형이동수단(PM),남,21-30세,상해없음,기타불명,남,65세 이상,경상,2023.xlsx
2023161572,2023-10,2023,10,금천구,야간,중상사고,차대차 - 충돌,차대차,충돌,신호위반,건조,맑음,교차로 - 교차로안,교차로,교차로안,0,1,1,0,2,2,1,Y,N,가해,개인형이동수단(PM),남,31-40세,중상,원동기,남,21-30세,경상,2023.xlsx
2023161846,2023-10,2023,10,금천구,주간,경상사고,차대사람 - 보도통행중,차대사람,보도통행중,보행자보호의무위반,건조,맑음,기타 - 기타,기타,기타,0,0,1,0,1,1,0,Y,N,가해,개인형이동수단(PM),남,41-50세,상해없음,보행자,남,61-64세,경상,2023.xlsx
2023149677,2023-10,2023,10,노원구,주간,부상신고사고,차대차 - 충돌,차대차,충돌,기타,건조,맑음,교차로 - 교차로안,교차로,교차로안,0,0,0,1,1,1,0,Y,N,가해,개인형이동수단(PM),남,20세 이하,부상신고,승용,남,41-50세,상해없음,2023.xlsx
2023151009,2023-10,2023,10,노원구,주간,중상사고,차대사람 - 보도통행중,차대사람,보도통행중,안전운전불이행,건조,맑음,단일로 - 기타,단일로,기타,0,1,0,0,1,1,1,Y,N,가해,개인형이동수단(PM),남,20세 이하,기타불명,보행자,여,65세 이상,중상,2023.xlsx
2023151372,2023-10,2023,10,노원구,야간,중상사고,차대차 - 충돌,차대차,충돌,안전운전불이행,건조,맑음,교차로 - 교차로안,교차로,교차로안,0,1,0,0,1,1,1,Y,N,가해,개인형이동수단(PM),여,20세 이하,상해없음,승용,여,41-50세,상해없음,2023.xlsx
2023151509,2023-10,2023,10,노원구,야간,경상사고,차대차 - 기타,차대차,기타,중앙선침범,건조,맑음,단일로 - 기타,단일로,기타,0,0,1,0,1,1,0,Y,N,가해,개인형이동수단(PM),남,20세 이하,경상,승용,남,51-60세,상해없음,2023.xlsx
2023151947,2023-10,2023,10,노원구,야간,경상사고,차대차 - 충돌,차대차,충돌,안전운전불이행,건조,맑음,단일로 - 기타,단일로,기타,0,0,1,0,1,1,0,Y,N,가해,개인형이동수단(PM),남,65세 이상,경상,승합,남,61-64세,상해없음,2023.xlsx
2023153530,2023-10,2023,10,노원구,주간,경상사고,차대차 - 기타,차대차,기타,신호위반,건조,맑음,단일로 - 기타,단일로,기타,0,0,1,0,1,1,0,N,Y,피해,승용,여,41-50세,상해없음,개인형이동수단(PM),남,13-20세,경상,2023.xlsx
2023153604,2023-10,2023,10,노원구,주간,경상사고,차대사람 - 횡단중,차대사람,횡단중,신호위반,건조,맑음,교차로 - 교차로횡단보도내,교차로,교차로횡단보도내,0,0,1,0,1,1,0,Y,N,가해,개인형이동수단(PM),남,20세 이하,상해없음,보행자,여,65세 이상,경상,2023.xlsx
2023154695,2023-10,2023,10,노원구,주간,경상사고,차대사람 - 보도통행중,차대사람,보도통행중,안전운전불이행,건조,맑음,단일로 - 기타,단일로,기타,0,0,1,0,1,1,0,Y,N,가해,개인형이동수단(PM),여,20세 이하,상해없음,보행자,여,31-40세,경상,2023.xlsx
2023156951,2023-10,2023,10,동대문구,야간,경상사고,차대차 - 기타,차대차,기타,안전운전불이행,건조,맑음,교차로 - 교차로안,교차로,교차로안,0,0,1,0,1,1,0,Y,N,가해,개인형이동수단(PM),남,20세 이하,상해없음,이륜,남,31-40세,경상,2023.xlsx
2023163342,2023-10,2023,10,동대문구,야간,경상사고,차대사람 - 보도통행중,차대사람,보도통행중,기타,건조,맑음,단일로 - 기타,단일로,기타,0,0,1,0,1,1,0,Y,N,가해,개인형이동수단(PM),남,31-40세,상해없음,보행자,남,41-50세,경상,2023.xlsx
2023155985,2023-10,2023,10,동작구,주간,부상신고사고,차대사람 - 기타,차대사람,기타,안전운전불이행,건조,맑음,단일로 - 기타,단일로,기타,0,0,0,1,1,1,0,Y,N,가해,개인형이동수단(PM),남,20세 이하,상해없음,보행자,남,65세 이상,부상신고,2023.xlsx
2023161174,2023-10,2023,10,동작구,주간,부상신고사고,차대차 - 충돌,차대차,충돌,교차로운행방법위반,건조,기타,교차로 - 교차로안,교차로,교차로안,0,0,0,1,1,1,0,Y,N,가해,개인형이동수단(PM),남,20세 이하,부상신고,승용,남,65세 이상,상해없음,2023.xlsx
2023161796,2023-10,2023,10,동작구,주간,중상사고,차대사람 - 보도통행중,차대사람,보도통행중,기타,건조,맑음,교차로 - 교차로안,교차로,교차로안,0,1,0,0,1,1,1,Y,N,가해,개인형이동수단(PM),남,20세 이하,상해없음,보행자,남,65세 이상,중상,2023.xlsx
2023147822,2023-10,2023,10,마포구,야간,중상사고,차대차 - 기타,차대차,기타,안전운전불이행,건조,맑음,교차로 - 교차로횡단보도내,교차로,교차로횡단보도내,0,1,0,0,1,1,1,N,Y,피해,자전거,여,61-64세,중상,개인형이동수단(PM),남,21-30세,상해없음,2023.xlsx
2023151239,2023-10,2023,10,마포구,주간,중상사고,차대사람 - 보도통행중,차대사람,보도통행중,보행자보호의무위반,건조,맑음,교차로 - 교차로횡단보도내,교차로,교차로횡단보도내,0,1,0,0,1,1,1,Y,N,가해,개인형이동수단(PM),남,65세 이상,상해없음,보행자,여,41-50세,중상,2023.xlsx
2023160555,2023-10,2023,10,서대문구,주간,중상사고,차대사람 - 기타,차대사람,기타,신호위반,건조,맑음,교차로 - 교차로횡단보도내,교차로,교차로횡단보도내,0,1,0,0,1,1,1,Y,N,가해,개인형이동수단(PM),남,20세 이하,상해없음,보행자,남,65세 이상,중상,2023.xlsx
2023148360,2023-10,2023,10,서초구,야간,부상신고사고,차대차 - 충돌,차대차,충돌,안전운전불이행,건조,맑음,교차로 - 교차로부근,교차로,교차로부근,0,0,0,1,1,1,0,Y,N,가해,개인형이동수단(PM),남,20세 이하,상해없음,이륜,여,21-30세,부상신고,2023.xlsx
2023149327,2023-10,2023,10,서초구,야간,경상사고,차대사람 - 보도통행중,차대사람,보도통행중,기타,건조,맑음,단일로 - 기타,단일로,기타,0,0,1,0,1,1,0,Y,N,가해,개인형이동수단(PM),남,31-40세,상해없음,보행자,여,31-40세,경상,2023.xlsx
2023154163,2023-10,2023,10,서초구,주간,경상사고,차대사람 - 기타,차대사람,기타,기타,건조,맑음,교차로 - 교차로횡단보도내,교차로,교차로횡단보도내,0,0,1,0,1,1,0,Y,N,가해,개인형이동수단(PM),남,20세 이하,상해없음,보행자,여,13-20세,경상,2023.xlsx
2023159984,2023-10,2023,10,서초구,주간,경상사고,차대차 - 기타,차대차,기타,신호위반,건조,맑음,교차로 - 교차로안,교차로,교차로안,0,0,1,0,1,1,0,Y,N,가해,개인형이동수단(PM),여,21-30세,경상,승용,남,65세 이상,상해없음,2023.xlsx
2023163187,2023-10,2023,10,서초구,야간,중상사고,차량단독 - 기타,차량단독,기타,안전운전불이행,건조,기타,단일로 - 터널,단일로,터널,0,1,0,0,1,1,1,Y,N,가해,개인형이동수단(PM),남,31-40세,중상,,,,,2023.xlsx
2023159951,2023-10,2023,10,성동구,주간,경상사고,차대차 - 기타,차대차,기타,중앙선침범,건조,맑음,단일로 - 기타,단일로,기타,0,0,1,0,1,1,0,N,Y,피해,승용,남,31-40세,상해없음,개인형이동수단(PM),남,31-40세,경상,2023.xlsx
2023150921,2023-10,2023,10,성북구,주간,부상신고사고,차대차 - 기타,차대차,기타,안전운전불이행,건조,맑음,기타 - 기타,기타,기타,0,0,0,1,1,1,0,Y,N,가해,개인형이동수단(PM),여,20세 이하,부상신고,승용,여,41-50세,상해없음,2023.xlsx
2023151767,2023-10,2023,10,성북구,주간,경상사고,차대사람 - 보도통행중,차대사람,보도통행중,기타,건조,맑음,단일로 - 기타,단일로,기타,0,0,1,0,1,1,0,Y,N,가해,개인형이동수단(PM),남,20세 이하,상해없음,보행자,남,51-60세,경상,2023.xlsx
2023162386,2023-10,2023,10,성북구,주간,중상사고,차대차 - 기타,차대차,기타,안전운전불이행,건조,맑음,단일로 - 기타,단일로,기타,0,1,0,0,1,1,1,Y,N,가해,개인형이동수단(PM),남,31-40세,중상,승용,남,51-60세,상해없음,2023.xlsx
2023147792,2023-10,2023,10,송파구,야간,부상신고사고,차대사람 - 기타,차대사람,기타,안전운전불이행,건조,맑음,단일로 - 기타,단일로,기타,0,0,0,1,1,1,0,Y,N,가해,개인형이동수단(PM),남,20세 이하,상해없음,보행자,여,13-20세,부상신고,2023.xlsx
2023149971,2023-10,2023,10,송파구,주간,중상사고,차대차 - 추돌,차대차,추돌,안전거리미확보,건조,맑음,단일로 - 기타,단일로,기타,0,1,1,0,2,2,1,Y,N,가해,개인형이동수단(PM),남,65세 이상,중상,자전거,여,41-50세,경상,2023.xlsx
2023151478,2023-10,2023,10,송파구,야간,경상사고,차대차 - 기타,차대차,기타,안전거리미확보,건조,맑음,교차로 - 교차로부근,교차로,교차로부근,0,0,2,0,2,2,0,Y,N,가해,개인형이동수단(PM),남,20세 이하,상해없음,승합,남,41-50세,상해없음,2023.xlsx
2023153179,2023-10,2023,10,송파구,주간,경상사고,차대차 - 기타,차대차,기타,안전거리미확보,건조,맑음,단일로 - 기타,단일로,기타,0,0,1,0,1,1,0,N,Y,피해,승합,남,51-60세,상해없음,개인형이동수단(PM),남,61-64세,경상,2023.xlsx
2023153686,2023-10,2023,10,송파구,야간,중상사고,차대차 - 충돌,차대차,충돌,안전운전불이행,건조,맑음,단일로 - 기타,단일로,기타,0,1,0,0,1,1,1,N,Y,피해,승용,남,31-40세,상해없음,개인형이동수단(PM),남,65세 이상,중상,2023.xlsx
2023153845,2023-10,2023,10,송파구,주간,중상사고,차대차 - 추돌,차대차,추돌,교차로운행방법위반,건조,맑음,교차로 - 교차로안,교차로,교차로안,0,1,0,0,1,1,1,Y,N,가해,개인형이동수단(PM),남,65세 이상,상해없음,자전거,여,61-64세,중상,2023.xlsx
2023157390,2023-10,2023,10,송파구,주간,경상사고,차대사람 - 기타,차대사람,기타,안전운전불이행,건조,맑음,기타 - 기타,기타,기타,0,0,1,0,1,1,0,Y,N,가해,개인형이동수단(PM),남,20세 이하,상해없음,보행자,남,12세 이하,경상,2023.xlsx
2023158120,2023-10,2023,10,송파구,주간,중상사고,차대사람 - 기타,차대사람,기타,안전운전불이행,건조,맑음,기타 - 기타,기타,기타,0,1,0,0,1,1,1,Y,N,가해,개인형이동수단(PM),남,20세 이하,상해없음,보행자,여,41-50세,중상,2023.xlsx
2023159713,2023-10,2023,10,송파구,야간,경상사고,차대사람 - 길가장자리구역통행중,차대사람,길가장자리구역통행중,기타,침수,기타,기타 - 기타,기타,기타,0,0,1,0,1,1,0,Y,N,가해,개인형이동수단(PM),남,20세 이하,상해없음,보행자,남,21-30세,경상,2023.xlsx
2023162459,2023-10,2023,10,송파구,주간,중상사고,차량단독 - 기타,차량단독,기타,안전운전불이행,건조,맑음,단일로 - 기타,단일로,기타,0,1,0,0,1,1,1,Y,N,가해,개인형이동수단(PM),남,31-40세,중상,,,,,2023.xlsx
2023146768,2023-10,2023,10,양천구,야간,경상사고,차대차 - 충돌,차대차,충돌,안전운전불이행,건조,맑음,단일로 - 기타,단일로,기타,0,0,1,0,1,1,0,N,Y,피해,승용,남,31-40세,상해없음,개인형이동수단(PM),남,31-40세,경상,2023.xlsx
2023158939,2023-10,2023,10,양천구,주간,중상사고,차대차 - 충돌,차대차,충돌,신호위반,건조,맑음,교차로 - 교차로안,교차로,교차로안,0,1,0,0,1,1,1,Y,N,가해,개인형이동수단(PM),남,41-50세,중상,화물,남,41-50세,상해없음,2023.xlsx
2023161359,2023-10,2023,10,양천구,주간,경상사고,차대차 - 기타,차대차,기타,기타,건조,맑음,단일로 - 기타,단일로,기타,0,0,1,0,1,1,0,N,Y,피해,승용,여,61-64세,상해없음,개인형이동수단(PM),남,51-60세,경상,2023.xlsx
2023154404,2023-10,2023,10,영등포구,야간,경상사고,차대차 - 충돌,차대차,충돌,안전운전불이행,건조,맑음,단일로 - 기타,단일로,기타,0,0,1,0,1,1,0,N,Y,피해,승용,남,21-30세,상해없음,개인형이동수단(PM),남,21-30세,경상,2023.xlsx
2023158639,2023-10,2023,10,영등포구,야간,경상사고,차대사람 - 기타,차대사람,기타,안전운전불이행,건조,맑음,단일로 - 기타,단일로,기타,0,0,1,0,1,1,0,Y,N,가해,개인형이동수단(PM),남,41-50세,상해없음,보행자,여,31-40세,경상,2023.xlsx
2023150311,2023-10,2023,10,용산구,주간,경상사고,차대사람 - 보도통행중,차대사람,보도통행중,기타,건조,맑음,단일로 - 기타,단일로,기타,0,0,1,0,1,1,0,Y,N,가해,개인형이동수단(PM),남,31-40세,상해없음,보행자,남,41-50세,경상,2023.xlsx
2023156262,2023-10,2023,10,은평구,야간,경상사고,차대차 - 충돌,차대차,충돌,신호위반,건조,맑음,교차로 - 교차로안,교차로,교차로안,0,0,2,0,2,2,0,N,Y,피해,이륜,여,20세 이하,경상,개인형이동수단(PM),남,21-30세,경상,2023.xlsx
2023160380,2023-10,2023,10,은평구,야간,중상사고,차대차 - 기타,차대차,기타,신호위반,젖음/습기,비,단일로 - 기타,단일로,기타,0,1,0,0,1,1,1,N,Y,피해,승용,남,31-40세,기타불명,개인형이동수단(PM),여,21-30세,중상,2023.xlsx
2023152751,2023-10,2023,10,종로구,야간,경상사고,차대사람 - 보도통행중,차대사람,보도통행중,안전운전불이행,건조,맑음,기타 - 기타,기타,기타,0,0,1,0,1,1,0,Y,N,가해,개인형이동수단(PM),남,21-30세,상해없음,보행자,여,13-20세,경상,2023.xlsx
2023153718,2023-10,2023,10,종로구,야간,중상사고,차대차 - 충돌,차대차,충돌,기타,건조,맑음,단일로 - 기타,단일로,기타,0,1,0,0,1,1,1,N,Y,피해,승용,남,61-64세,상해없음,개인형이동수단(PM),남,13-20세,중상,2023.xlsx
2023160584,2023-10,2023,10,종로구,주간,경상사고,차대사람 - 보도통행중,차대사람,보도통행중,기타,건조,맑음,단일로 - 기타,단일로,기타,0,0,1,0,1,1,0,Y,N,가해,개인형이동수단(PM),남,65세 이상,상해없음,보행자,여,41-50세,경상,2023.xlsx
2023147384,2023-10,2023,10,중구,주간,경상사고,차대사람 - 기타,차대사람,기타,신호위반,건조,맑음,기타 - 기타,기타,기타,0,0,1,0,1,1,0,Y,N,가해,개인형이동수단(PM),여,31-40세,상해없음,보행자,여,41-50세,경상,2023.xlsx
2023148419,2023-10,2023,10,중구,주간,중상사고,차대사람 - 보도통행중,차대사람,보도통행중,기타,건조,맑음,기타 - 기타,기타,기타,0,1,0,0,1,1,1,Y,N,가해,개인형이동수단(PM),남,31-40세,상해없음,보행자,남,41-50세,중상,2023.xlsx
2023148781,2023-10,2023,10,중랑구,야간,경상사고,차대차 - 기타,차대차,기타,안전운전불이행,건조,맑음,기타 - 기타,기타,기타,0,0,1,0,1,1,0,Y,N,가해,개인형이동수단(PM),남,31-40세,상해없음,자전거,남,65세 이상,경상,2023.xlsx
2023152002,2023-10,2023,10,중랑구,야간,경상사고,차대차 - 기타,차대차,기타,교차로운행방법위반,건조,맑음,교차로 - 교차로안,교차로,교차로안,0,0,1,0,1,1,0,N,Y,피해,승용,남,65세 이상,상해없음,개인형이동수단(PM),남,51-60세,경상,2023.xlsx
2023152441,2023-10,2023,10,중랑구,주간,부상신고사고,차량단독 - 기타,차량단독,기타,안전운전불이행,건조,맑음,단일로 - 기타,단일로,기타,0,0,0,1,1,1,0,Y,N,가해,개인형이동수단(PM),남,61-64세,부상신고,,,,,2023.xlsx
2023163393,2023-11,2023,11,강남구,주간,사망사고,차대차 - 기타,차대차,기타,안전운전불이행,건조,맑음,단일로 - 기타,단일로,기타,1,0,0,0,0,1,1,N,Y,피해,화물,남,51-60세,상해없음,개인형이동수단(PM),남,31-40세,사망,2023.xlsx
2023164261,2023-11,2023,11,강남구,주간,부상신고사고,차대사람 - 보도통행중,차대사람,보도통행중,기타,건조,맑음,단일로 - 기타,단일로,기타,0,0,0,1,1,1,0,Y,N,가해,개인형이동수단(PM),여,20세 이하,상해없음,보행자,여,31-40세,부상신고,2023.xlsx
2023165247,2023-11,2023,11,강남구,야간,부상신고사고,차대차 - 기타,차대차,기타,안전운전불이행,건조,맑음,단일로 - 기타,단일로,기타,0,0,0,1,1,1,0,Y,N,가해,개인형이동수단(PM),남,21-30세,부상신고,승용,남,65세 이상,상해없음,2023.xlsx
2023165559,2023-11,2023,11,강남구,주간,경상사고,차대사람 - 기타,차대사람,기타,안전운전불이행,건조,맑음,단일로 - 기타,단일로,기타,0,0,1,0,1,1,0,Y,N,가해,개인형이동수단(PM),남,20세 이하,상해없음,보행자,남,51-60세,경상,2023.xlsx
2023166561,2023-11,2023,11,강남구,주간,경상사고,차대사람 - 기타,차대사람,기타,기타,젖음/습기,비,기타 - 기타,기타,기타,0,0,1,0,1,1,0,Y,N,가해,개인형이동수단(PM),남,21-30세,상해없음,보행자,남,21-30세,경상,2023.xlsx