사고ID,연월,연도,월,자치구,주야,사고내용,사고유형,사고유형_대분류,사고유형_소분류,법규위반,노면상태,기상상태,도로형태,도로형태_대분류,도로형태_소분류,사망자수,중상자수,경상자수,부상신고자수,총부상자수,총사상자수,중상이상자수,PM_가해여부,PM_피해여부,PM_역할,가해운전자_차종,가해운전자_성별,가해운전자_연령대,가해운전자_상해정도,피해운전자_차종,피해운전자_성별,피해운전자_연령대,피해운전자_상해정도,원본파일
2023167366,2023-11,2023,11,강남구,야간,경상사고,차대차 - 기타,차대차,기타,안전운전불이행,건조,맑음,단일로 - 기타,단일로,기타,0,0,2,0,2,2,0,N,Y,피해,이륜,남,41-50세,경상,개인형이동수단(PM),여,13-20세,경상,2023.xlsx
2023167596,2023-11,2023,11,강남구,주간,경상사고,차대사람 - 보도통행중,차대사람,보도통행중,안전운전불이행,기타,맑음,단일로 - 기타,단일로,기타,0,0,1,0,1,1,0,Y,N,가해,개인형이동수단(PM),여,21-30세,상해없음,보행자,남,21-30세,경상,2023.xlsx
2023168178,2023-11,2023,11,강남구,주간,경상사고,차대차 - 기타,차대차,기타,기타,건조,맑음,단일로 - 기타,단일로,기타,0,0,1,0,1,1,0,Y,N,가해,개인형이동수단(PM),남,41-50세,경상,승용,남,41-50세,상해없음,2023.xlsx
2023168433,2023-11,2023,11,강남구,주간,경상사고,차대차 - 기타,차대차,기타,안전운전불이행,건조,맑음,기타 - 기타,기타,기타,0,0,1,0,1,1,0,Y,N,가해,개인형이동수단(PM),남,20세 이하,경상,승용,남,65세 이상,상해없음,2023.xlsx
2023169630,2023-11,2023,11,강남구,주간,경상사고,차대사람 - 보도통행중,차대사람,보도통행중,기타,건조,맑음,단일로 - 기타,단일로,기타,0,0,1,0,1,1,0,Y,N,가해,개인형이동수단(PM),남,20세 이하,상해없음,보행자,남,21-30세,경상,2023.xlsx
2023171144,2023-11,2023,11,강남구,주간,부상신고사고,차대차 - 충돌,차대차,충돌,안전운전불이행,건조,맑음,단일로 - 기타,단일로,기타,0,0,0,1,1,1,0,Y,N,가해,개인형이동수단(PM),여,31-40세,부상신고,승용,남,65세 이상,상해없음,2023.xlsx
2023171189,2023-11,2023,11,강남구,주간,부상신고사고,차대사람 - 기타,차대사람,기타,기타,건조,맑음,단일로 - 기타,단일로,기타,0,0,0,1,1,1,0,Y,N,가해,개인형이동수단(PM),여,21-30세,상해없음,보행자,여,21-30세,부상신고,2023.xlsx
2023168503,2023-11,2023,11,강동구,주간,경상사고,차대차 - 충돌,차대차,충돌,안전운전불이행,젖음/습기,비,교차로 - 교차로부근,교차로,교차로부근,0,0,1,0,1,1,0,N,Y,피해,승용,남,51-60세,상해없음,개인형이동수단(PM),남,65세 이상,경상,2023.xlsx
2023173274,2023-11,2023,11,강동구,주간,경상사고,차대사람 - 보도통행중,차대사람,보도통행중,기타,건조,맑음,기타 - 기타,기타,기타,0,0,1,0,1,1,0,Y,N,가해,개인형이동수단(PM),남,20세 이하,상해없음,보행자,남,12세 이하,경상,2023.xlsx
2023178256,2023-11,2023,11,강동구,야간,경상사고,차대차 - 기타,차대차,기타,안전운전불이행,건조,맑음,단일로 - 기타,단일로,기타,0,0,1,0,1,1,0,N,Y,피해,승용,남,31-40세,상해없음,개인형이동수단(PM),여,41-50세,경상,2023.xlsx
2023179868,2023-11,2023,11,강동구,야간,중상사고,차대사람 - 보도통행중,차대사람,보도통행중,안전운전불이행,건조,맑음,기타 - 기타,기타,기타,0,1,0,0,1,1,1,Y,N,가해,개인형이동수단(PM),남,20세 이하,기타불명,보행자,여,61-64세,중상,2023.xlsx
2023165206,2023-11,2023,11,강서구,야간,부상신고사고,차대차 - 충돌,차대차,충돌,안전운전불이행,건조,맑음,단일로 - 기타,단일로,기타,0,0,0,1,1,1,0,Y,N,가해,개인형이동수단(PM),남,21-30세,부상신고,승용,여,51-60세,상해없음,2023.xlsx
2023173433,2023-11,2023,11,광진구,야간,경상사고,차대차 - 기타,차대차,기타,기타,건조,흐림,기타 - 기타,기타,기타,0,0,1,0,1,1,0,N,Y,피해,승용,남,65세 이상,상해없음,개인형이동수단(PM),남,31-40세,경상,2023.xlsx
2023173709,2023-11,2023,11,광진구,주간,경상사고,차대차 - 충돌,차대차,충돌,안전운전불이행,건조,맑음,교차로 - 교차로안,교차로,교차로안,0,0,1,0,1,1,0,N,Y,피해,자전거,여,51-60세,경상,개인형이동수단(PM),기타불명,기타불명,기타불명,2023.xlsx
2023173983,2023-11,2023,11,광진구,주간,경상사고,차대차 - 충돌,차대차,충돌,신호위반,건조,맑음,단일로 - 터널,단일로,터널,0,0,1,0,1,1,0,N,Y,피해,승용,남,65세 이상,상해없음,개인형이동수단(PM),여,13-20세,경상,2023.xlsx
2023175154,2023-11,2023,11,광진구,야간,경상사고,차대사람 - 기타,차대사람,기타,안전운전불이행,건조,흐림,기타 - 기타,기타,기타,0,0,1,0,1,1,0,Y,N,가해,개인형이동수단(PM),남,20세 이하,상해없음,보행자,남,41-50세,경상,2023.xlsx
2023164521,2023-11,2023,11,구로구,야간,경상사고,차대사람 - 기타,차대사람,기타,안전운전불이행,건조,맑음,단일로 - 기타,단일로,기타,0,0,2,0,2,2,0,Y,N,가해,개인형이동수단(PM),남,51-60세,경상,보행자,남,51-60세,경상,2023.xlsx
2023167035,2023-11,2023,11,금천구,주간,경상사고,차대차 - 기타,차대차,기타,신호위반,건조,맑음,단일로 - 기타,단일로,기타,0,0,1,0,1,1,0,Y,N,가해,개인형이동수단(PM),남,65세 이상,경상,승합,남,65세 이상,상해없음,2023.xlsx
2023167932,2023-11,2023,11,노원구,주간,중상사고,차대차 - 충돌,차대차,충돌,안전운전불이행,건조,맑음,교차로 - 교차로횡단보도내,교차로,교차로횡단보도내,0,1,0,0,1,1,1,N,Y,피해,자전거,여,41-50세,중상,개인형이동수단(PM),남,13-20세,상해없음,2023.xlsx
2023170893,2023-11,2023,11,노원구,야간,경상사고,차대사람 - 횡단중,차대사람,횡단중,안전운전불이행,건조,맑음,기타 - 기타,기타,기타,0,0,1,0,1,1,0,Y,N,가해,개인형이동수단(PM),남,21-30세,상해없음,보행자,여,21-30세,경상,2023.xlsx
2023180881,2023-11,2023,11,도봉구,주간,경상사고,차대차 - 충돌,차대차,충돌,안전운전불이행,건조,맑음,기타 - 기타,기타,기타,0,0,1,0,1,1,0,N,Y,피해,승용,남,65세 이상,상해없음,개인형이동수단(PM),남,61-64세,경상,2023.xlsx
2023165630,2023-11,2023,11,동대문구,야간,부상신고사고,차대차 - 기타,차대차,기타,안전운전불이행,건조,맑음,단일로 - 기타,단일로,기타,0,0,0,1,1,1,0,Y,N,가해,개인형이동수단(PM),남,51-60세,부상신고,승용,남,41-50세,상해없음,2023.xlsx
2023170549,2023-11,2023,11,동대문구,주간,중상사고,차대차 - 기타,차대차,기타,안전운전불이행,건조,맑음,교차로 - 교차로안,교차로,교차로안,0,1,0,0,1,1,1,N,Y,피해,승용,남,65세 이상,상해없음,개인형이동수단(PM),여,41-50세,중상,2023.xlsx
2023172169,2023-11,2023,11,동작구,야간,경상사고,차대사람 - 보도통행중,차대사람,보도통행중,기타,건조,맑음,단일로 - 기타,단일로,기타,0,0,1,0,1,1,0,Y,N,가해,개인형이동수단(PM),남,20세 이하,상해없음,보행자,여,21-30세,경상,2023.xlsx
2023175381,2023-11,2023,11,동작구,주간,중상사고,차대차 - 기타,차대차,기타,안전운전불이행,건조,기타,교차로 - 교차로안,교차로,교차로안,0,1,0,0,1,1,1,N,Y,피해,승용,여,41-50세,상해없음,개인형이동수단(PM),여,31-40세,중상,2023.xlsx
2023164255,2023-11,2023,11,마포구,주간,경상사고,차대차 - 충돌,차대차,충돌,안전운전불이행,건조,맑음,교차로 - 교차로안,교차로,교차로안,0,0,1,0,1,1,0,Y,N,가해,개인형이동수단(PM),남,21-30세,상해없음,자전거,여,51-60세,경상,2023.xlsx
2023179480,2023-11,2023,11,마포구,주간,중상사고,차대사람 - 차도통행중,차대사람,차도통행중,안전운전불이행,건조,맑음,단일로 - 기타,단일로,기타,0,1,0,0,1,1,1,Y,N,가해,개인형이동수단(PM),여,21-30세,상해없음,보행자,여,65세 이상,중상,2023.xlsx
2023169409,2023-11,2023,11,서대문구,야간,경상사고,차대사람 - 보도통행중,차대사람,보도통행중,기타,건조,맑음,단일로 - 기타,단일로,기타,0,0,1,0,1,1,0,Y,N,가해,개인형이동수단(PM),남,20세 이하,상해없음,보행자,여,51-60세,경상,2023.xlsx
2023168409,2023-11,2023,11,서초구,주간,중상사고,차대차 - 충돌,차대차,충돌,안전운전불이행,건조,맑음,교차로 - 교차로횡단보도내,교차로,교차로횡단보도내,0,1,0,0,1,1,1,Y,N,가해,개인형이동수단(PM),여,20세 이하,중상,승용,남,65세 이상,상해없음,2023.xlsx
2023173031,2023-11,2023,11,서초구,주간,경상사고,차대차 - 충돌,차대차,충돌,안전운전불이행,건조,맑음,교차로 - 교차로안,교차로,교차로안,0,0,1,0,1,1,0,N,Y,피해,승용,남,51-60세,상해없음,개인형이동수단(PM),여,21-30세,경상,2023.xlsx
2023177393,2023-11,2023,11,서초구,주간,경상사고,차대사람 - 보도통행중,차대사람,보도통행중,기타,건조,맑음,기타 - 기타,기타,기타,0,0,1,0,1,1,0,Y,N,가해,개인형이동수단(PM),남,20세 이하,상해없음,보행자,여,65세 이상,경상,2023.xlsx
2023166423,2023-11,2023,11,성동구,주간,경상사고,차대사람 - 보도통행중,차대사람,보도통행중,신호위반,건조,맑음,단일로 - 기타,단일로,기타,0,0,1,0,1,1,0,Y,N,가해,개인형이동수단(PM),남,21-30세,상해없음,보행자,여,65세 이상,경상,2023.xlsx
2023179967,2023-11,2023,11,성북구,주간,사망사고,차대차 - 충돌,차대차,충돌,안전운전불이행,건조,기타,기타 - 기타,기타,기타,1,0,0,0,0,1,1,N,Y,피해,승합,남,61-64세,상해없음,개인형이동수단(PM),여,65세 이상,사망,2023.xlsx
2023170198,2023-11,2023,11,송파구,주간,중상사고,차대사람 - 기타,차대사람,기타,안전운전불이행,건조,맑음,단일로 - 기타,단일로,기타,0,1,0,0,1,1,1,Y,N,가해,개인형이동수단(PM),남,20세 이하,상해없음,보행자,남,31-40세,중상,2023.xlsx
2023174663,2023-11,2023,11,송파구,주간,경상사고,차대차 - 기타,차대차,기타,안전운전불이행,건조,맑음,단일로 - 기타,단일로,기타,0,0,2,0,2,2,0,Y,N,가해,개인형이동수단(PM),남,21-30세,경상,자전거,남,51-60세,경상,2023.xlsx
2023175732,2023-11,2023,11,송파구,야간,경상사고,차대사람 - 기타,차대사람,기타,안전운전불이행,건조,맑음,기타 - 기타,기타,기타,0,0,2,0,2,2,0,Y,N,가해,개인형이동수단(PM),남,21-30세,경상,보행자,남,51-60세,경상,2023.xlsx
2023177215,2023-11,2023,11,송파구,주간,경상사고,차대사람 - 기타,차대사람,기타,안전운전불이행,건조,맑음,단일로 - 기타,단일로,기타,0,0,1,0,1,1,0,Y,N,가해,개인형이동수단(PM),남,31-40세,상해없음,보행자,남,51-60세,경상,2023.xlsx
2023168817,2023-11,2023,11,영등포구,주간,중상사고,차대차 - 충돌,차대차,충돌,기타,건조,맑음,교차로 - 교차로안,교차로,교차로안,0,1,0,0,1,1,1,N,Y,피해,승용,남,41-50세,상해없음,개인형이동수단(PM),남,65세 이상,중상,2023.xlsx
2023175483,2023-11,2023,11,영등포구,주간,경상사고,차대사람 - 차도통행중,차대사람,차도통행중,안전운전불이행,건조,맑음,단일로 - 기타,단일로,기타,0,0,1,0,1,1,0,Y,N,가해,개인형이동수단(PM),남,65세 이상,상해없음,보행자,여,65세 이상,경상,2023.xlsx
2023164003,2023-11,2023,11,은평구,주간,경상사고,차대사람 - 기타,차대사람,기타,안전운전불이행,건조,맑음,단일로 - 기타,단일로,기타,0,0,1,0,1,1,0,Y,N,가해,개인형이동수단(PM),여,31-40세,상해없음,보행자,남,51-60세,경상,2023.xlsx
2023167042,2023-11,2023,11,은평구,주간,경상사고,차대사람 - 기타,차대사람,기타,안전운전불이행,건조,맑음,교차로 - 교차로부근,교차로,교차로부근,0,0,1,0,1,1,0,Y,N,가해,개인형이동수단(PM),남,21-30세,상해없음,보행자,여,51-60세,경상,2023.xlsx
2023167844,2023-11,2023,11,은평구,주간,경상사고,차대차 - 충돌,차대차,충돌,신호위반,건조,맑음,교차로 - 교차로안,교차로,교차로안,0,0,1,0,1,1,0,Y,N,가해,개인형이동수단(PM),여,31-40세,상해없음,화물,남,61-64세,상해없음,2023.xlsx
2023175907,2023-11,2023,11,중구,야간,중상사고,차대차 - 충돌,차대차,충돌,기타,건조,흐림,교차로 - 교차로부근,교차로,교차로부근,0,1,1,0,2,2,1,Y,N,가해,개인형이동수단(PM),여,21-30세,중상,승용,여,13-20세,경상,2023.xlsx
2023175909,2023-11,2023,11,중구,야간,중상사고,차대차 - 충돌,차대차,충돌,기타,건조,흐림,교차로 - 교차로횡단보도내,교차로,교차로횡단보도내,0,1,1,0,2,2,1,Y,N,가해,개인형이동수단(PM),여,21-30세,중상,승용,여,13-20세,경상,2023.xlsx
2023181864,2023-12,2023,12,강남구,주간,중상사고,차대차 - 기타,차대차,기타,안전운전불이행,건조,맑음,교차로 - 교차로횡단보도내,교차로,교차로횡단보도내,0,1,0,0,1,1,1,N,Y,피해,승용,남,21-30세,상해없음,개인형이동수단(PM),남,13-20세,중상,2023.xlsx
2023183698,2023-12,2023,12,강남구,야간,부상신고사고,차대차 - 충돌,차대차,충돌,안전운전불이행,건조,맑음,교차로 - 교차로안,교차로,교차로안,0,0,0,1,1,1,0,Y,N,가해,개인형이동수단(PM),남,21-30세,부상신고,승용,남,65세 이상,상해없음,2023.xlsx
2023184263,2023-12,2023,12,강남구,야간,중상사고,차대사람 - 기타,차대사람,기타,안전거리미확보,젖음/습기,흐림,단일로 - 기타,단일로,기타,0,1,0,0,1,1,1,Y,N,가해,개인형이동수단(PM),남,20세 이하,상해없음,보행자,남,31-40세,중상,2023.xlsx
2023190164,2023-12,2023,12,강남구,주간,중상사고,차대사람 - 기타,차대사람,기타,기타,건조,맑음,단일로 - 기타,단일로,기타,0,1,0,0,1,1,1,Y,N,가해,개인형이동수단(PM),여,21-30세,상해없음,보행자,여,41-50세,중상,2023.xlsx
2023196589,2023-12,2023,12,강남구,주간,경상사고,차대차 - 기타,차대차,기타,안전운전불이행,건조,맑음,단일로 - 기타,단일로,기타,0,0,1,0,1,1,0,Y,N,가해,개인형이동수단(PM),남,21-30세,경상,승용,남,41-50세,상해없음,2023.xlsx
2023183347,2023-12,2023,12,강동구,주간,경상사고,차대차 - 추돌,차대차,추돌,신호위반,건조,맑음,교차로 - 교차로안,교차로,교차로안,0,0,1,0,1,1,0,N,Y,피해,승용,남,41-50세,상해없음,개인형이동수단(PM),남,31-40세,경상,2023.xlsx
2023188702,2023-12,2023,12,강서구,주간,경상사고,차대사람 - 보도통행중,차대사람,보도통행중,안전운전불이행,젖음/습기,비,단일로 - 기타,단일로,기타,0,0,1,0,1,1,0,Y,N,가해,개인형이동수단(PM),기타불명,기타불명,기타불명,보행자,여,31-40세,경상,2023.xlsx
2023184260,2023-12,2023,12,관악구,야간,중상사고,차대차 - 기타,차대차,기타,신호위반,건조,맑음,기타 - 기타,기타,기타,0,1,0,0,1,1,1,N,Y,피해,화물,남,41-50세,상해없음,개인형이동수단(PM),남,13-20세,중상,2023.xlsx
2023194015,2023-12,2023,12,관악구,주간,중상사고,차대차 - 추돌,차대차,추돌,안전운전불이행,건조,맑음,단일로 - 기타,단일로,기타,0,1,0,0,1,1,1,N,Y,피해,이륜,남,31-40세,상해없음,개인형이동수단(PM),남,31-40세,중상,2023.xlsx
2023183947,2023-12,2023,12,광진구,주간,중상사고,차대차 - 기타,차대차,기타,안전운전불이행,건조,맑음,교차로 - 교차로부근,교차로,교차로부근,0,1,0,0,1,1,1,N,Y,피해,승용,여,41-50세,상해없음,개인형이동수단(PM),여,21-30세,중상,2023.xlsx
2023186196,2023-12,2023,12,광진구,야간,중상사고,차대차 - 기타,차대차,기타,기타,건조,맑음,교차로 - 교차로부근,교차로,교차로부근,0,1,0,0,1,1,1,N,Y,피해,승용,남,65세 이상,상해없음,개인형이동수단(PM),남,21-30세,중상,2023.xlsx
2023195028,2023-12,2023,12,구로구,야간,부상신고사고,차대차 - 충돌,차대차,충돌,신호위반,건조,맑음,교차로 - 교차로부근,교차로,교차로부근,0,0,0,1,1,1,0,Y,N,가해,개인형이동수단(PM),여,20세 이하,부상신고,승용,남,65세 이상,상해없음,2023.xlsx
2023181972,2023-12,2023,12,노원구,주간,부상신고사고,차대사람 - 기타,차대사람,기타,안전운전불이행,건조,맑음,단일로 - 기타,단일로,기타,0,0,0,1,1,1,0,Y,N,가해,개인형이동수단(PM),여,20세 이하,상해없음,보행자,여,31-40세,부상신고,2023.xlsx
2023189464,2023-12,2023,12,노원구,주간,경상사고,차대차 - 기타,차대차,기타,중앙선침범,건조,맑음,단일로 - 기타,단일로,기타,0,0,1,0,1,1,0,Y,N,가해,개인형이동수단(PM),남,20세 이하,상해없음,승용,여,41-50세,경상,2023.xlsx
2023190338,2023-12,2023,12,노원구,야간,부상신고사고,차대차 - 충돌,차대차,충돌,기타,건조,맑음,교차로 - 교차로안,교차로,교차로안,0,0,0,1,1,1,0,Y,N,가해,개인형이동수단(PM),남,65세 이상,부상신고,승용,여,41-50세,상해없음,2023.xlsx
2023191097,2023-12,2023,12,노원구,주간,중상사고,차대차 - 충돌,차대차,충돌,신호위반,건조,맑음,교차로 - 교차로횡단보도내,교차로,교차로횡단보도내,0,1,0,0,1,1,1,Y,N,가해,개인형이동수단(PM),여,20세 이하,상해없음,자전거,여,65세 이상,중상,2023.xlsx
2023185691,2023-12,2023,12,도봉구,주간,중상사고,차대차 - 충돌,차대차,충돌,기타,건조,맑음,교차로 - 교차로안,교차로,교차로안,0,1,0,0,1,1,1,N,Y,피해,승용,여,65세 이상,상해없음,개인형이동수단(PM),여,31-40세,중상,2023.xlsx
2023197517,2023-12,2023,12,동대문구,야간,부상신고사고,차대차 - 기타,차대차,기타,안전운전불이행,건조,맑음,교차로 - 교차로안,교차로,교차로안,0,0,0,1,1,1,0,Y,N,가해,개인형이동수단(PM),남,31-40세,부상신고,기타불명,기타불명,기타불명,기타불명,2023.xlsx
2023186198,2023-12,2023,12,동작구,야간,중상사고,차량단독 - 기타,차량단독,기타,기타,건조,맑음,교차로 - 교차로안,교차로,교차로안,0,1,0,0,1,1,1,Y,N,가해,개인형이동수단(PM),남,41-50세,중상,,,,,2023.xlsx
2023186347,2023-12,2023,12,동작구,주간,중상사고,차대차 - 충돌,차대차,충돌,기타,건조,맑음,교차로 - 교차로안,교차로,교차로안,0,1,0,0,1,1,1,N,Y,피해,이륜,남,41-50세,중상,개인형이동수단(PM),남,21-30세,상해없음,2023.xlsx
2023189490,2023-12,2023,12,동작구,주간,경상사고,차대사람 - 보도통행중,차대사람,보도통행중,기타,건조,맑음,단일로 - 기타,단일로,기타,0,0,1,0,1,1,0,Y,N,가해,개인형이동수단(PM),남,20세 이하,상해없음,보행자,여,51-60세,경상,2023.xlsx
2023195005,2023-12,2023,12,동작구,야간,부상신고사고,차대사람 - 기타,차대사람,기타,안전운전불이행,건조,맑음,교차로 - 교차로안,교차로,교차로안,0,0,0,1,1,1,0,Y,N,가해,개인형이동수단(PM),남,41-50세,상해없음,보행자,여,51-60세,부상신고,2023.xlsx
2023181246,2023-12,2023,12,마포구,주간,중상사고,차대차 - 추돌,차대차,추돌,안전거리미확보,건조,맑음,단일로 - 기타,단일로,기타,0,1,0,0,1,1,1,N,Y,피해,승용,남,51-60세,상해없음,개인형이동수단(PM),남,65세 이상,중상,2023.xlsx
2023183294,2023-12,2023,12,마포구,야간,부상신고사고,차대차 - 충돌,차대차,충돌,신호위반,건조,맑음,교차로 - 교차로안,교차로,교차로안,0,0,0,1,1,1,0,Y,N,가해,개인형이동수단(PM),남,21-30세,부상신고,승합,남,41-50세,상해없음,2023.xlsx
2023193044,2023-12,2023,12,마포구,야간,경상사고,차대차 - 추돌,차대차,추돌,안전운전불이행,건조,맑음,교차로 - 교차로부근,교차로,교차로부근,0,0,1,0,1,1,0,Y,N,가해,개인형이동수단(PM),남,31-40세,상해없음,승용,남,41-50세,경상,2023.xlsx
2023196340,2023-12,2023,12,마포구,주간,중상사고,차대사람 - 보도통행중,차대사람,보도통행중,기타,건조,맑음,기타 - 기타,기타,기타,0,1,0,0,1,1,1,Y,N,가해,개인형이동수단(PM),남,31-40세,상해없음,보행자,여,51-60세,중상,2023.xlsx
2023181164,2023-12,2023,12,서대문구,주간,중상사고,차대차 - 기타,차대차,기타,신호위반,건조,맑음,단일로 - 기타,단일로,기타,0,1,0,0,1,1,1,Y,N,가해,개인형이동수단(PM),남,31-40세,상해없음,이륜,남,41-50세,중상,2023.xlsx
2023183372,2023-12,2023,12,서대문구,주간,중상사고,차대사람 - 횡단중,차대사람,횡단중,기타,건조,맑음,단일로 - 기타,단일로,기타,0,1,0,0,1,1,1,Y,N,가해,개인형이동수단(PM),여,21-30세,상해없음,보행자,여,21-30세,중상,2023.xlsx
2023197515,2023-12,2023,12,서대문구,야간,중상사고,차대차 - 충돌,차대차,충돌,중앙선침범,건조,맑음,교차로 - 교차로부근,교차로,교차로부근,0,2,0,0,2,2,2,Y,N,가해,개인형이동수단(PM),남,31-40세,중상,승용,남,31-40세,상해없음,2023.xlsx
2023181925,2023-12,2023,12,서초구,주간,부상신고사고,차대차 - 기타,차대차,기타,안전운전불이행,건조,맑음,교차로 - 교차로안,교차로,교차로안,0,0,0,1,1,1,0,Y,N,가해,개인형이동수단(PM),남,31-40세,부상신고,승용,남,41-50세,상해없음,2023.xlsx
2023187362,2023-12,2023,12,송파구,주간,경상사고,차대사람 - 보도통행중,차대사람,보도통행중,기타,건조,맑음,단일로 - 기타,단일로,기타,0,0,1,0,1,1,0,Y,N,가해,개인형이동수단(PM),남,31-40세,상해없음,보행자,여,21-30세,경상,2023.xlsx
2023189192,2023-12,2023,12,송파구,주간,중상사고,차대차 - 충돌,차대차,충돌,신호위반,젖음/습기,비,단일로 - 기타,단일로,기타,0,1,0,0,1,1,1,N,Y,피해,승용,남,51-60세,상해없음,개인형이동수단(PM),남,65세 이상,중상,2023.xlsx
2023189798,2023-12,2023,12,송파구,야간,경상사고,차대사람 - 보도통행중,차대사람,보도통행중,기타,건조,맑음,단일로 - 기타,단일로,기타,0,0,2,0,2,2,0,Y,N,가해,개인형이동수단(PM),남,21-30세,경상,보행자,남,41-50세,경상,2023.xlsx
2023196490,2023-12,2023,12,송파구,주간,경상사고,차대차 - 기타,차대차,기타,안전운전불이행,건조,맑음,단일로 - 기타,단일로,기타,0,0,1,0,1,1,0,N,Y,피해,승용,남,21-30세,상해없음,개인형이동수단(PM),남,51-60세,경상,2023.xlsx
2023198105,2023-12,2023,12,송파구,주간,부상신고사고,차대차 - 추돌,차대차,추돌,기타,건조,맑음,단일로 - 기타,단일로,기타,0,0,0,1,1,1,0,N,Y,피해,승용,남,51-60세,상해없음,개인형이동수단(PM),남,13-20세,부상신고,2023.xlsx
2023183034,2023-12,2023,12,영등포구,주간,중상사고,차대사람 - 횡단중,차대사람,횡단중,안전운전불이행,건조,맑음,단일로 - 기타,단일로,기타,0,1,0,0,1,1,1,Y,N,가해,개인형이동수단(PM),남,41-50세,기타불명,보행자,여,13-20세,중상,2023.xlsx
2023183098,2023-12,2023,12,영등포구,주간,경상사고,차대사람 - 보도통행중,차대사람,보도통행중,기타,건조,맑음,단일로 - 기타,단일로,기타,0,0,1,0,1,1,0,Y,N,가해,개인형이동수단(PM),남,51-60세,상해없음,보행자,여,51-60세,경상,2023.xlsx
2023188454,2023-12,2023,12,영등포구,야간,경상사고,차대차 - 기타,차대차,기타,안전운전불이행,건조,맑음,교차로 - 교차로부근,교차로,교차로부근,0,0,1,0,1,1,0,Y,N,가해,개인형이동수단(PM),남,21-30세,상해없음,승용,남,31-40세,기타불명,2023.xlsx
2023196780,2023-12,2023,12,영등포구,야간,경상사고,차대차 - 충돌,차대차,충돌,신호위반,건조,맑음,교차로 - 교차로안,교차로,교차로안,0,0,1,0,1,1,0,Y,N,가해,개인형이동수단(PM),여,51-60세,경상,승용,남,41-50세,상해없음,2023.xlsx
2023191000,2023-12,2023,12,용산구,주간,경상사고,차대차 - 기타,차대차,기타,안전운전불이행,건조,맑음,교차로 - 교차로안,교차로,교차로안,0,0,1,0,1,1,0,Y,N,가해,개인형이동수단(PM),남,31-40세,상해없음,이륜,남,31-40세,경상,2023.xlsx
2023193613,2023-12,2023,12,용산구,야간,경상사고,차대차 - 기타,차대차,기타,중앙선침범,건조,맑음,단일로 - 기타,단일로,기타,0,0,1,0,1,1,0,Y,N,가해,개인형이동수단(PM),남,41-50세,상해없음,이륜,남,41-50세,경상,2023.xlsx
2023181681,2023-12,2023,12,중구,야간,경상사고,차대사람 - 보도통행중,차대사람,보도통행중,안전운전불이행,건조,맑음,기타 - 기타,기타,기타,0,0,1,0,1,1,0,Y,N,가해,개인형이동수단(PM),남,21-30세,상해없음,보행자,남,41-50세,경상,2023.xlsx
2023187507,2023-12,2023,12,중랑구,주간,중상사고,차대사람 - 횡단중,차대사람,횡단중,신호위반,건조,맑음,교차로 - 교차로안,교차로,교차로안,0,1,0,0,1,1,1,Y,N,가해,개인형이동수단(PM),남,51-60세,상해없음,보행자,여,65세 이상,중상,2023.xlsx
2023197215,2023-12,2023,12,중랑구,주간,경상사고,차대차 - 기타,차대차,기타,안전거리미확보,건조,맑음,단일로 - 기타,단일로,기타,0,0,1,0,1,1,0,N,Y,피해,승용,남,51-60세,상해없음,개인형이동수단(PM),여,51-60세,경상,2023.xlsx
PM-2024-02701,2024-01,2024,1,강남구,주간,경상사고,차대차 - 충돌,차대차,충돌,안전운전불이행,건조,맑음,교차로 - 교차로안,교차로,교차로안,0,0,1,0,1,1,0,Y,N,가해,개인형이동수단(PM),남,20세 이하,경상,승용,남,51-60세,상해없음,2024.xlsx
PM-2024-02712,2024-01,2024,1,강남구,야간,부상신고사고,차대차 - 기타,차대차,기타,안전운전불이행,건조,맑음,단일로 - 기타,단일로,기타,0,0,0,1,1,1,0,Y,N,가해,개인형이동수단(PM),남,21-30세,부상신고,승용,남,51-60세,상해없음,2024.xlsx
PM-2024-02714,2024-01,2024,1,강남구,주간,경상사고,차대차 - 기타,차대차,기타,신호위반,건조,흐림,단일로 - 기타,단일로,기타,0,0,1,0,1,1,0,N,Y,피해,승용,여,51-60세,상해없음,개인형이동수단(PM),남,31-40세,경상,2024.xlsx
PM-2024-02715,2024-01,2024,1,강남구,주간,경상사고,차대차 - 충돌,차대차,충돌,안전운전불이행,젖음/습기,비,교차로 - 교차로부근,교차로,교차로부근,0,0,1,0,1,1,0,N,Y,피해,승용,남,61-64세,상해없음,개인형이동수단(PM),남,31-40세,경상,2024.xlsx
PM-2024-02716,2024-01,2024,1,강남구,주간,경상사고,차대사람 - 보도통행중,차대사람,보도통행중,기타,건조,맑음,단일로 - 기타,단일로,기타,0,0,1,0,1,1,0,Y,N,가해,개인형이동수단(PM),남,20세 이하,상해없음,보행자,여,21-30세,경상,2024.xlsx