사고ID,연월,연도,월,자치구,주야,사고내용,사고유형,사고유형_대분류,사고유형_소분류,법규위반,노면상태,기상상태,도로형태,도로형태_대분류,도로형태_소분류,사망자수,중상자수,경상자수,부상신고자수,총부상자수,총사상자수,중상이상자수,PM_가해여부,PM_피해여부,PM_역할,가해운전자_차종,가해운전자_성별,가해운전자_연령대,가해운전자_상해정도,피해운전자_차종,피해운전자_성별,피해운전자_연령대,피해운전자_상해정도,원본파일
PM-2024-02825,2024-04,2024,4,강남구,주간,부상신고사고,차대차 - 기타,차대차,기타,안전운전불이행,건조,맑음,교차로 - 교차로안,교차로,교차로안,0,0,0,2,2,2,0,Y,N,가해,개인형이동수단(PM),남,41-50세,부상신고,이륜,남,31-40세,부상신고,2024.xlsx
PM-2024-02832,2024-04,2024,4,강남구,야간,부상신고사고,차대차 - 충돌,차대차,충돌,안전운전불이행,건조,맑음,교차로 - 교차로안,교차로,교차로안,0,0,0,1,1,1,0,Y,N,가해,개인형이동수단(PM),여,20세 이하,상해없음,이륜,남,31-40세,부상신고,2024.xlsx
PM-2024-02833,2024-04,2024,4,강남구,야간,경상사고,차대사람 - 기타,차대사람,기타,안전운전불이행,건조,맑음,기타 - 기타,기타,기타,0,0,1,0,1,1,0,Y,N,가해,개인형이동수단(PM),남,51-60세,기타불명,보행자,여,31-40세,경상,2024.xlsx
PM-2024-02837,2024-04,2024,4,강남구,야간,경상사고,차대차 - 기타,차대차,기타,안전운전불이행,건조,맑음,교차로 - 교차로횡단보도내,교차로,교차로횡단보도내,0,0,1,0,1,1,0,Y,N,가해,개인형이동수단(PM),남,31-40세,경상,승용,남,61-64세,상해없음,2024.xlsx
PM-2024-02838,2024-04,2024,4,강남구,주간,부상신고사고,차대차 - 기타,차대차,기타,안전운전불이행,건조,맑음,교차로 - 교차로횡단보도내,교차로,교차로횡단보도내,0,0,0,1,1,1,0,Y,N,가해,개인형이동수단(PM),여,20세 이하,부상신고,승용,여,41-50세,상해없음,2024.xlsx
PM-2024-02846,2024-04,2024,4,강남구,야간,경상사고,차대차 - 기타,차대차,기타,안전운전불이행,건조,맑음,교차로 - 교차로안,교차로,교차로안,0,0,1,0,1,1,0,Y,N,가해,개인형이동수단(PM),남,20세 이하,경상,승용,남,51-60세,상해없음,2024.xlsx
PM-2024-02847,2024-04,2024,4,강남구,주간,부상신고사고,차대차 - 기타,차대차,기타,안전운전불이행,건조,맑음,교차로 - 교차로횡단보도내,교차로,교차로횡단보도내,0,0,0,2,2,2,0,Y,N,가해,개인형이동수단(PM),여,20세 이하,부상신고,승합,남,65세 이상,상해없음,2024.xlsx
PM-2024-02839,2024-04,2024,4,강동구,주간,중상사고,차대사람 - 보도통행중,차대사람,보도통행중,안전운전불이행,건조,맑음,기타 - 기타,기타,기타,0,1,0,0,1,1,1,Y,N,가해,개인형이동수단(PM),남,20세 이하,상해없음,보행자,여,51-60세,중상,2024.xlsx
PM-2024-02795,2024-04,2024,4,강서구,야간,부상신고사고,차대차 - 충돌,차대차,충돌,안전운전불이행,건조,맑음,교차로 - 교차로부근,교차로,교차로부근,0,0,0,1,1,1,0,Y,N,가해,개인형이동수단(PM),남,21-30세,부상신고,승용,남,31-40세,상해없음,2024.xlsx
PM-2024-02819,2024-04,2024,4,강서구,주간,중상사고,차대사람 - 보도통행중,차대사람,보도통행중,기타,젖음/습기,비,단일로 - 기타,단일로,기타,0,1,0,0,1,1,1,Y,N,가해,개인형이동수단(PM),남,41-50세,상해없음,보행자,여,51-60세,중상,2024.xlsx
PM-2024-02829,2024-04,2024,4,강서구,주간,부상신고사고,차대차 - 추돌,차대차,추돌,안전운전불이행,건조,맑음,단일로 - 기타,단일로,기타,0,0,0,1,1,1,0,Y,N,가해,개인형이동수단(PM),남,31-40세,부상신고,승용,남,65세 이상,상해없음,2024.xlsx
PM-2024-02843,2024-04,2024,4,강서구,야간,중상사고,차대사람 - 보도통행중,차대사람,보도통행중,기타,건조,맑음,단일로 - 기타,단일로,기타,0,1,0,0,1,1,1,Y,N,가해,개인형이동수단(PM),여,20세 이하,상해없음,보행자,여,65세 이상,중상,2024.xlsx
PM-2024-02813,2024-04,2024,4,구로구,야간,경상사고,차대사람 - 기타,차대사람,기타,안전운전불이행,건조,맑음,교차로 - 교차로부근,교차로,교차로부근,0,0,1,0,1,1,0,Y,N,가해,개인형이동수단(PM),여,20세 이하,상해없음,보행자,남,65세 이상,경상,2024.xlsx
PM-2024-02826,2024-04,2024,4,구로구,야간,경상사고,차대차 - 기타,차대차,기타,신호위반,건조,맑음,교차로 - 교차로안,교차로,교차로안,0,0,1,0,1,1,0,Y,N,가해,개인형이동수단(PM),여,51-60세,경상,승용,남,65세 이상,상해없음,2024.xlsx
PM-2024-02814,2024-04,2024,4,노원구,주간,경상사고,차대사람 - 보도통행중,차대사람,보도통행중,기타,건조,맑음,단일로 - 기타,단일로,기타,0,0,1,0,1,1,0,Y,N,가해,개인형이동수단(PM),여,20세 이하,상해없음,보행자,남,21-30세,경상,2024.xlsx
PM-2024-02796,2024-04,2024,4,도봉구,야간,경상사고,차대차 - 기타,차대차,기타,안전운전불이행,건조,맑음,교차로 - 교차로안,교차로,교차로안,0,0,1,0,1,1,0,Y,N,가해,개인형이동수단(PM),여,20세 이하,경상,승용,여,41-50세,상해없음,2024.xlsx
PM-2024-02799,2024-04,2024,4,도봉구,주간,경상사고,차대사람 - 횡단중,차대사람,횡단중,신호위반,건조,맑음,교차로 - 교차로부근,교차로,교차로부근,0,0,2,0,2,2,0,Y,N,가해,개인형이동수단(PM),남,20세 이하,경상,보행자,여,51-60세,경상,2024.xlsx
PM-2024-02822,2024-04,2024,4,동대문구,야간,경상사고,차대차 - 기타,차대차,기타,안전운전불이행,건조,맑음,기타 - 기타,기타,기타,0,0,1,0,1,1,0,N,Y,피해,자전거,남,65세 이상,상해없음,개인형이동수단(PM),남,41-50세,경상,2024.xlsx
PM-2024-02808,2024-04,2024,4,동작구,주간,경상사고,차대사람 - 기타,차대사람,기타,보행자보호의무위반,건조,맑음,교차로 - 교차로횡단보도내,교차로,교차로횡단보도내,0,0,1,0,1,1,0,Y,N,가해,개인형이동수단(PM),남,31-40세,기타불명,보행자,여,21-30세,경상,2024.xlsx
PM-2024-02831,2024-04,2024,4,동작구,주간,부상신고사고,차대차 - 기타,차대차,기타,안전운전불이행,건조,맑음,단일로 - 기타,단일로,기타,0,0,0,2,2,2,0,Y,Y,가해+피해,개인형이동수단(PM),남,51-60세,부상신고,개인형이동수단(PM),남,41-50세,부상신고,2024.xlsx
PM-2024-02845,2024-04,2024,4,동작구,야간,부상신고사고,차량단독 - 기타,차량단독,기타,안전운전불이행,건조,맑음,단일로 - 기타,단일로,기타,0,0,0,1,1,1,0,Y,N,가해,개인형이동수단(PM),여,21-30세,부상신고,,,,,2024.xlsx
PM-2024-02792,2024-04,2024,4,마포구,주간,경상사고,차대사람 - 기타,차대사람,기타,보행자보호의무위반,건조,맑음,기타 - 기타,기타,기타,0,0,1,0,1,1,0,Y,N,가해,개인형이동수단(PM),여,31-40세,상해없음,보행자,여,31-40세,경상,2024.xlsx
PM-2024-02848,2024-04,2024,4,마포구,주간,경상사고,차대차 - 추돌,차대차,추돌,안전운전불이행,건조,맑음,단일로 - 기타,단일로,기타,0,0,1,0,1,1,0,Y,N,가해,개인형이동수단(PM),남,20세 이하,경상,자전거,남,51-60세,상해없음,2024.xlsx
PM-2024-02816,2024-04,2024,4,서대문구,야간,경상사고,차대사람 - 보도통행중,차대사람,보도통행중,기타,건조,맑음,기타 - 기타,기타,기타,0,0,1,0,1,1,0,Y,N,가해,개인형이동수단(PM),남,20세 이하,상해없음,보행자,남,21-30세,경상,2024.xlsx
PM-2024-02818,2024-04,2024,4,서대문구,주간,경상사고,차대차 - 충돌,차대차,충돌,안전운전불이행,건조,맑음,교차로 - 교차로안,교차로,교차로안,0,0,1,0,1,1,0,N,Y,피해,승용,남,65세 이상,상해없음,개인형이동수단(PM),남,31-40세,경상,2024.xlsx
PM-2024-02827,2024-04,2024,4,서대문구,주간,경상사고,차대차 - 충돌,차대차,충돌,신호위반,건조,맑음,교차로 - 교차로횡단보도내,교차로,교차로횡단보도내,0,0,1,0,1,1,0,N,Y,피해,화물,남,65세 이상,상해없음,개인형이동수단(PM),남,21-30세,경상,2024.xlsx
PM-2024-02828,2024-04,2024,4,서초구,주간,경상사고,차대사람 - 기타,차대사람,기타,안전운전불이행,건조,맑음,단일로 - 기타,단일로,기타,0,0,1,0,1,1,0,Y,N,가해,개인형이동수단(PM),여,41-50세,상해없음,보행자,여,41-50세,경상,2024.xlsx
PM-2024-02830,2024-04,2024,4,서초구,주간,중상사고,차대차 - 기타,차대차,기타,기타,건조,흐림,기타 - 기타,기타,기타,0,1,0,0,1,1,1,Y,N,가해,개인형이동수단(PM),여,31-40세,중상,승용,남,51-60세,상해없음,2024.xlsx
PM-2024-02835,2024-04,2024,4,서초구,주간,경상사고,차대차 - 충돌,차대차,충돌,안전운전불이행,건조,맑음,교차로 - 교차로부근,교차로,교차로부근,0,0,3,0,3,3,0,Y,N,가해,개인형이동수단(PM),남,20세 이하,경상,승용,남,31-40세,경상,2024.xlsx
PM-2024-02840,2024-04,2024,4,서초구,주간,중상사고,차대차 - 충돌,차대차,충돌,안전거리미확보,건조,맑음,단일로 - 기타,단일로,기타,0,1,0,0,1,1,1,N,N,기타,승용,남,41-50세,상해없음,특수,남,41-50세,중상,2024.xlsx
PM-2024-02815,2024-04,2024,4,성북구,야간,경상사고,차대사람 - 길가장자리구역통행중,차대사람,길가장자리구역통행중,안전운전불이행,건조,맑음,교차로 - 교차로안,교차로,교차로안,0,0,1,0,1,1,0,Y,N,가해,개인형이동수단(PM),남,65세 이상,상해없음,보행자,여,13-20세,경상,2024.xlsx
PM-2024-02836,2024-04,2024,4,성북구,주간,경상사고,차대차 - 기타,차대차,기타,안전운전불이행,건조,맑음,교차로 - 교차로안,교차로,교차로안,0,0,1,0,1,1,0,Y,N,가해,개인형이동수단(PM),여,21-30세,상해없음,승용,남,65세 이상,상해없음,2024.xlsx
PM-2024-02801,2024-04,2024,4,송파구,주간,경상사고,차대사람 - 보도통행중,차대사람,보도통행중,안전운전불이행,건조,맑음,단일로 - 기타,단일로,기타,0,0,2,0,2,2,0,Y,N,가해,개인형이동수단(PM),남,41-50세,상해없음,보행자,여,31-40세,경상,2024.xlsx
PM-2024-02803,2024-04,2024,4,송파구,야간,경상사고,차대차 - 충돌,차대차,충돌,보행자보호의무위반,건조,맑음,교차로 - 교차로횡단보도내,교차로,교차로횡단보도내,0,0,2,0,2,2,0,N,Y,피해,이륜,남,21-30세,경상,개인형이동수단(PM),남,31-40세,경상,2024.xlsx
PM-2024-02805,2024-04,2024,4,송파구,야간,경상사고,차대차 - 기타,차대차,기타,안전운전불이행,건조,맑음,단일로 - 기타,단일로,기타,0,0,2,0,2,2,0,Y,N,가해,개인형이동수단(PM),여,20세 이하,경상,자전거,남,12세 이하,경상,2024.xlsx
PM-2024-02807,2024-04,2024,4,송파구,야간,중상사고,차대차 - 추돌,차대차,추돌,안전운전불이행,건조,맑음,단일로 - 기타,단일로,기타,0,1,1,0,2,2,1,Y,N,가해,개인형이동수단(PM),여,65세 이상,중상,승용,남,41-50세,경상,2024.xlsx
PM-2024-02821,2024-04,2024,4,송파구,주간,경상사고,차대차 - 충돌,차대차,충돌,안전운전불이행,젖음/습기,비,단일로 - 기타,단일로,기타,0,0,1,0,1,1,0,N,Y,피해,승용,여,31-40세,상해없음,개인형이동수단(PM),남,31-40세,경상,2024.xlsx
PM-2024-02841,2024-04,2024,4,송파구,주간,경상사고,차대사람 - 보도통행중,차대사람,보도통행중,기타,건조,맑음,단일로 - 기타,단일로,기타,0,0,1,0,1,1,0,Y,N,가해,개인형이동수단(PM),남,20세 이하,상해없음,보행자,여,31-40세,경상,2024.xlsx
PM-2024-02844,2024-04,2024,4,송파구,야간,경상사고,차대사람 - 보도통행중,차대사람,보도통행중,안전운전불이행,건조,맑음,단일로 - 기타,단일로,기타,0,0,1,0,1,1,0,Y,N,가해,개인형이동수단(PM),남,20세 이하,상해없음,보행자,여,31-40세,경상,2024.xlsx
PM-2024-02802,2024-04,2024,4,영등포구,주간,중상사고,차대차 - 기타,차대차,기타,중앙선침범,건조,맑음,기타 - 기타,기타,기타,0,1,0,0,1,1,1,N,Y,피해,승합,여,41-50세,상해없음,개인형이동수단(PM),남,41-50세,중상,2024.xlsx
PM-2024-02806,2024-04,2024,4,영등포구,야간,부상신고사고,차대차 - 충돌,차대차,충돌,안전운전불이행,건조,맑음,교차로 - 교차로안,교차로,교차로안,0,0,0,1,1,1,0,N,Y,피해,자전거,남,61-64세,부상신고,개인형이동수단(PM),남,31-40세,상해없음,2024.xlsx
PM-2024-02812,2024-04,2024,4,영등포구,야간,경상사고,차대차 - 충돌,차대차,충돌,안전운전불이행,건조,맑음,단일로 - 기타,단일로,기타,0,0,1,0,1,1,0,N,Y,피해,화물,남,41-50세,상해없음,개인형이동수단(PM),남,65세 이상,경상,2024.xlsx
PM-2024-02842,2024-04,2024,4,용산구,야간,경상사고,차대차 - 추돌,차대차,추돌,기타,건조,맑음,단일로 - 기타,단일로,기타,0,0,1,0,1,1,0,N,Y,피해,승용,남,51-60세,상해없음,개인형이동수단(PM),여,41-50세,경상,2024.xlsx
PM-2024-02800,2024-04,2024,4,은평구,주간,중상사고,차대사람 - 횡단중,차대사람,횡단중,안전운전불이행,건조,맑음,기타 - 기타,기타,기타,0,1,1,0,2,2,1,Y,N,가해,개인형이동수단(PM),남,65세 이상,경상,보행자,여,65세 이상,중상,2024.xlsx
PM-2024-02820,2024-04,2024,4,은평구,야간,경상사고,차대차 - 기타,차대차,기타,신호위반,건조,맑음,교차로 - 교차로안,교차로,교차로안,0,0,1,0,1,1,0,N,Y,피해,화물,남,31-40세,상해없음,개인형이동수단(PM),남,21-30세,경상,2024.xlsx
PM-2024-02849,2024-04,2024,4,은평구,주간,경상사고,차대차 - 충돌,차대차,충돌,안전운전불이행,건조,맑음,교차로 - 교차로횡단보도내,교차로,교차로횡단보도내,0,0,1,0,1,1,0,N,Y,피해,승용,남,41-50세,상해없음,개인형이동수단(PM),여,31-40세,경상,2024.xlsx
PM-2024-02817,2024-04,2024,4,종로구,주간,경상사고,차대사람 - 보도통행중,차대사람,보도통행중,기타,건조,맑음,교차로 - 교차로부근,교차로,교차로부근,0,0,1,0,1,1,0,Y,N,가해,개인형이동수단(PM),남,21-30세,상해없음,보행자,여,51-60세,경상,2024.xlsx
PM-2024-02791,2024-04,2024,4,중구,주간,경상사고,차대차 - 기타,차대차,기타,안전운전불이행,건조,맑음,단일로 - 기타,단일로,기타,0,0,2,0,2,2,0,Y,N,가해,개인형이동수단(PM),남,21-30세,경상,원동기,남,61-64세,경상,2024.xlsx
PM-2024-02798,2024-04,2024,4,중구,주간,경상사고,차대차 - 충돌,차대차,충돌,신호위반,건조,맑음,교차로 - 교차로안,교차로,교차로안,0,0,1,0,1,1,0,N,Y,피해,원동기,남,21-30세,상해없음,개인형이동수단(PM),여,31-40세,경상,2024.xlsx
PM-2024-02809,2024-04,2024,4,중구,주간,부상신고사고,차대차 - 기타,차대차,기타,안전운전불이행,건조,맑음,단일로 - 기타,단일로,기타,0,0,0,1,1,1,0,N,Y,피해,자전거,여,65세 이상,부상신고,개인형이동수단(PM),남,13-20세,상해없음,2024.xlsx
PM-2024-02824,2024-04,2024,4,중구,주간,경상사고,차대사람 - 기타,차대사람,기타,안전운전불이행,건조,맑음,기타 - 기타,기타,기타,0,0,1,0,1,1,0,Y,N,가해,개인형이동수단(PM),남,21-30세,상해없음,보행자,남,31-40세,경상,2024.xlsx
PM-2024-02794,2024-04,2024,4,중랑구,주간,중상사고,차대차 - 충돌,차대차,충돌,안전운전불이행,건조,맑음,교차로 - 교차로부근,교차로,교차로부근,0,1,0,0,1,1,1,Y,N,가해,개인형이동수단(PM),여,61-64세,중상,승용,남,65세 이상,상해없음,2024.xlsx
PM-2024-02834,2024-04,2024,4,중랑구,야간,부상신고사고,차대차 - 기타,차대차,기타,중앙선침범,건조,맑음,교차로 - 교차로안,교차로,교차로안,0,0,0,1,1,1,0,Y,N,가해,개인형이동수단(PM),여,51-60세,부상신고,승용,남,31-40세,상해없음,2024.xlsx
PM-2024-02878,2024-05,2024,5,강남구,야간,경상사고,차대사람 - 보도통행중,차대사람,보도통행중,기타,건조,맑음,단일로 - 기타,단일로,기타,0,0,1,0,1,1,0,Y,N,가해,개인형이동수단(PM),여,20세 이하,상해없음,보행자,여,65세 이상,경상,2024.xlsx
PM-2024-02886,2024-05,2024,5,강남구,주간,경상사고,차대차 - 기타,차대차,기타,신호위반,건조,맑음,교차로 - 교차로안,교차로,교차로안,0,0,1,0,1,1,0,Y,N,가해,개인형이동수단(PM),남,21-30세,경상,승용,여,21-30세,상해없음,2024.xlsx
PM-2024-02892,2024-05,2024,5,강남구,주간,경상사고,차대사람 - 기타,차대사람,기타,기타,건조,맑음,단일로 - 기타,단일로,기타,0,0,1,0,1,1,0,Y,N,가해,개인형이동수단(PM),여,20세 이하,상해없음,보행자,여,41-50세,경상,2024.xlsx
PM-2024-02901,2024-05,2024,5,강남구,주간,부상신고사고,차대차 - 기타,차대차,기타,안전운전불이행,건조,맑음,교차로 - 교차로안,교차로,교차로안,0,0,0,1,1,1,0,Y,N,가해,개인형이동수단(PM),남,20세 이하,부상신고,승용,남,41-50세,상해없음,2024.xlsx
PM-2024-02903,2024-05,2024,5,강남구,주간,경상사고,차대사람 - 보도통행중,차대사람,보도통행중,안전운전불이행,건조,맑음,단일로 - 기타,단일로,기타,0,0,1,0,1,1,0,Y,N,가해,개인형이동수단(PM),남,20세 이하,상해없음,보행자,여,12세 이하,경상,2024.xlsx
PM-2024-02906,2024-05,2024,5,강남구,주간,경상사고,차대사람 - 보도통행중,차대사람,보도통행중,안전운전불이행,건조,맑음,단일로 - 기타,단일로,기타,0,0,1,0,1,1,0,Y,N,가해,개인형이동수단(PM),여,31-40세,상해없음,보행자,여,51-60세,경상,2024.xlsx
PM-2024-02915,2024-05,2024,5,강남구,주간,중상사고,차대사람 - 기타,차대사람,기타,안전운전불이행,건조,맑음,기타 - 기타,기타,기타,0,1,0,0,1,1,1,Y,N,가해,개인형이동수단(PM),여,31-40세,상해없음,보행자,여,21-30세,중상,2024.xlsx
PM-2024-02857,2024-05,2024,5,강동구,야간,경상사고,차량단독 - 기타,차량단독,기타,기타,건조,맑음,기타 - 기타,기타,기타,0,0,1,0,1,1,0,Y,N,가해,개인형이동수단(PM),남,31-40세,경상,,,,,2024.xlsx
PM-2024-02871,2024-05,2024,5,강동구,주간,경상사고,차대차 - 기타,차대차,기타,안전운전불이행,건조,맑음,교차로 - 교차로안,교차로,교차로안,0,0,1,0,1,1,0,N,Y,피해,화물,남,65세 이상,상해없음,개인형이동수단(PM),여,41-50세,경상,2024.xlsx
PM-2024-02889,2024-05,2024,5,강동구,주간,경상사고,차대차 - 충돌,차대차,충돌,안전운전불이행,건조,맑음,단일로 - 기타,단일로,기타,0,0,1,0,1,1,0,N,N,기타,승용,여,21-30세,상해없음,특수,남,51-60세,상해없음,2024.xlsx
PM-2024-02904,2024-05,2024,5,강동구,주간,경상사고,차대차 - 기타,차대차,기타,안전운전불이행,건조,맑음,교차로 - 교차로안,교차로,교차로안,0,0,1,0,1,1,0,N,Y,피해,승용,남,21-30세,상해없음,개인형이동수단(PM),남,31-40세,경상,2024.xlsx
PM-2024-02912,2024-05,2024,5,강동구,야간,경상사고,차대사람 - 기타,차대사람,기타,기타,건조,맑음,기타 - 기타,기타,기타,0,0,1,0,1,1,0,Y,N,가해,개인형이동수단(PM),남,20세 이하,상해없음,보행자,남,21-30세,경상,2024.xlsx
PM-2024-02914,2024-05,2024,5,강동구,야간,중상사고,차대차 - 충돌,차대차,충돌,안전운전불이행,건조,맑음,단일로 - 기타,단일로,기타,0,1,0,0,1,1,1,Y,N,가해,개인형이동수단(PM),남,51-60세,상해없음,자전거,남,51-60세,중상,2024.xlsx
PM-2024-02860,2024-05,2024,5,강서구,주간,경상사고,차대차 - 기타,차대차,기타,안전운전불이행,건조,맑음,교차로 - 교차로부근,교차로,교차로부근,0,0,1,0,1,1,0,N,N,기타,이륜,남,41-50세,경상,특수,남,61-64세,상해없음,2024.xlsx
PM-2024-02874,2024-05,2024,5,강서구,주간,경상사고,차대차 - 충돌,차대차,충돌,안전운전불이행,건조,맑음,교차로 - 교차로부근,교차로,교차로부근,0,0,2,1,3,3,0,Y,N,가해,개인형이동수단(PM),여,20세 이하,부상신고,승용,여,41-50세,경상,2024.xlsx
PM-2024-02883,2024-05,2024,5,강서구,야간,경상사고,차대차 - 기타,차대차,기타,안전운전불이행,건조,맑음,교차로 - 교차로안,교차로,교차로안,0,0,1,0,1,1,0,N,Y,피해,화물,남,41-50세,상해없음,개인형이동수단(PM),여,13-20세,경상,2024.xlsx
PM-2024-02916,2024-05,2024,5,강서구,주간,중상사고,차대사람 - 기타,차대사람,기타,안전운전불이행,건조,맑음,기타 - 기타,기타,기타,0,1,0,0,1,1,1,Y,N,가해,개인형이동수단(PM),남,20세 이하,상해없음,보행자,남,51-60세,중상,2024.xlsx
PM-2024-02850,2024-05,2024,5,관악구,야간,중상사고,차량단독 - 전도전복,차량단독,전도전복,안전운전불이행,건조,맑음,단일로 - 기타,단일로,기타,0,1,0,0,1,1,1,Y,N,가해,개인형이동수단(PM),남,31-40세,중상,,,,,2024.xlsx
PM-2024-02866,2024-05,2024,5,광진구,주간,경상사고,차대사람 - 기타,차대사람,기타,안전운전불이행,건조,맑음,기타 - 기타,기타,기타,0,0,1,0,1,1,0,Y,N,가해,개인형이동수단(PM),여,20세 이하,상해없음,보행자,여,31-40세,경상,2024.xlsx
PM-2024-02879,2024-05,2024,5,광진구,야간,경상사고,차대차 - 기타,차대차,기타,안전운전불이행,건조,흐림,교차로 - 교차로횡단보도내,교차로,교차로횡단보도내,0,0,1,0,1,1,0,Y,N,가해,개인형이동수단(PM),남,20세 이하,기타불명,원동기,남,41-50세,경상,2024.xlsx
PM-2024-02877,2024-05,2024,5,구로구,주간,경상사고,차대차 - 기타,차대차,기타,안전거리미확보,건조,맑음,단일로 - 기타,단일로,기타,0,0,1,0,1,1,0,Y,N,가해,개인형이동수단(PM),남,61-64세,경상,승용,여,51-60세,상해없음,2024.xlsx
PM-2024-02854,2024-05,2024,5,노원구,주간,경상사고,차대사람 - 기타,차대사람,기타,기타,건조,맑음,단일로 - 기타,단일로,기타,0,0,1,0,1,1,0,Y,N,가해,개인형이동수단(PM),남,20세 이하,상해없음,보행자,남,12세 이하,경상,2024.xlsx
PM-2024-02910,2024-05,2024,5,노원구,주간,경상사고,차대사람 - 횡단중,차대사람,횡단중,보행자보호의무위반,건조,맑음,교차로 - 교차로안,교차로,교차로안,0,0,1,0,1,1,0,Y,N,가해,개인형이동수단(PM),남,20세 이하,상해없음,보행자,여,31-40세,경상,2024.xlsx
PM-2024-02855,2024-05,2024,5,도봉구,주간,경상사고,차대사람 - 보도통행중,차대사람,보도통행중,기타,건조,맑음,기타 - 기타,기타,기타,0,0,1,0,1,1,0,Y,N,가해,개인형이동수단(PM),남,41-50세,상해없음,보행자,여,61-64세,경상,2024.xlsx
PM-2024-02881,2024-05,2024,5,도봉구,주간,중상사고,차대차 - 충돌,차대차,충돌,안전운전불이행,기타,맑음,교차로 - 교차로안,교차로,교차로안,0,1,0,0,1,1,1,N,N,기타,승용,남,31-40세,상해없음,특수,남,31-40세,중상,2024.xlsx
PM-2024-02861,2024-05,2024,5,동대문구,주간,경상사고,차대차 - 충돌,차대차,충돌,안전운전불이행,건조,맑음,단일로 - 기타,단일로,기타,0,0,1,0,1,1,0,N,N,기타,승용,남,65세 이상,상해없음,특수,남,21-30세,기타불명,2024.xlsx
PM-2024-02865,2024-05,2024,5,동대문구,야간,경상사고,차대차 - 충돌,차대차,충돌,기타,건조,맑음,교차로 - 교차로안,교차로,교차로안,0,0,2,0,2,2,0,N,Y,피해,승용,남,21-30세,상해없음,개인형이동수단(PM),남,31-40세,경상,2024.xlsx
PM-2024-02868,2024-05,2024,5,동대문구,야간,중상사고,차대차 - 기타,차대차,기타,안전운전불이행,건조,맑음,교차로 - 교차로부근,교차로,교차로부근,0,1,0,1,2,2,1,Y,N,가해,개인형이동수단(PM),남,20세 이하,부상신고,승용,남,65세 이상,상해없음,2024.xlsx
PM-2024-02888,2024-05,2024,5,동대문구,주간,경상사고,차대사람 - 기타,차대사람,기타,안전운전불이행,건조,맑음,기타 - 기타,기타,기타,0,0,1,0,1,1,0,Y,N,가해,개인형이동수단(PM),여,21-30세,상해없음,보행자,여,51-60세,경상,2024.xlsx
PM-2024-02864,2024-05,2024,5,마포구,주간,부상신고사고,차대차 - 충돌,차대차,충돌,안전운전불이행,건조,맑음,단일로 - 기타,단일로,기타,0,0,0,1,1,1,0,N,Y,피해,자전거,여,51-60세,부상신고,개인형이동수단(PM),남,65세 이상,상해없음,2024.xlsx
PM-2024-02867,2024-05,2024,5,마포구,야간,경상사고,차대사람 - 기타,차대사람,기타,신호위반,기타,기타,단일로 - 기타,단일로,기타,0,0,1,0,1,1,0,Y,N,가해,개인형이동수단(PM),남,21-30세,상해없음,보행자,남,21-30세,경상,2024.xlsx
PM-2024-02870,2024-05,2024,5,마포구,주간,경상사고,차대사람 - 길가장자리구역통행중,차대사람,길가장자리구역통행중,안전운전불이행,젖음/습기,비,단일로 - 기타,단일로,기타,0,0,1,0,1,1,0,Y,N,가해,개인형이동수단(PM),남,21-30세,기타불명,보행자,여,31-40세,경상,2024.xlsx
PM-2024-02884,2024-05,2024,5,마포구,야간,경상사고,차대사람 - 기타,차대사람,기타,기타,건조,맑음,기타 - 기타,기타,기타,0,0,1,0,1,1,0,Y,N,가해,개인형이동수단(PM),남,21-30세,상해없음,보행자,여,31-40세,경상,2024.xlsx
PM-2024-02887,2024-05,2024,5,마포구,야간,경상사고,차대차 - 기타,차대차,기타,안전운전불이행,건조,기타,단일로 - 기타,단일로,기타,0,0,1,0,1,1,0,Y,N,가해,개인형이동수단(PM),여,20세 이하,경상,승용,여,41-50세,상해없음,2024.xlsx
PM-2024-02891,2024-05,2024,5,마포구,주간,경상사고,차대사람 - 보도통행중,차대사람,보도통행중,기타,건조,맑음,단일로 - 기타,단일로,기타,0,0,1,0,1,1,0,Y,N,가해,개인형이동수단(PM),남,21-30세,상해없음,보행자,남,31-40세,경상,2024.xlsx
PM-2024-02898,2024-05,2024,5,서대문구,야간,경상사고,차대차 - 충돌,차대차,충돌,교차로운행방법위반,건조,맑음,교차로 - 교차로안,교차로,교차로안,0,0,1,0,1,1,0,N,Y,피해,이륜,남,31-40세,경상,개인형이동수단(PM),남,21-30세,상해없음,2024.xlsx
PM-2024-02869,2024-05,2024,5,서초구,야간,경상사고,차대사람 - 기타,차대사람,기타,안전운전불이행,건조,맑음,단일로 - 기타,단일로,기타,0,0,1,0,1,1,0,Y,N,가해,개인형이동수단(PM),남,51-60세,상해없음,보행자,여,21-30세,경상,2024.xlsx
PM-2024-02882,2024-05,2024,5,서초구,주간,경상사고,차대사람 - 기타,차대사람,기타,안전운전불이행,건조,맑음,단일로 - 기타,단일로,기타,0,0,1,0,1,1,0,Y,N,가해,개인형이동수단(PM),남,31-40세,상해없음,보행자,여,21-30세,경상,2024.xlsx
PM-2024-02895,2024-05,2024,5,서초구,주간,중상사고,차대차 - 기타,차대차,기타,기타,건조,맑음,교차로 - 교차로안,교차로,교차로안,0,1,0,0,1,1,1,N,Y,피해,승용,남,65세 이상,상해없음,개인형이동수단(PM),남,21-30세,중상,2024.xlsx