사고ID,연월,연도,월,자치구,주야,사고내용,사고유형,사고유형_대분류,사고유형_소분류,법규위반,노면상태,기상상태,도로형태,도로형태_대분류,도로형태_소분류,사망자수,중상자수,경상자수,부상신고자수,총부상자수,총사상자수,중상이상자수,PM_가해여부,PM_피해여부,PM_역할,가해운전자_차종,가해운전자_성별,가해운전자_연령대,가해운전자_상해정도,피해운전자_차종,피해운전자_성별,피해운전자_연령대,피해운전자_상해정도,원본파일
PM-2024-02900,2024-05,2024,5,서초구,주간,중상사고,차대사람 - 보도통행중,차대사람,보도통행중,기타,건조,맑음,기타 - 기타,기타,기타,0,1,0,0,1,1,1,Y,N,가해,개인형이동수단(PM),남,20세 이하,상해없음,보행자,여,51-60세,중상,2024.xlsx
PM-2024-02863,2024-05,2024,5,성동구,주간,경상사고,차대사람 - 기타,차대사람,기타,안전운전불이행,건조,맑음,단일로 - 기타,단일로,기타,0,0,1,0,1,1,0,Y,N,가해,개인형이동수단(PM),여,21-30세,상해없음,보행자,남,41-50세,경상,2024.xlsx
PM-2024-02905,2024-05,2024,5,성동구,주간,경상사고,차대차 - 충돌,차대차,충돌,안전거리미확보,건조,맑음,교차로 - 교차로부근,교차로,교차로부근,0,0,3,0,3,3,0,N,N,기타,승합,남,65세 이상,상해없음,특수,남,21-30세,경상,2024.xlsx
PM-2024-02908,2024-05,2024,5,성동구,야간,경상사고,차대사람 - 기타,차대사람,기타,안전운전불이행,건조,맑음,기타 - 기타,기타,기타,0,0,1,0,1,1,0,Y,N,가해,개인형이동수단(PM),여,20세 이하,상해없음,보행자,여,51-60세,경상,2024.xlsx
PM-2024-02880,2024-05,2024,5,성북구,주간,부상신고사고,차대사람 - 기타,차대사람,기타,기타,건조,맑음,단일로 - 기타,단일로,기타,0,0,0,1,1,1,0,Y,N,가해,개인형이동수단(PM),남,21-30세,부상신고,보행자,남,41-50세,상해없음,2024.xlsx
PM-2024-02913,2024-05,2024,5,성북구,야간,중상사고,차대사람 - 기타,차대사람,기타,기타,건조,맑음,기타 - 기타,기타,기타,0,1,0,0,1,1,1,Y,N,가해,개인형이동수단(PM),여,20세 이하,상해없음,보행자,여,21-30세,중상,2024.xlsx
PM-2024-02851,2024-05,2024,5,송파구,주간,경상사고,차대차 - 추돌,차대차,추돌,안전거리미확보,건조,맑음,교차로 - 교차로횡단보도내,교차로,교차로횡단보도내,0,0,1,0,1,1,0,N,Y,피해,승용,남,65세 이상,상해없음,개인형이동수단(PM),남,41-50세,경상,2024.xlsx
PM-2024-02852,2024-05,2024,5,송파구,주간,경상사고,차대사람 - 기타,차대사람,기타,안전운전불이행,건조,맑음,단일로 - 기타,단일로,기타,0,0,1,0,1,1,0,Y,N,가해,개인형이동수단(PM),여,20세 이하,상해없음,보행자,남,65세 이상,경상,2024.xlsx
PM-2024-02853,2024-05,2024,5,송파구,주간,경상사고,차대사람 - 기타,차대사람,기타,신호위반,건조,맑음,교차로 - 교차로횡단보도내,교차로,교차로횡단보도내,0,0,1,0,1,1,0,Y,N,가해,개인형이동수단(PM),남,20세 이하,상해없음,보행자,남,12세 이하,경상,2024.xlsx
PM-2024-02858,2024-05,2024,5,송파구,야간,경상사고,차대차 - 충돌,차대차,충돌,안전운전불이행,젖음/습기,비,교차로 - 교차로안,교차로,교차로안,0,0,1,0,1,1,0,Y,N,가해,개인형이동수단(PM),여,41-50세,경상,승용,남,51-60세,상해없음,2024.xlsx
PM-2024-02862,2024-05,2024,5,송파구,주간,경상사고,차대사람 - 보도통행중,차대사람,보도통행중,안전운전불이행,건조,맑음,단일로 - 기타,단일로,기타,0,0,1,0,1,1,0,Y,N,가해,개인형이동수단(PM),남,20세 이하,상해없음,보행자,남,31-40세,경상,2024.xlsx
PM-2024-02885,2024-05,2024,5,송파구,주간,경상사고,차대사람 - 기타,차대사람,기타,안전운전불이행,건조,맑음,기타 - 기타,기타,기타,0,0,2,0,2,2,0,Y,N,가해,개인형이동수단(PM),여,21-30세,경상,보행자,남,41-50세,경상,2024.xlsx
PM-2024-02890,2024-05,2024,5,송파구,주간,경상사고,차대차 - 충돌,차대차,충돌,안전운전불이행,건조,맑음,교차로 - 교차로횡단보도내,교차로,교차로횡단보도내,0,0,1,0,1,1,0,N,Y,피해,승용,남,65세 이상,상해없음,개인형이동수단(PM),여,31-40세,경상,2024.xlsx
PM-2024-02893,2024-05,2024,5,송파구,야간,부상신고사고,차대차 - 충돌,차대차,충돌,기타,건조,맑음,교차로 - 교차로횡단보도내,교차로,교차로횡단보도내,0,0,0,1,1,1,0,Y,N,가해,개인형이동수단(PM),남,31-40세,부상신고,승용,남,41-50세,상해없음,2024.xlsx
PM-2024-02896,2024-05,2024,5,송파구,야간,경상사고,차대사람 - 기타,차대사람,기타,안전운전불이행,건조,맑음,단일로 - 기타,단일로,기타,0,0,1,0,1,1,0,Y,N,가해,개인형이동수단(PM),남,21-30세,상해없음,보행자,여,61-64세,경상,2024.xlsx
PM-2024-02897,2024-05,2024,5,송파구,야간,부상신고사고,차대차 - 충돌,차대차,충돌,안전운전불이행,건조,맑음,교차로 - 교차로안,교차로,교차로안,0,0,0,1,1,1,0,Y,N,가해,개인형이동수단(PM),남,31-40세,부상신고,승용,남,21-30세,상해없음,2024.xlsx
PM-2024-02899,2024-05,2024,5,송파구,주간,경상사고,차대차 - 기타,차대차,기타,안전거리미확보,건조,맑음,단일로 - 기타,단일로,기타,0,0,1,0,1,1,0,N,N,기타,승용,남,65세 이상,상해없음,특수,남,51-60세,경상,2024.xlsx
PM-2024-02907,2024-05,2024,5,송파구,주간,중상사고,차대차 - 충돌,차대차,충돌,신호위반,건조,맑음,교차로 - 교차로안,교차로,교차로안,0,2,0,0,2,2,2,Y,N,가해,개인형이동수단(PM),여,61-64세,중상,이륜,남,51-60세,중상,2024.xlsx
PM-2024-02872,2024-05,2024,5,영등포구,주간,경상사고,차량단독 - 기타,차량단독,기타,안전운전불이행,건조,맑음,단일로 - 기타,단일로,기타,0,0,1,0,1,1,0,Y,N,가해,개인형이동수단(PM),남,21-30세,경상,,,,,2024.xlsx
PM-2024-02875,2024-05,2024,5,영등포구,주간,경상사고,차대차 - 충돌,차대차,충돌,안전운전불이행,건조,맑음,단일로 - 기타,단일로,기타,0,0,1,0,1,1,0,N,N,기타,이륜,남,21-30세,경상,특수,남,65세 이상,상해없음,2024.xlsx
PM-2024-02894,2024-05,2024,5,영등포구,주간,경상사고,차대차 - 기타,차대차,기타,안전운전불이행,건조,맑음,교차로 - 교차로안,교차로,교차로안,0,0,1,0,1,1,0,Y,N,가해,개인형이동수단(PM),남,41-50세,경상,승용,여,41-50세,상해없음,2024.xlsx
PM-2024-02909,2024-05,2024,5,영등포구,주간,중상사고,차대차 - 충돌,차대차,충돌,교차로운행방법위반,건조,맑음,교차로 - 교차로안,교차로,교차로안,0,1,0,0,1,1,1,Y,N,가해,개인형이동수단(PM),남,51-60세,상해없음,자전거,남,65세 이상,중상,2024.xlsx
PM-2024-02873,2024-05,2024,5,용산구,주간,경상사고,차대차 - 충돌,차대차,충돌,안전운전불이행,건조,맑음,교차로 - 교차로안,교차로,교차로안,0,0,1,0,1,1,0,N,Y,피해,승용,남,31-40세,상해없음,개인형이동수단(PM),여,21-30세,경상,2024.xlsx
PM-2024-02856,2024-05,2024,5,은평구,야간,경상사고,차대차 - 기타,차대차,기타,기타,건조,맑음,교차로 - 교차로안,교차로,교차로안,0,0,1,0,1,1,0,Y,N,가해,개인형이동수단(PM),남,31-40세,경상,승용,여,41-50세,상해없음,2024.xlsx
PM-2024-02859,2024-05,2024,5,은평구,주간,경상사고,차대차 - 기타,차대차,기타,기타,젖음/습기,비,교차로 - 교차로안,교차로,교차로안,0,0,1,0,1,1,0,Y,N,가해,개인형이동수단(PM),남,21-30세,경상,승용,남,41-50세,상해없음,2024.xlsx
PM-2024-02876,2024-05,2024,5,은평구,주간,경상사고,차대사람 - 횡단중,차대사람,횡단중,신호위반,건조,맑음,교차로 - 교차로횡단보도내,교차로,교차로횡단보도내,0,0,1,0,1,1,0,Y,N,가해,개인형이동수단(PM),남,65세 이상,상해없음,보행자,여,65세 이상,경상,2024.xlsx
PM-2024-02911,2024-05,2024,5,종로구,주간,경상사고,차대차 - 충돌,차대차,충돌,안전거리미확보,기타,맑음,단일로 - 기타,단일로,기타,0,0,1,0,1,1,0,N,N,기타,승용,여,31-40세,상해없음,특수,남,31-40세,경상,2024.xlsx
PM-2024-02902,2024-05,2024,5,중랑구,야간,경상사고,차대차 - 기타,차대차,기타,안전운전불이행,건조,맑음,단일로 - 지하차도(도로)내,단일로,지하차도(도로)내,0,0,1,0,1,1,0,Y,N,가해,개인형이동수단(PM),남,21-30세,경상,승용,남,51-60세,기타불명,2024.xlsx
PM-2024-02919,2024-06,2024,6,강남구,주간,중상사고,차대사람 - 기타,차대사람,기타,안전운전불이행,건조,맑음,단일로 - 기타,단일로,기타,0,1,1,0,2,2,1,Y,N,가해,개인형이동수단(PM),남,20세 이하,상해없음,보행자,남,21-30세,경상,2024.xlsx
PM-2024-02930,2024-06,2024,6,강남구,주간,중상사고,차대사람 - 기타,차대사람,기타,안전운전불이행,건조,맑음,기타 - 기타,기타,기타,0,1,0,0,1,1,1,Y,N,가해,개인형이동수단(PM),남,20세 이하,상해없음,보행자,여,61-64세,중상,2024.xlsx
PM-2024-02931,2024-06,2024,6,강남구,야간,경상사고,차대차 - 기타,차대차,기타,안전운전불이행,건조,맑음,기타 - 기타,기타,기타,0,0,1,0,1,1,0,Y,N,가해,개인형이동수단(PM),남,51-60세,경상,승용,남,21-30세,상해없음,2024.xlsx
PM-2024-02932,2024-06,2024,6,강남구,야간,경상사고,차대차 - 기타,차대차,기타,안전운전불이행,건조,기타,교차로 - 교차로횡단보도내,교차로,교차로횡단보도내,0,0,1,0,1,1,0,N,Y,피해,승용,남,21-30세,상해없음,개인형이동수단(PM),남,31-40세,경상,2024.xlsx
PM-2024-02938,2024-06,2024,6,강남구,야간,경상사고,차대사람 - 보도통행중,차대사람,보도통행중,안전운전불이행,건조,맑음,단일로 - 기타,단일로,기타,0,0,1,0,1,1,0,Y,N,가해,개인형이동수단(PM),여,20세 이하,상해없음,보행자,남,41-50세,경상,2024.xlsx
PM-2024-02939,2024-06,2024,6,강남구,야간,경상사고,차대차 - 기타,차대차,기타,안전운전불이행,건조,맑음,기타 - 기타,기타,기타,0,0,1,0,1,1,0,Y,N,가해,개인형이동수단(PM),남,31-40세,경상,승용,남,61-64세,상해없음,2024.xlsx
PM-2024-02944,2024-06,2024,6,강남구,주간,경상사고,차대사람 - 길가장자리구역통행중,차대사람,길가장자리구역통행중,안전운전불이행,건조,맑음,단일로 - 기타,단일로,기타,0,0,1,0,1,1,0,Y,N,가해,개인형이동수단(PM),여,21-30세,상해없음,보행자,여,61-64세,경상,2024.xlsx
PM-2024-02945,2024-06,2024,6,강남구,야간,중상사고,차대사람 - 기타,차대사람,기타,안전운전불이행,건조,맑음,기타 - 기타,기타,기타,0,1,0,0,1,1,1,Y,N,가해,개인형이동수단(PM),여,20세 이하,상해없음,보행자,남,31-40세,중상,2024.xlsx
PM-2024-02952,2024-06,2024,6,강남구,주간,경상사고,차대사람 - 보도통행중,차대사람,보도통행중,안전운전불이행,건조,맑음,기타 - 기타,기타,기타,0,0,1,0,1,1,0,Y,N,가해,개인형이동수단(PM),여,20세 이하,기타불명,보행자,여,31-40세,경상,2024.xlsx
PM-2024-02954,2024-06,2024,6,강남구,야간,중상사고,차대차 - 기타,차대차,기타,안전운전불이행,건조,맑음,교차로 - 교차로안,교차로,교차로안,0,1,0,0,1,1,1,N,Y,피해,승용,남,21-30세,상해없음,개인형이동수단(PM),남,13-20세,중상,2024.xlsx
PM-2024-02958,2024-06,2024,6,강남구,주간,경상사고,차대차 - 충돌,차대차,충돌,안전운전불이행,건조,맑음,기타 - 기타,기타,기타,0,0,1,0,1,1,0,N,Y,피해,이륜,남,31-40세,상해없음,개인형이동수단(PM),남,21-30세,경상,2024.xlsx
PM-2024-02959,2024-06,2024,6,강남구,야간,중상사고,차대사람 - 보도통행중,차대사람,보도통행중,안전운전불이행,건조,맑음,기타 - 기타,기타,기타,0,1,0,0,1,1,1,Y,N,가해,개인형이동수단(PM),남,21-30세,상해없음,보행자,여,51-60세,중상,2024.xlsx
PM-2024-02974,2024-06,2024,6,강남구,야간,경상사고,차대차 - 기타,차대차,기타,안전운전불이행,건조,기타,단일로 - 기타,단일로,기타,0,0,1,0,1,1,0,N,Y,피해,승용,남,51-60세,상해없음,개인형이동수단(PM),남,13-20세,경상,2024.xlsx
PM-2024-02979,2024-06,2024,6,강남구,야간,경상사고,차대차 - 기타,차대차,기타,기타,건조,맑음,단일로 - 기타,단일로,기타,0,0,1,0,1,1,0,Y,N,가해,개인형이동수단(PM),남,20세 이하,경상,승용,남,21-30세,상해없음,2024.xlsx
PM-2024-02980,2024-06,2024,6,강남구,주간,경상사고,차대차 - 충돌,차대차,충돌,안전운전불이행,건조,맑음,기타 - 기타,기타,기타,0,0,1,0,1,1,0,N,Y,피해,이륜,남,21-30세,기타불명,개인형이동수단(PM),여,31-40세,경상,2024.xlsx
PM-2024-02984,2024-06,2024,6,강남구,주간,중상사고,차대사람 - 보도통행중,차대사람,보도통행중,안전운전불이행,건조,맑음,기타 - 기타,기타,기타,0,1,0,0,1,1,1,Y,N,가해,개인형이동수단(PM),남,20세 이하,상해없음,보행자,여,61-64세,중상,2024.xlsx
PM-2024-02989,2024-06,2024,6,강남구,주간,경상사고,차대차 - 기타,차대차,기타,기타,건조,맑음,단일로 - 기타,단일로,기타,0,0,1,0,1,1,0,Y,N,가해,개인형이동수단(PM),여,20세 이하,상해없음,승용,남,41-50세,상해없음,2024.xlsx
PM-2024-02947,2024-06,2024,6,강동구,야간,경상사고,차대차 - 충돌,차대차,충돌,안전운전불이행,건조,맑음,교차로 - 교차로안,교차로,교차로안,0,0,2,0,2,2,0,N,Y,피해,승용,남,21-30세,상해없음,개인형이동수단(PM),남,13-20세,경상,2024.xlsx
PM-2024-02949,2024-06,2024,6,강동구,주간,경상사고,차대차 - 기타,차대차,기타,신호위반,건조,맑음,단일로 - 기타,단일로,기타,0,0,1,0,1,1,0,N,Y,피해,승용,여,51-60세,상해없음,개인형이동수단(PM),여,31-40세,경상,2024.xlsx
PM-2024-02969,2024-06,2024,6,강동구,주간,중상사고,차대차 - 기타,차대차,기타,안전운전불이행,건조,맑음,교차로 - 교차로부근,교차로,교차로부근,0,1,0,0,1,1,1,N,Y,피해,승용,남,41-50세,상해없음,개인형이동수단(PM),남,21-30세,중상,2024.xlsx
PM-2024-02987,2024-06,2024,6,강동구,주간,부상신고사고,차대사람 - 보도통행중,차대사람,보도통행중,기타,건조,맑음,기타 - 기타,기타,기타,0,0,0,1,1,1,0,Y,N,가해,개인형이동수단(PM),남,20세 이하,기타불명,보행자,남,12세 이하,부상신고,2024.xlsx
PM-2024-02924,2024-06,2024,6,강북구,주간,경상사고,차대사람 - 기타,차대사람,기타,기타,건조,맑음,기타 - 기타,기타,기타,0,0,1,0,1,1,0,Y,N,가해,개인형이동수단(PM),남,20세 이하,상해없음,보행자,남,31-40세,경상,2024.xlsx
PM-2024-02990,2024-06,2024,6,강북구,주간,경상사고,차대차 - 충돌,차대차,충돌,기타,건조,맑음,단일로 - 기타,단일로,기타,0,0,1,0,1,1,0,Y,N,가해,개인형이동수단(PM),여,20세 이하,상해없음,이륜,남,41-50세,경상,2024.xlsx
PM-2024-02950,2024-06,2024,6,강서구,주간,경상사고,차대사람 - 보도통행중,차대사람,보도통행중,기타,건조,맑음,단일로 - 기타,단일로,기타,0,0,1,0,1,1,0,Y,N,가해,개인형이동수단(PM),여,21-30세,상해없음,보행자,남,21-30세,경상,2024.xlsx
PM-2024-02926,2024-06,2024,6,관악구,주간,경상사고,차대차 - 기타,차대차,기타,안전운전불이행,건조,맑음,단일로 - 기타,단일로,기타,0,0,1,0,1,1,0,N,N,기타,특수,남,41-50세,상해없음,특수,남,51-60세,상해없음,2024.xlsx
PM-2024-02966,2024-06,2024,6,관악구,주간,경상사고,차대차 - 기타,차대차,기타,신호위반,건조,맑음,교차로 - 교차로부근,교차로,교차로부근,0,0,2,0,2,2,0,N,Y,피해,승용,남,41-50세,기타불명,개인형이동수단(PM),남,21-30세,경상,2024.xlsx
PM-2024-02988,2024-06,2024,6,관악구,야간,경상사고,차대사람 - 기타,차대사람,기타,안전운전불이행,젖음/습기,비,단일로 - 기타,단일로,기타,0,0,1,0,1,1,0,Y,N,가해,개인형이동수단(PM),남,20세 이하,상해없음,보행자,여,21-30세,경상,2024.xlsx
PM-2024-02951,2024-06,2024,6,광진구,주간,경상사고,차대사람 - 기타,차대사람,기타,안전운전불이행,건조,맑음,단일로 - 기타,단일로,기타,0,0,1,0,1,1,0,Y,N,가해,개인형이동수단(PM),남,20세 이하,상해없음,보행자,남,41-50세,경상,2024.xlsx
PM-2024-02970,2024-06,2024,6,광진구,주간,경상사고,차대차 - 기타,차대차,기타,안전운전불이행,건조,맑음,단일로 - 기타,단일로,기타,0,0,1,0,1,1,0,N,Y,피해,승합,남,41-50세,상해없음,개인형이동수단(PM),여,31-40세,경상,2024.xlsx
PM-2024-02922,2024-06,2024,6,구로구,야간,중상사고,차대차 - 기타,차대차,기타,신호위반,건조,맑음,교차로 - 교차로안,교차로,교차로안,0,1,0,0,1,1,1,N,Y,피해,승용,여,41-50세,상해없음,개인형이동수단(PM),남,13-20세,중상,2024.xlsx
PM-2024-02923,2024-06,2024,6,금천구,야간,부상신고사고,차대차 - 충돌,차대차,충돌,기타,건조,맑음,교차로 - 교차로안,교차로,교차로안,0,0,0,1,1,1,0,Y,N,가해,개인형이동수단(PM),여,20세 이하,상해없음,승용,남,31-40세,상해없음,2024.xlsx
PM-2024-02927,2024-06,2024,6,금천구,주간,경상사고,차대차 - 기타,차대차,기타,기타,건조,맑음,기타 - 기타,기타,기타,0,0,1,0,1,1,0,Y,N,가해,개인형이동수단(PM),여,61-64세,상해없음,자전거,여,51-60세,상해없음,2024.xlsx
PM-2024-02934,2024-06,2024,6,금천구,주간,경상사고,차대차 - 기타,차대차,기타,안전운전불이행,건조,맑음,교차로 - 교차로안,교차로,교차로안,0,0,1,0,1,1,0,N,N,기타,승합,남,65세 이상,상해없음,특수,남,31-40세,상해없음,2024.xlsx
PM-2024-02925,2024-06,2024,6,노원구,주간,경상사고,차대차 - 추돌,차대차,추돌,안전거리미확보,건조,맑음,교차로 - 교차로부근,교차로,교차로부근,0,0,1,0,1,1,0,N,N,기타,이륜,남,31-40세,경상,특수,남,41-50세,상해없음,2024.xlsx
PM-2024-02928,2024-06,2024,6,노원구,주간,경상사고,차대사람 - 기타,차대사람,기타,기타,건조,맑음,기타 - 기타,기타,기타,0,0,1,0,1,1,0,Y,N,가해,개인형이동수단(PM),남,20세 이하,상해없음,보행자,여,13-20세,경상,2024.xlsx
PM-2024-02940,2024-06,2024,6,노원구,주간,경상사고,차대차 - 충돌,차대차,충돌,안전운전불이행,건조,맑음,기타 - 기타,기타,기타,0,0,1,0,1,1,0,Y,N,가해,개인형이동수단(PM),남,20세 이하,상해없음,자전거,여,65세 이상,경상,2024.xlsx
PM-2024-02964,2024-06,2024,6,노원구,야간,경상사고,차대차 - 기타,차대차,기타,교차로운행방법위반,건조,맑음,교차로 - 교차로안,교차로,교차로안,0,0,1,0,1,1,0,N,Y,피해,화물,남,41-50세,상해없음,개인형이동수단(PM),남,21-30세,경상,2024.xlsx
PM-2024-02983,2024-06,2024,6,노원구,주간,중상사고,차대차 - 기타,차대차,기타,안전운전불이행,건조,맑음,기타 - 기타,기타,기타,0,1,0,0,1,1,1,Y,N,가해,개인형이동수단(PM),남,31-40세,상해없음,자전거,남,65세 이상,중상,2024.xlsx
PM-2024-02961,2024-06,2024,6,도봉구,주간,경상사고,차대차 - 추돌,차대차,추돌,안전운전불이행,건조,맑음,단일로 - 기타,단일로,기타,0,0,1,0,1,1,0,N,N,기타,화물,남,51-60세,상해없음,특수,남,41-50세,경상,2024.xlsx
PM-2024-02956,2024-06,2024,6,동대문구,주간,중상사고,차대차 - 충돌,차대차,충돌,신호위반,건조,맑음,교차로 - 교차로횡단보도내,교차로,교차로횡단보도내,0,1,0,0,1,1,1,N,Y,피해,승용,남,41-50세,상해없음,개인형이동수단(PM),남,51-60세,중상,2024.xlsx
PM-2024-02962,2024-06,2024,6,동대문구,주간,경상사고,차대차 - 충돌,차대차,충돌,기타,건조,맑음,교차로 - 교차로횡단보도내,교차로,교차로횡단보도내,0,0,1,0,1,1,0,Y,N,가해,개인형이동수단(PM),남,21-30세,경상,이륜,남,51-60세,상해없음,2024.xlsx
PM-2024-02978,2024-06,2024,6,동대문구,야간,경상사고,차대차 - 충돌,차대차,충돌,안전운전불이행,건조,맑음,단일로 - 기타,단일로,기타,0,0,1,0,1,1,0,Y,N,가해,개인형이동수단(PM),남,51-60세,상해없음,승용,남,21-30세,경상,2024.xlsx
PM-2024-02935,2024-06,2024,6,동작구,야간,부상신고사고,차대차 - 충돌,차대차,충돌,교차로운행방법위반,건조,맑음,교차로 - 교차로안,교차로,교차로안,0,0,0,3,3,3,0,N,Y,피해,이륜,남,31-40세,부상신고,개인형이동수단(PM),여,13-20세,부상신고,2024.xlsx
PM-2024-02941,2024-06,2024,6,마포구,주간,경상사고,차대차 - 기타,차대차,기타,안전운전불이행,건조,맑음,기타 - 기타,기타,기타,0,0,1,0,1,1,0,N,N,기타,승용,남,61-64세,상해없음,사륜오토바이(ATV),남,41-50세,경상,2024.xlsx
PM-2024-02955,2024-06,2024,6,마포구,야간,경상사고,차대사람 - 횡단중,차대사람,횡단중,안전운전불이행,건조,맑음,단일로 - 기타,단일로,기타,0,0,1,0,1,1,0,Y,N,가해,개인형이동수단(PM),남,21-30세,상해없음,보행자,여,13-20세,경상,2024.xlsx
PM-2024-02972,2024-06,2024,6,마포구,주간,경상사고,차대차 - 충돌,차대차,충돌,안전운전불이행,건조,맑음,교차로 - 교차로안,교차로,교차로안,0,0,1,0,1,1,0,N,N,기타,화물,남,51-60세,상해없음,특수,남,21-30세,경상,2024.xlsx
PM-2024-02985,2024-06,2024,6,마포구,야간,부상신고사고,차대사람 - 보도통행중,차대사람,보도통행중,기타,건조,맑음,기타 - 기타,기타,기타,0,0,0,1,1,1,0,Y,N,가해,개인형이동수단(PM),남,20세 이하,상해없음,보행자,남,21-30세,부상신고,2024.xlsx
PM-2024-02973,2024-06,2024,6,서초구,야간,경상사고,차대차 - 기타,차대차,기타,안전운전불이행,건조,맑음,교차로 - 교차로부근,교차로,교차로부근,0,0,1,0,1,1,0,Y,N,가해,개인형이동수단(PM),여,20세 이하,경상,이륜,남,41-50세,상해없음,2024.xlsx
PM-2024-02967,2024-06,2024,6,성북구,야간,중상사고,차대차 - 충돌,차대차,충돌,신호위반,건조,맑음,교차로 - 교차로부근,교차로,교차로부근,0,1,0,0,1,1,1,N,Y,피해,승용,남,21-30세,상해없음,개인형이동수단(PM),여,21-30세,중상,2024.xlsx
PM-2024-02918,2024-06,2024,6,송파구,주간,경상사고,차대차 - 기타,차대차,기타,신호위반,건조,맑음,교차로 - 교차로횡단보도내,교차로,교차로횡단보도내,0,0,1,0,1,1,0,N,Y,피해,승용,남,31-40세,상해없음,개인형이동수단(PM),남,41-50세,경상,2024.xlsx
PM-2024-02921,2024-06,2024,6,송파구,주간,경상사고,차대사람 - 보도통행중,차대사람,보도통행중,기타,건조,맑음,단일로 - 기타,단일로,기타,0,0,1,0,1,1,0,Y,N,가해,개인형이동수단(PM),남,20세 이하,상해없음,보행자,남,13-20세,경상,2024.xlsx
PM-2024-02933,2024-06,2024,6,송파구,주간,부상신고사고,차대차 - 기타,차대차,기타,안전운전불이행,건조,맑음,단일로 - 기타,단일로,기타,0,0,0,1,1,1,0,Y,N,가해,개인형이동수단(PM),남,31-40세,상해없음,이륜,남,41-50세,부상신고,2024.xlsx
PM-2024-02936,2024-06,2024,6,송파구,주간,중상사고,차대차 - 충돌,차대차,충돌,신호위반,건조,맑음,교차로 - 교차로부근,교차로,교차로부근,0,1,0,0,1,1,1,N,Y,피해,승용,여,41-50세,상해없음,개인형이동수단(PM),남,31-40세,중상,2024.xlsx
PM-2024-02937,2024-06,2024,6,송파구,주간,경상사고,차대사람 - 기타,차대사람,기타,안전운전불이행,건조,맑음,기타 - 기타,기타,기타,0,0,2,0,2,2,0,Y,N,가해,개인형이동수단(PM),여,20세 이하,상해없음,보행자,여,21-30세,경상,2024.xlsx
PM-2024-02943,2024-06,2024,6,송파구,야간,경상사고,차대차 - 충돌,차대차,충돌,안전운전불이행,건조,맑음,교차로 - 교차로부근,교차로,교차로부근,0,0,1,0,1,1,0,Y,N,가해,개인형이동수단(PM),남,20세 이하,경상,승용,여,41-50세,상해없음,2024.xlsx
PM-2024-02948,2024-06,2024,6,송파구,주간,경상사고,차대차 - 충돌,차대차,충돌,안전운전불이행,건조,맑음,교차로 - 교차로안,교차로,교차로안,0,0,1,0,1,1,0,N,Y,피해,자전거,남,20세 이하,경상,개인형이동수단(PM),남,13-20세,상해없음,2024.xlsx
PM-2024-02957,2024-06,2024,6,송파구,주간,중상사고,차대차 - 충돌,차대차,충돌,신호위반,건조,맑음,교차로 - 교차로횡단보도내,교차로,교차로횡단보도내,0,1,0,0,1,1,1,N,Y,피해,승용,여,61-64세,상해없음,개인형이동수단(PM),여,21-30세,중상,2024.xlsx
PM-2024-02971,2024-06,2024,6,송파구,야간,중상사고,차대사람 - 보도통행중,차대사람,보도통행중,기타,건조,맑음,단일로 - 기타,단일로,기타,0,1,0,0,1,1,1,Y,N,가해,개인형이동수단(PM),여,20세 이하,상해없음,보행자,여,41-50세,중상,2024.xlsx
PM-2024-02976,2024-06,2024,6,송파구,주간,경상사고,차대차 - 충돌,차대차,충돌,신호위반,건조,맑음,교차로 - 교차로횡단보도내,교차로,교차로횡단보도내,0,0,1,0,1,1,0,N,Y,피해,승용,여,41-50세,상해없음,개인형이동수단(PM),여,41-50세,경상,2024.xlsx
PM-2024-02977,2024-06,2024,6,송파구,주간,부상신고사고,차대차 - 충돌,차대차,충돌,신호위반,건조,맑음,교차로 - 교차로안,교차로,교차로안,0,0,0,1,1,1,0,Y,N,가해,개인형이동수단(PM),여,65세 이상,부상신고,승용,남,65세 이상,상해없음,2024.xlsx
PM-2024-02986,2024-06,2024,6,송파구,야간,부상신고사고,차대차 - 기타,차대차,기타,안전운전불이행,건조,맑음,단일로 - 기타,단일로,기타,0,0,0,1,1,1,0,Y,N,가해,개인형이동수단(PM),남,21-30세,부상신고,승용,남,41-50세,상해없음,2024.xlsx
PM-2024-02920,2024-06,2024,6,양천구,주간,경상사고,차대차 - 충돌,차대차,충돌,안전운전불이행,건조,맑음,단일로 - 기타,단일로,기타,0,0,1,0,1,1,0,N,N,기타,화물,남,31-40세,상해없음,특수,남,51-60세,경상,2024.xlsx
PM-2024-02942,2024-06,2024,6,양천구,주간,부상신고사고,차대차 - 충돌,차대차,충돌,신호위반,건조,맑음,교차로 - 교차로횡단보도내,교차로,교차로횡단보도내,0,0,0,1,1,1,0,N,Y,피해,승용,남,41-50세,상해없음,개인형이동수단(PM),여,13-20세,부상신고,2024.xlsx
PM-2024-02960,2024-06,2024,6,양천구,야간,부상신고사고,차대차 - 충돌,차대차,충돌,중앙선침범,건조,맑음,단일로 - 기타,단일로,기타,0,0,0,1,1,1,0,Y,N,가해,개인형이동수단(PM),남,21-30세,부상신고,승용,남,65세 이상,상해없음,2024.xlsx