사고ID,연월,연도,월,자치구,주야,사고내용,사고유형,사고유형_대분류,사고유형_소분류,법규위반,노면상태,기상상태,도로형태,도로형태_대분류,도로형태_소분류,사망자수,중상자수,경상자수,부상신고자수,총부상자수,총사상자수,중상이상자수,PM_가해여부,PM_피해여부,PM_역할,가해운전자_차종,가해운전자_성별,가해운전자_연령대,가해운전자_상해정도,피해운전자_차종,피해운전자_성별,피해운전자_연령대,피해운전자_상해정도,원본파일
PM-2024-02965,2024-06,2024,6,양천구,야간,경상사고,차대사람 - 보도통행중,차대사람,보도통행중,안전운전불이행,건조,맑음,단일로 - 기타,단일로,기타,0,0,1,0,1,1,0,Y,N,가해,개인형이동수단(PM),여,51-60세,기타불명,보행자,여,61-64세,경상,2024.xlsx
PM-2024-02929,2024-06,2024,6,영등포구,야간,부상신고사고,차대차 - 충돌,차대차,충돌,안전운전불이행,건조,맑음,단일로 - 기타,단일로,기타,0,0,0,2,2,2,0,Y,N,가해,개인형이동수단(PM),여,31-40세,부상신고,승용,남,51-60세,상해없음,2024.xlsx
PM-2024-02963,2024-06,2024,6,영등포구,주간,부상신고사고,차대차 - 기타,차대차,기타,안전운전불이행,건조,맑음,기타 - 기타,기타,기타,0,0,0,1,1,1,0,Y,N,가해,개인형이동수단(PM),남,31-40세,상해없음,자전거,여,51-60세,부상신고,2024.xlsx
PM-2024-02946,2024-06,2024,6,은평구,야간,경상사고,차대차 - 충돌,차대차,충돌,기타,건조,맑음,교차로 - 교차로안,교차로,교차로안,0,0,1,0,1,1,0,N,Y,피해,승용,남,65세 이상,상해없음,개인형이동수단(PM),남,13-20세,경상,2024.xlsx
PM-2024-02953,2024-06,2024,6,은평구,주간,중상사고,차대사람 - 차도통행중,차대사람,차도통행중,안전운전불이행,건조,맑음,단일로 - 지하차도(도로)내,단일로,지하차도(도로)내,0,1,0,0,1,1,1,Y,N,가해,개인형이동수단(PM),여,20세 이하,상해없음,보행자,여,65세 이상,중상,2024.xlsx
PM-2024-02981,2024-06,2024,6,은평구,야간,중상사고,차대차 - 충돌,차대차,충돌,안전운전불이행,건조,기타,교차로 - 교차로부근,교차로,교차로부근,0,1,0,0,1,1,1,Y,Y,가해+피해,개인형이동수단(PM),남,20세 이하,상해없음,개인형이동수단(PM),여,21-30세,중상,2024.xlsx
PM-2024-02982,2024-06,2024,6,은평구,야간,경상사고,차대차 - 추돌,차대차,추돌,안전운전불이행,건조,맑음,단일로 - 기타,단일로,기타,0,0,1,0,1,1,0,N,Y,피해,승용,남,61-64세,상해없음,개인형이동수단(PM),남,41-50세,경상,2024.xlsx
PM-2024-02968,2024-06,2024,6,종로구,주간,부상신고사고,차대차 - 충돌,차대차,충돌,신호위반,건조,맑음,교차로 - 교차로안,교차로,교차로안,0,0,0,1,1,1,0,Y,N,가해,개인형이동수단(PM),남,21-30세,부상신고,승용,남,41-50세,상해없음,2024.xlsx
PM-2024-02975,2024-06,2024,6,종로구,주간,경상사고,차대차 - 충돌,차대차,충돌,안전운전불이행,건조,맑음,단일로 - 기타,단일로,기타,0,0,1,0,1,1,0,N,N,기타,승용,남,51-60세,상해없음,특수,남,31-40세,경상,2024.xlsx
PM-2024-02917,2024-06,2024,6,중구,야간,부상신고사고,차량단독 - 기타,차량단독,기타,기타,건조,맑음,기타 - 기타,기타,기타,0,0,0,1,1,1,0,Y,N,가해,개인형이동수단(PM),남,21-30세,부상신고,,,,,2024.xlsx
PM-2024-02996,2024-07,2024,7,강남구,주간,경상사고,차대사람 - 기타,차대사람,기타,안전운전불이행,건조,맑음,단일로 - 기타,단일로,기타,0,0,1,0,1,1,0,Y,N,가해,개인형이동수단(PM),여,20세 이하,상해없음,보행자,남,65세 이상,경상,2024.xlsx
PM-2024-02997,2024-07,2024,7,강남구,주간,경상사고,차대차 - 기타,차대차,기타,안전운전불이행,건조,맑음,단일로 - 기타,단일로,기타,0,0,1,0,1,1,0,Y,N,가해,개인형이동수단(PM),여,20세 이하,상해없음,이륜,남,65세 이상,경상,2024.xlsx
PM-2024-03003,2024-07,2024,7,강남구,야간,경상사고,차대차 - 충돌,차대차,충돌,안전운전불이행,젖음/습기,비,교차로 - 교차로안,교차로,교차로안,0,0,1,0,1,1,0,N,Y,피해,승용,남,31-40세,상해없음,개인형이동수단(PM),남,12세 이하,상해없음,2024.xlsx
PM-2024-03007,2024-07,2024,7,강남구,야간,경상사고,차대차 - 기타,차대차,기타,신호위반,젖음/습기,비,교차로 - 교차로횡단보도내,교차로,교차로횡단보도내,0,0,1,0,1,1,0,N,Y,피해,승용,여,51-60세,기타불명,개인형이동수단(PM),남,31-40세,경상,2024.xlsx
PM-2024-03012,2024-07,2024,7,강남구,주간,경상사고,차대사람 - 보도통행중,차대사람,보도통행중,안전운전불이행,건조,맑음,기타 - 기타,기타,기타,0,0,1,0,1,1,0,Y,N,가해,개인형이동수단(PM),남,20세 이하,상해없음,보행자,남,31-40세,경상,2024.xlsx
PM-2024-03014,2024-07,2024,7,강남구,주간,경상사고,차대사람 - 기타,차대사람,기타,안전운전불이행,젖음/습기,비,기타 - 기타,기타,기타,0,0,1,0,1,1,0,Y,N,가해,개인형이동수단(PM),남,20세 이하,상해없음,보행자,남,41-50세,경상,2024.xlsx
PM-2024-03015,2024-07,2024,7,강남구,야간,경상사고,차대사람 - 보도통행중,차대사람,보도통행중,안전운전불이행,건조,맑음,기타 - 기타,기타,기타,0,0,1,0,1,1,0,Y,N,가해,개인형이동수단(PM),여,21-30세,상해없음,보행자,여,61-64세,경상,2024.xlsx
PM-2024-03017,2024-07,2024,7,강남구,야간,부상신고사고,차대차 - 충돌,차대차,충돌,안전운전불이행,건조,맑음,교차로 - 교차로안,교차로,교차로안,0,0,0,1,1,1,0,Y,N,가해,개인형이동수단(PM),여,21-30세,상해없음,이륜,남,31-40세,부상신고,2024.xlsx
PM-2024-03025,2024-07,2024,7,강남구,야간,경상사고,차대차 - 기타,차대차,기타,안전운전불이행,건조,맑음,단일로 - 기타,단일로,기타,0,0,1,0,1,1,0,Y,N,가해,개인형이동수단(PM),남,20세 이하,상해없음,이륜,남,51-60세,경상,2024.xlsx
PM-2024-03028,2024-07,2024,7,강남구,주간,경상사고,차대사람 - 보도통행중,차대사람,보도통행중,안전운전불이행,젖음/습기,비,기타 - 기타,기타,기타,0,0,1,0,1,1,0,Y,N,가해,개인형이동수단(PM),여,21-30세,상해없음,보행자,여,13-20세,경상,2024.xlsx
PM-2024-03030,2024-07,2024,7,강남구,야간,경상사고,차대사람 - 차도통행중,차대사람,차도통행중,기타,젖음/습기,맑음,기타 - 기타,기타,기타,0,0,1,0,1,1,0,Y,N,가해,개인형이동수단(PM),남,21-30세,상해없음,보행자,여,31-40세,경상,2024.xlsx
PM-2024-03033,2024-07,2024,7,강남구,주간,경상사고,차대차 - 충돌,차대차,충돌,안전운전불이행,건조,맑음,교차로 - 교차로안,교차로,교차로안,0,0,1,0,1,1,0,Y,N,가해,개인형이동수단(PM),남,21-30세,경상,승합,여,41-50세,상해없음,2024.xlsx
PM-2024-03008,2024-07,2024,7,강동구,야간,경상사고,차대차 - 충돌,차대차,충돌,기타,건조,흐림,기타 - 기타,기타,기타,0,0,1,0,1,1,0,N,Y,피해,승용,남,65세 이상,상해없음,개인형이동수단(PM),남,21-30세,경상,2024.xlsx
PM-2024-03024,2024-07,2024,7,강동구,야간,경상사고,차대사람 - 보도통행중,차대사람,보도통행중,보행자보호의무위반,건조,맑음,기타 - 기타,기타,기타,0,0,2,0,2,2,0,Y,N,가해,개인형이동수단(PM),남,31-40세,상해없음,보행자,여,61-64세,경상,2024.xlsx
PM-2024-03032,2024-07,2024,7,강북구,야간,중상사고,차대차 - 충돌,차대차,충돌,안전운전불이행,젖음/습기,비,교차로 - 교차로부근,교차로,교차로부근,0,1,1,0,2,2,1,Y,N,가해,개인형이동수단(PM),남,41-50세,경상,자전거,남,51-60세,중상,2024.xlsx
PM-2024-03001,2024-07,2024,7,강서구,주간,경상사고,차대차 - 충돌,차대차,충돌,기타,젖음/습기,맑음,교차로 - 교차로횡단보도내,교차로,교차로횡단보도내,0,0,2,0,2,2,0,Y,N,가해,개인형이동수단(PM),여,21-30세,경상,승용,남,65세 이상,상해없음,2024.xlsx
PM-2024-03038,2024-07,2024,7,강서구,주간,중상사고,차대차 - 충돌,차대차,충돌,안전운전불이행,건조,맑음,단일로 - 기타,단일로,기타,0,1,0,0,1,1,1,N,Y,피해,승용,여,41-50세,상해없음,개인형이동수단(PM),남,65세 이상,중상,2024.xlsx
PM-2024-03040,2024-07,2024,7,강서구,야간,경상사고,차대차 - 기타,차대차,기타,안전운전불이행,젖음/습기,비,교차로 - 교차로안,교차로,교차로안,0,0,1,0,1,1,0,N,Y,피해,승용,남,65세 이상,상해없음,개인형이동수단(PM),남,31-40세,경상,2024.xlsx
PM-2024-03048,2024-07,2024,7,강서구,야간,중상사고,차대사람 - 기타,차대사람,기타,기타,건조,맑음,단일로 - 기타,단일로,기타,0,1,0,0,1,1,1,Y,N,가해,개인형이동수단(PM),여,51-60세,상해없음,보행자,남,51-60세,중상,2024.xlsx
PM-2024-02998,2024-07,2024,7,관악구,야간,경상사고,차대차 - 충돌,차대차,충돌,안전운전불이행,건조,맑음,기타 - 기타,기타,기타,0,0,1,0,1,1,0,N,Y,피해,자전거,여,21-30세,기타불명,개인형이동수단(PM),남,31-40세,경상,2024.xlsx
PM-2024-02999,2024-07,2024,7,관악구,주간,중상사고,차대차 - 기타,차대차,기타,신호위반,건조,맑음,기타 - 기타,기타,기타,0,1,0,0,1,1,1,N,Y,피해,승용,남,41-50세,기타불명,개인형이동수단(PM),여,41-50세,중상,2024.xlsx
PM-2024-03042,2024-07,2024,7,광진구,주간,경상사고,차대차 - 기타,차대차,기타,신호위반,건조,맑음,교차로 - 교차로횡단보도내,교차로,교차로횡단보도내,0,0,1,0,1,1,0,N,Y,피해,승용,남,41-50세,상해없음,개인형이동수단(PM),남,21-30세,경상,2024.xlsx
PM-2024-03045,2024-07,2024,7,광진구,주간,중상사고,차대차 - 충돌,차대차,충돌,기타,건조,맑음,교차로 - 교차로안,교차로,교차로안,0,1,0,0,1,1,1,Y,N,가해,개인형이동수단(PM),여,31-40세,상해없음,자전거,여,41-50세,중상,2024.xlsx
PM-2024-02994,2024-07,2024,7,구로구,주간,경상사고,차대사람 - 보도통행중,차대사람,보도통행중,기타,건조,맑음,교차로 - 교차로부근,교차로,교차로부근,0,0,1,0,1,1,0,Y,N,가해,개인형이동수단(PM),남,41-50세,상해없음,보행자,남,65세 이상,경상,2024.xlsx
PM-2024-03013,2024-07,2024,7,금천구,주간,경상사고,차대사람 - 횡단중,차대사람,횡단중,신호위반,건조,맑음,교차로 - 교차로횡단보도내,교차로,교차로횡단보도내,0,0,1,0,1,1,0,Y,N,가해,개인형이동수단(PM),남,21-30세,기타불명,보행자,여,21-30세,경상,2024.xlsx
PM-2024-03037,2024-07,2024,7,금천구,야간,경상사고,차대차 - 기타,차대차,기타,안전운전불이행,건조,맑음,기타 - 기타,기타,기타,0,0,1,0,1,1,0,N,Y,피해,승용,여,51-60세,상해없음,개인형이동수단(PM),남,21-30세,경상,2024.xlsx
PM-2024-02995,2024-07,2024,7,노원구,주간,경상사고,차대사람 - 차도통행중,차대사람,차도통행중,기타,건조,맑음,기타 - 기타,기타,기타,0,0,1,0,1,1,0,Y,N,가해,개인형이동수단(PM),여,20세 이하,상해없음,보행자,남,13-20세,경상,2024.xlsx
PM-2024-03031,2024-07,2024,7,노원구,야간,경상사고,차량단독 - 기타,차량단독,기타,안전운전불이행,건조,맑음,기타 - 기타,기타,기타,0,0,1,0,1,1,0,Y,N,가해,개인형이동수단(PM),남,51-60세,경상,,,,,2024.xlsx
PM-2024-03002,2024-07,2024,7,동대문구,야간,경상사고,차대차 - 기타,차대차,기타,안전운전불이행,젖음/습기,흐림,단일로 - 기타,단일로,기타,0,0,1,0,1,1,0,N,Y,피해,원동기,남,65세 이상,상해없음,개인형이동수단(PM),남,51-60세,경상,2024.xlsx
PM-2024-03009,2024-07,2024,7,동대문구,주간,경상사고,차대사람 - 기타,차대사람,기타,안전운전불이행,건조,맑음,기타 - 기타,기타,기타,0,0,1,1,2,2,0,Y,N,가해,개인형이동수단(PM),여,61-64세,부상신고,보행자,여,12세 이하,경상,2024.xlsx
PM-2024-02991,2024-07,2024,7,동작구,주간,중상사고,차대사람 - 차도통행중,차대사람,차도통행중,안전운전불이행,건조,맑음,단일로 - 기타,단일로,기타,0,1,1,0,2,2,1,Y,N,가해,개인형이동수단(PM),남,20세 이하,중상,보행자,여,21-30세,경상,2024.xlsx
PM-2024-03019,2024-07,2024,7,동작구,야간,경상사고,차대차 - 충돌,차대차,충돌,안전운전불이행,건조,맑음,교차로 - 교차로횡단보도내,교차로,교차로횡단보도내,0,0,1,0,1,1,0,Y,N,가해,개인형이동수단(PM),남,21-30세,기타불명,이륜,남,21-30세,경상,2024.xlsx
PM-2024-03011,2024-07,2024,7,마포구,야간,부상신고사고,차대차 - 기타,차대차,기타,안전운전불이행,건조,맑음,교차로 - 교차로횡단보도내,교차로,교차로횡단보도내,0,0,0,1,1,1,0,N,Y,피해,승용,여,41-50세,상해없음,개인형이동수단(PM),남,13-20세,부상신고,2024.xlsx
PM-2024-03020,2024-07,2024,7,마포구,주간,경상사고,차대차 - 기타,차대차,기타,안전운전불이행,건조,맑음,기타 - 기타,기타,기타,0,0,1,0,1,1,0,Y,N,가해,개인형이동수단(PM),남,21-30세,상해없음,이륜,남,21-30세,경상,2024.xlsx
PM-2024-03044,2024-07,2024,7,마포구,주간,중상사고,차대사람 - 보도통행중,차대사람,보도통행중,기타,건조,맑음,단일로 - 기타,단일로,기타,0,1,0,0,1,1,1,Y,N,가해,개인형이동수단(PM),남,21-30세,상해없음,보행자,남,21-30세,중상,2024.xlsx
PM-2024-03006,2024-07,2024,7,서대문구,야간,경상사고,차대차 - 충돌,차대차,충돌,기타,건조,흐림,단일로 - 기타,단일로,기타,0,0,1,1,2,2,0,Y,N,가해,개인형이동수단(PM),남,20세 이하,부상신고,승용,남,51-60세,상해없음,2024.xlsx
PM-2024-02992,2024-07,2024,7,서초구,주간,경상사고,차대차 - 충돌,차대차,충돌,안전운전불이행,건조,맑음,교차로 - 교차로안,교차로,교차로안,0,0,1,0,1,1,0,N,Y,피해,승용,남,65세 이상,상해없음,개인형이동수단(PM),여,13-20세,경상,2024.xlsx
PM-2024-02993,2024-07,2024,7,서초구,주간,중상사고,차대차 - 기타,차대차,기타,안전운전불이행,건조,맑음,단일로 - 기타,단일로,기타,0,1,1,0,2,2,1,N,N,기타,승용,남,41-50세,상해없음,특수,기타불명,기타불명,기타불명,2024.xlsx
PM-2024-03004,2024-07,2024,7,서초구,야간,경상사고,차대차 - 충돌,차대차,충돌,안전운전불이행,젖음/습기,비,단일로 - 기타,단일로,기타,0,0,1,0,1,1,0,N,Y,피해,승용,남,51-60세,상해없음,개인형이동수단(PM),남,41-50세,경상,2024.xlsx
PM-2024-03005,2024-07,2024,7,서초구,야간,중상사고,차대사람 - 보도통행중,차대사람,보도통행중,기타,건조,맑음,단일로 - 기타,단일로,기타,0,1,0,0,1,1,1,Y,N,가해,개인형이동수단(PM),여,20세 이하,상해없음,보행자,여,31-40세,중상,2024.xlsx
PM-2024-03022,2024-07,2024,7,서초구,주간,경상사고,차대차 - 기타,차대차,기타,안전운전불이행,건조,맑음,기타 - 기타,기타,기타,0,0,1,0,1,1,0,N,Y,피해,승용,여,51-60세,상해없음,개인형이동수단(PM),남,13-20세,경상,2024.xlsx
PM-2024-03036,2024-07,2024,7,서초구,야간,경상사고,차대차 - 기타,차대차,기타,기타,건조,맑음,교차로 - 교차로부근,교차로,교차로부근,0,0,1,0,1,1,0,Y,N,가해,개인형이동수단(PM),남,41-50세,경상,승용,남,41-50세,상해없음,2024.xlsx
PM-2024-03041,2024-07,2024,7,서초구,야간,중상사고,차대사람 - 기타,차대사람,기타,보행자보호의무위반,젖음/습기,비,단일로 - 기타,단일로,기타,0,1,0,0,1,1,1,Y,N,가해,개인형이동수단(PM),남,21-30세,상해없음,보행자,여,41-50세,중상,2024.xlsx
PM-2024-03047,2024-07,2024,7,서초구,야간,경상사고,차대사람 - 기타,차대사람,기타,안전운전불이행,건조,맑음,단일로 - 기타,단일로,기타,0,0,1,0,1,1,0,Y,N,가해,개인형이동수단(PM),남,20세 이하,상해없음,보행자,남,31-40세,경상,2024.xlsx
PM-2024-03035,2024-07,2024,7,성동구,주간,경상사고,차대차 - 기타,차대차,기타,안전거리미확보,건조,맑음,교차로 - 교차로부근,교차로,교차로부근,0,0,1,0,1,1,0,N,N,기타,승용,남,51-60세,상해없음,특수,남,31-40세,경상,2024.xlsx
PM-2024-03043,2024-07,2024,7,성북구,야간,경상사고,차대차 - 충돌,차대차,충돌,신호위반,건조,맑음,기타 - 기타,기타,기타,0,0,1,0,1,1,0,Y,N,가해,개인형이동수단(PM),남,51-60세,상해없음,원동기,남,31-40세,경상,2024.xlsx
PM-2024-03000,2024-07,2024,7,송파구,주간,중상사고,차대차 - 기타,차대차,기타,안전운전불이행,건조,맑음,단일로 - 기타,단일로,기타,0,1,0,0,1,1,1,N,Y,피해,승용,남,65세 이상,상해없음,개인형이동수단(PM),여,13-20세,중상,2024.xlsx
PM-2024-03021,2024-07,2024,7,송파구,주간,경상사고,차대차 - 충돌,차대차,충돌,안전운전불이행,건조,맑음,단일로 - 교량,단일로,교량,0,0,1,0,1,1,0,N,Y,피해,기타불명,남,21-30세,상해없음,개인형이동수단(PM),남,21-30세,경상,2024.xlsx
PM-2024-03026,2024-07,2024,7,송파구,야간,부상신고사고,차량단독 - 기타,차량단독,기타,안전운전불이행,건조,맑음,단일로 - 기타,단일로,기타,0,0,0,1,1,1,0,Y,N,가해,개인형이동수단(PM),남,31-40세,부상신고,,,,,2024.xlsx
PM-2024-03027,2024-07,2024,7,송파구,야간,경상사고,차대차 - 충돌,차대차,충돌,신호위반,건조,맑음,교차로 - 교차로횡단보도내,교차로,교차로횡단보도내,0,0,1,0,1,1,0,N,Y,피해,원동기,남,31-40세,상해없음,개인형이동수단(PM),남,31-40세,경상,2024.xlsx
PM-2024-03010,2024-07,2024,7,양천구,주간,경상사고,차대사람 - 횡단중,차대사람,횡단중,신호위반,건조,맑음,교차로 - 교차로안,교차로,교차로안,0,0,1,0,1,1,0,Y,N,가해,개인형이동수단(PM),여,31-40세,상해없음,보행자,남,12세 이하,경상,2024.xlsx
PM-2024-03016,2024-07,2024,7,양천구,야간,중상사고,차량단독 - 기타,차량단독,기타,안전운전불이행,건조,맑음,단일로 - 기타,단일로,기타,0,1,1,0,2,2,1,Y,N,가해,개인형이동수단(PM),남,20세 이하,경상,,,,,2024.xlsx
PM-2024-03029,2024-07,2024,7,양천구,주간,중상사고,차대사람 - 기타,차대사람,기타,안전운전불이행,젖음/습기,비,단일로 - 기타,단일로,기타,0,1,0,0,1,1,1,Y,N,가해,개인형이동수단(PM),남,21-30세,상해없음,보행자,여,65세 이상,중상,2024.xlsx
PM-2024-03046,2024-07,2024,7,영등포구,주간,경상사고,차대차 - 기타,차대차,기타,안전운전불이행,건조,맑음,단일로 - 기타,단일로,기타,0,0,1,0,1,1,0,Y,N,가해,개인형이동수단(PM),남,61-64세,경상,승용,남,31-40세,상해없음,2024.xlsx
PM-2024-03018,2024-07,2024,7,용산구,야간,경상사고,차대사람 - 보도통행중,차대사람,보도통행중,기타,건조,맑음,기타 - 기타,기타,기타,0,0,1,0,1,1,0,Y,N,가해,개인형이동수단(PM),남,31-40세,상해없음,보행자,남,41-50세,경상,2024.xlsx
PM-2024-03023,2024-07,2024,7,용산구,야간,중상사고,차대차 - 기타,차대차,기타,안전운전불이행,건조,기타,단일로 - 교량,단일로,교량,0,1,0,0,1,1,1,Y,N,가해,개인형이동수단(PM),남,21-30세,중상,자전거,남,13-20세,상해없음,2024.xlsx
PM-2024-03034,2024-07,2024,7,종로구,주간,부상신고사고,차대사람 - 기타,차대사람,기타,안전운전불이행,젖음/습기,비,단일로 - 기타,단일로,기타,0,0,0,1,1,1,0,Y,N,가해,개인형이동수단(PM),남,65세 이상,상해없음,보행자,여,41-50세,부상신고,2024.xlsx
PM-2024-03039,2024-07,2024,7,중랑구,주간,부상신고사고,차대사람 - 기타,차대사람,기타,기타,건조,맑음,단일로 - 기타,단일로,기타,0,0,0,1,1,1,0,Y,N,가해,개인형이동수단(PM),여,51-60세,상해없음,보행자,남,12세 이하,부상신고,2024.xlsx
PM-2024-03049,2024-08,2024,8,강남구,주간,중상사고,차대차 - 기타,차대차,기타,신호위반,건조,맑음,교차로 - 교차로횡단보도내,교차로,교차로횡단보도내,0,1,0,0,1,1,1,N,Y,피해,화물,남,41-50세,상해없음,개인형이동수단(PM),남,41-50세,중상,2024.xlsx
PM-2024-03050,2024-08,2024,8,강남구,주간,경상사고,차대차 - 기타,차대차,기타,안전운전불이행,건조,맑음,단일로 - 기타,단일로,기타,0,0,1,0,1,1,0,Y,N,가해,개인형이동수단(PM),남,31-40세,상해없음,자전거,여,61-64세,경상,2024.xlsx
PM-2024-03052,2024-08,2024,8,강남구,주간,중상사고,차대사람 - 기타,차대사람,기타,기타,건조,맑음,단일로 - 기타,단일로,기타,0,1,0,0,1,1,1,Y,N,가해,개인형이동수단(PM),남,20세 이하,상해없음,보행자,남,21-30세,중상,2024.xlsx
PM-2024-03058,2024-08,2024,8,강남구,야간,중상사고,차대사람 - 기타,차대사람,기타,안전운전불이행,건조,맑음,단일로 - 기타,단일로,기타,0,1,0,0,1,1,1,Y,N,가해,개인형이동수단(PM),여,20세 이하,상해없음,보행자,남,31-40세,중상,2024.xlsx
PM-2024-03065,2024-08,2024,8,강남구,야간,경상사고,차대차 - 기타,차대차,기타,안전운전불이행,건조,맑음,교차로 - 교차로부근,교차로,교차로부근,0,0,2,0,2,2,0,N,Y,피해,승용,여,41-50세,경상,개인형이동수단(PM),남,41-50세,기타불명,2024.xlsx
PM-2024-03069,2024-08,2024,8,강남구,주간,부상신고사고,차량단독 - 기타,차량단독,기타,안전운전불이행,건조,맑음,단일로 - 기타,단일로,기타,0,0,0,1,1,1,0,Y,N,가해,개인형이동수단(PM),남,21-30세,부상신고,,,,,2024.xlsx
PM-2024-03076,2024-08,2024,8,강남구,주간,부상신고사고,차대사람 - 기타,차대사람,기타,중앙선침범,건조,맑음,단일로 - 기타,단일로,기타,0,0,0,1,1,1,0,Y,N,가해,개인형이동수단(PM),여,21-30세,상해없음,보행자,남,21-30세,부상신고,2024.xlsx
PM-2024-03077,2024-08,2024,8,강남구,주간,경상사고,차대차 - 충돌,차대차,충돌,안전운전불이행,건조,맑음,기타 - 기타,기타,기타,0,0,1,0,1,1,0,Y,N,가해,개인형이동수단(PM),남,51-60세,경상,승용,남,51-60세,상해없음,2024.xlsx
PM-2024-03078,2024-08,2024,8,강남구,주간,경상사고,차대차 - 기타,차대차,기타,안전운전불이행,건조,맑음,교차로 - 교차로안,교차로,교차로안,0,0,2,0,2,2,0,Y,N,가해,개인형이동수단(PM),남,21-30세,경상,이륜,남,51-60세,경상,2024.xlsx
PM-2024-03079,2024-08,2024,8,강남구,야간,중상사고,차대차 - 기타,차대차,기타,안전운전불이행,건조,맑음,교차로 - 교차로부근,교차로,교차로부근,0,1,0,0,1,1,1,Y,N,가해,개인형이동수단(PM),여,31-40세,중상,승용,남,51-60세,상해없음,2024.xlsx
PM-2024-03081,2024-08,2024,8,강남구,주간,경상사고,차대차 - 충돌,차대차,충돌,안전운전불이행,건조,맑음,단일로 - 기타,단일로,기타,0,0,1,0,1,1,0,N,Y,피해,승용,남,51-60세,상해없음,개인형이동수단(PM),여,21-30세,경상,2024.xlsx
PM-2024-03082,2024-08,2024,8,강남구,주간,경상사고,차대차 - 기타,차대차,기타,안전운전불이행,건조,맑음,단일로 - 기타,단일로,기타,0,0,1,0,1,1,0,Y,N,가해,개인형이동수단(PM),남,21-30세,경상,승용,남,51-60세,상해없음,2024.xlsx
PM-2024-03083,2024-08,2024,8,강남구,야간,경상사고,차대사람 - 보도통행중,차대사람,보도통행중,안전운전불이행,건조,맑음,기타 - 기타,기타,기타,0,0,1,0,1,1,0,Y,N,가해,개인형이동수단(PM),여,20세 이하,상해없음,보행자,남,21-30세,경상,2024.xlsx
PM-2024-03086,2024-08,2024,8,강남구,야간,부상신고사고,차량단독 - 도로외이탈 - 기타,차량단독,도로외이탈,안전운전불이행,건조,맑음,기타 - 기타,기타,기타,0,0,0,1,1,1,0,Y,N,가해,개인형이동수단(PM),남,31-40세,부상신고,,,,,2024.xlsx
PM-2024-03087,2024-08,2024,8,강남구,주간,경상사고,차대사람 - 차도통행중,차대사람,차도통행중,안전운전불이행,건조,맑음,기타 - 기타,기타,기타,0,0,1,0,1,1,0,Y,N,가해,개인형이동수단(PM),남,20세 이하,기타불명,보행자,여,13-20세,경상,2024.xlsx
PM-2024-03088,2024-08,2024,8,강남구,야간,중상사고,차대차 - 기타,차대차,기타,중앙선침범,건조,맑음,단일로 - 기타,단일로,기타,0,1,0,0,1,1,1,Y,N,가해,개인형이동수단(PM),남,21-30세,상해없음,이륜,남,31-40세,중상,2024.xlsx
PM-2024-03094,2024-08,2024,8,강남구,주간,중상사고,차대차 - 기타,차대차,기타,신호위반,건조,맑음,기타 - 기타,기타,기타,0,1,0,0,1,1,1,N,Y,피해,승용,여,31-40세,상해없음,개인형이동수단(PM),여,31-40세,중상,2024.xlsx
PM-2024-03098,2024-08,2024,8,강남구,주간,경상사고,차대사람 - 기타,차대사람,기타,안전운전불이행,건조,맑음,단일로 - 기타,단일로,기타,0,0,1,0,1,1,0,Y,N,가해,개인형이동수단(PM),남,31-40세,상해없음,보행자,여,31-40세,경상,2024.xlsx
PM-2024-03111,2024-08,2024,8,강남구,야간,경상사고,차대사람 - 차도통행중,차대사람,차도통행중,안전운전불이행,건조,맑음,기타 - 기타,기타,기타,0,0,1,0,1,1,0,Y,N,가해,개인형이동수단(PM),여,31-40세,상해없음,보행자,남,12세 이하,경상,2024.xlsx
PM-2024-03112,2024-08,2024,8,강남구,야간,경상사고,차대사람 - 기타,차대사람,기타,안전운전불이행,건조,기타,기타 - 기타,기타,기타,0,0,1,0,1,1,0,Y,N,가해,개인형이동수단(PM),남,20세 이하,상해없음,보행자,여,12세 이하,경상,2024.xlsx
PM-2024-03115,2024-08,2024,8,강남구,주간,경상사고,차대사람 - 기타,차대사람,기타,안전운전불이행,건조,맑음,단일로 - 기타,단일로,기타,0,0,1,0,1,1,0,Y,N,가해,개인형이동수단(PM),여,31-40세,상해없음,보행자,여,31-40세,경상,2024.xlsx
PM-2024-03116,2024-08,2024,8,강남구,주간,경상사고,차대차 - 충돌,차대차,충돌,기타,건조,맑음,교차로 - 교차로안,교차로,교차로안,0,0,1,0,1,1,0,N,Y,피해,승용,남,31-40세,상해없음,개인형이동수단(PM),남,31-40세,경상,2024.xlsx
PM-2024-03123,2024-08,2024,8,강남구,주간,경상사고,차대차 - 추돌,차대차,추돌,안전운전불이행,건조,맑음,단일로 - 기타,단일로,기타,0,0,1,0,1,1,0,N,Y,피해,승용,여,31-40세,기타불명,개인형이동수단(PM),남,41-50세,경상,2024.xlsx
PM-2024-03124,2024-08,2024,8,강남구,야간,경상사고,차대차 - 기타,차대차,기타,안전운전불이행,건조,맑음,단일로 - 기타,단일로,기타,0,0,1,0,1,1,0,N,Y,피해,화물,남,51-60세,상해없음,개인형이동수단(PM),여,21-30세,상해없음,2024.xlsx