사고ID,연월,연도,월,자치구,주야,사고내용,사고유형,사고유형_대분류,사고유형_소분류,법규위반,노면상태,기상상태,도로형태,도로형태_대분류,도로형태_소분류,사망자수,중상자수,경상자수,부상신고자수,총부상자수,총사상자수,중상이상자수,PM_가해여부,PM_피해여부,PM_역할,가해운전자_차종,가해운전자_성별,가해운전자_연령대,가해운전자_상해정도,피해운전자_차종,피해운전자_성별,피해운전자_연령대,피해운전자_상해정도,원본파일
PM-2024-03262,2024-11,2024,11,강남구,주간,경상사고,차대차 - 기타,차대차,기타,신호위반,건조,맑음,교차로 - 교차로횡단보도내,교차로,교차로횡단보도내,0,0,1,0,1,1,0,N,Y,피해,승용,남,51-60세,상해없음,개인형이동수단(PM),남,21-30세,경상,2024.xlsx
PM-2024-03264,2024-11,2024,11,강남구,야간,경상사고,차대차 - 기타,차대차,기타,안전운전불이행,건조,맑음,단일로 - 기타,단일로,기타,0,0,1,0,1,1,0,N,Y,피해,이륜,남,31-40세,상해없음,개인형이동수단(PM),여,21-30세,경상,2024.xlsx
PM-2024-03269,2024-11,2024,11,강남구,주간,중상사고,차대차 - 충돌,차대차,충돌,안전운전불이행,건조,맑음,단일로 - 기타,단일로,기타,0,1,0,0,1,1,1,N,Y,피해,승용,여,31-40세,상해없음,개인형이동수단(PM),남,13-20세,중상,2024.xlsx
PM-2024-03270,2024-11,2024,11,강남구,주간,경상사고,차대차 - 기타,차대차,기타,안전운전불이행,건조,맑음,기타 - 기타,기타,기타,0,0,1,0,1,1,0,Y,N,가해,개인형이동수단(PM),남,31-40세,상해없음,자전거,남,31-40세,경상,2024.xlsx
PM-2024-03272,2024-11,2024,11,강남구,야간,경상사고,차대차 - 기타,차대차,기타,중앙선침범,건조,맑음,단일로 - 기타,단일로,기타,0,0,1,0,1,1,0,Y,N,가해,개인형이동수단(PM),남,21-30세,경상,승용,여,41-50세,상해없음,2024.xlsx
PM-2024-03273,2024-11,2024,11,강남구,주간,경상사고,차대사람 - 보도통행중,차대사람,보도통행중,안전운전불이행,건조,맑음,단일로 - 기타,단일로,기타,0,0,1,0,1,1,0,Y,N,가해,개인형이동수단(PM),남,20세 이하,기타불명,보행자,여,51-60세,경상,2024.xlsx
PM-2024-03281,2024-11,2024,11,강남구,주간,경상사고,차대사람 - 기타,차대사람,기타,안전운전불이행,건조,맑음,단일로 - 기타,단일로,기타,0,0,1,0,1,1,0,Y,N,가해,개인형이동수단(PM),남,21-30세,상해없음,보행자,여,31-40세,경상,2024.xlsx
PM-2024-03301,2024-11,2024,11,강남구,야간,경상사고,차대차 - 기타,차대차,기타,신호위반,젖음/습기,흐림,기타 - 기타,기타,기타,0,0,2,0,2,2,0,N,Y,피해,승용,남,31-40세,경상,개인형이동수단(PM),남,31-40세,경상,2024.xlsx
PM-2024-03307,2024-11,2024,11,강남구,주간,중상사고,차대사람 - 보도통행중,차대사람,보도통행중,안전운전불이행,건조,맑음,교차로 - 교차로부근,교차로,교차로부근,0,1,0,0,1,1,1,Y,N,가해,개인형이동수단(PM),남,20세 이하,기타불명,보행자,여,13-20세,중상,2024.xlsx
PM-2024-03289,2024-11,2024,11,강동구,야간,중상사고,차대차 - 충돌,차대차,충돌,신호위반,건조,맑음,교차로 - 교차로안,교차로,교차로안,0,1,0,0,1,1,1,Y,N,가해,개인형이동수단(PM),남,20세 이하,중상,승용,남,51-60세,상해없음,2024.xlsx
PM-2024-03279,2024-11,2024,11,강북구,주간,경상사고,차대사람 - 보도통행중,차대사람,보도통행중,안전운전불이행,건조,맑음,단일로 - 기타,단일로,기타,0,0,2,0,2,2,0,Y,N,가해,개인형이동수단(PM),남,31-40세,경상,보행자,여,51-60세,경상,2024.xlsx
PM-2024-03261,2024-11,2024,11,강서구,주간,경상사고,차대사람 - 횡단중,차대사람,횡단중,안전운전불이행,건조,맑음,단일로 - 기타,단일로,기타,0,0,2,0,2,2,0,Y,N,가해,개인형이동수단(PM),남,21-30세,상해없음,보행자,남,65세 이상,경상,2024.xlsx
PM-2024-03271,2024-11,2024,11,강서구,야간,경상사고,차대사람 - 기타,차대사람,기타,안전운전불이행,건조,맑음,단일로 - 기타,단일로,기타,0,0,1,0,1,1,0,Y,N,가해,개인형이동수단(PM),남,41-50세,상해없음,보행자,여,65세 이상,경상,2024.xlsx
PM-2024-03306,2024-11,2024,11,강서구,야간,부상신고사고,차대차 - 기타,차대차,기타,중앙선침범,건조,맑음,교차로 - 교차로안,교차로,교차로안,0,0,0,1,1,1,0,Y,N,가해,개인형이동수단(PM),남,41-50세,부상신고,승용,여,61-64세,상해없음,2024.xlsx
PM-2024-03256,2024-11,2024,11,관악구,주간,부상신고사고,차대차 - 기타,차대차,기타,안전운전불이행,건조,맑음,교차로 - 교차로안,교차로,교차로안,0,0,0,2,2,2,0,Y,N,가해,개인형이동수단(PM),남,20세 이하,부상신고,승용,남,51-60세,부상신고,2024.xlsx
PM-2024-03268,2024-11,2024,11,관악구,야간,경상사고,차대사람 - 기타,차대사람,기타,안전운전불이행,건조,맑음,교차로 - 교차로부근,교차로,교차로부근,0,0,1,0,1,1,0,Y,N,가해,개인형이동수단(PM),남,21-30세,상해없음,보행자,남,51-60세,경상,2024.xlsx
PM-2024-03288,2024-11,2024,11,관악구,야간,중상사고,차대차 - 충돌,차대차,충돌,안전운전불이행,건조,맑음,교차로 - 교차로부근,교차로,교차로부근,0,1,0,0,1,1,1,N,Y,피해,승용,남,65세 이상,상해없음,개인형이동수단(PM),여,21-30세,중상,2024.xlsx
PM-2024-03305,2024-11,2024,11,관악구,주간,경상사고,차대사람 - 기타,차대사람,기타,안전운전불이행,서리/결빙,맑음,단일로 - 기타,단일로,기타,0,0,1,0,1,1,0,Y,N,가해,개인형이동수단(PM),남,21-30세,상해없음,보행자,남,51-60세,경상,2024.xlsx
PM-2024-03287,2024-11,2024,11,광진구,주간,중상사고,차대차 - 기타,차대차,기타,신호위반,건조,맑음,교차로 - 교차로안,교차로,교차로안,0,1,0,0,1,1,1,Y,N,가해,개인형이동수단(PM),남,51-60세,기타불명,승용,남,41-50세,중상,2024.xlsx
PM-2024-03303,2024-11,2024,11,광진구,야간,중상사고,차대사람 - 기타,차대사람,기타,안전운전불이행,젖음/습기,눈,단일로 - 기타,단일로,기타,0,1,0,0,1,1,1,Y,N,가해,개인형이동수단(PM),여,51-60세,상해없음,보행자,여,31-40세,중상,2024.xlsx
PM-2024-03284,2024-11,2024,11,금천구,야간,경상사고,차대차 - 충돌,차대차,충돌,기타,건조,맑음,단일로 - 터널,단일로,터널,0,0,2,0,2,2,0,N,N,기타,승용,남,51-60세,상해없음,특수,남,21-30세,경상,2024.xlsx
PM-2024-03290,2024-11,2024,11,노원구,야간,경상사고,차대사람 - 기타,차대사람,기타,안전운전불이행,건조,맑음,기타 - 기타,기타,기타,0,0,1,0,1,1,0,Y,N,가해,개인형이동수단(PM),남,41-50세,상해없음,보행자,남,12세 이하,경상,2024.xlsx
PM-2024-03291,2024-11,2024,11,노원구,야간,경상사고,차대차 - 기타,차대차,기타,안전운전불이행,건조,맑음,교차로 - 교차로안,교차로,교차로안,0,0,1,0,1,1,0,N,Y,피해,승용,남,31-40세,상해없음,개인형이동수단(PM),남,21-30세,경상,2024.xlsx
PM-2024-03263,2024-11,2024,11,도봉구,야간,중상사고,차대사람 - 보도통행중,차대사람,보도통행중,보행자보호의무위반,기타,맑음,교차로 - 교차로횡단보도내,교차로,교차로횡단보도내,0,1,0,0,1,1,1,Y,N,가해,개인형이동수단(PM),여,20세 이하,상해없음,보행자,여,65세 이상,중상,2024.xlsx
PM-2024-03267,2024-11,2024,11,도봉구,주간,중상사고,차대사람 - 횡단중,차대사람,횡단중,안전운전불이행,건조,맑음,단일로 - 기타,단일로,기타,0,1,0,0,1,1,1,Y,N,가해,개인형이동수단(PM),남,20세 이하,상해없음,보행자,남,65세 이상,중상,2024.xlsx
PM-2024-03278,2024-11,2024,11,도봉구,야간,부상신고사고,차대사람 - 길가장자리구역통행중,차대사람,길가장자리구역통행중,안전운전불이행,건조,맑음,교차로 - 교차로부근,교차로,교차로부근,0,0,0,1,1,1,0,Y,N,가해,개인형이동수단(PM),남,20세 이하,상해없음,보행자,남,13-20세,부상신고,2024.xlsx
PM-2024-03292,2024-11,2024,11,도봉구,주간,경상사고,차대차 - 충돌,차대차,충돌,안전운전불이행,건조,맑음,교차로 - 교차로부근,교차로,교차로부근,0,0,1,0,1,1,0,Y,N,가해,개인형이동수단(PM),남,21-30세,경상,승용,여,31-40세,상해없음,2024.xlsx
PM-2024-03265,2024-11,2024,11,동대문구,야간,경상사고,차대차 - 추돌,차대차,추돌,안전운전불이행,건조,맑음,교차로 - 교차로안,교차로,교차로안,0,0,1,1,2,2,0,N,Y,피해,원동기,남,21-30세,부상신고,개인형이동수단(PM),남,31-40세,경상,2024.xlsx
PM-2024-03280,2024-11,2024,11,동대문구,주간,부상신고사고,차대차 - 기타,차대차,기타,안전거리미확보,건조,맑음,단일로 - 기타,단일로,기타,0,0,0,1,1,1,0,Y,N,가해,개인형이동수단(PM),남,41-50세,부상신고,승용,남,51-60세,상해없음,2024.xlsx
PM-2024-03294,2024-11,2024,11,동대문구,주간,경상사고,차대차 - 충돌,차대차,충돌,중앙선침범,건조,맑음,단일로 - 기타,단일로,기타,0,0,1,0,1,1,0,Y,N,가해,개인형이동수단(PM),남,41-50세,상해없음,자전거,여,65세 이상,경상,2024.xlsx
PM-2024-03293,2024-11,2024,11,마포구,야간,경상사고,차대사람 - 보도통행중,차대사람,보도통행중,기타,건조,맑음,단일로 - 기타,단일로,기타,0,0,1,0,1,1,0,Y,N,가해,개인형이동수단(PM),여,20세 이하,상해없음,보행자,여,21-30세,경상,2024.xlsx
PM-2024-03298,2024-11,2024,11,마포구,주간,경상사고,차대사람 - 보도통행중,차대사람,보도통행중,기타,건조,맑음,단일로 - 기타,단일로,기타,0,0,1,0,1,1,0,Y,N,가해,개인형이동수단(PM),여,21-30세,상해없음,보행자,여,21-30세,경상,2024.xlsx
PM-2024-03300,2024-11,2024,11,서대문구,주간,중상사고,차대사람 - 보도통행중,차대사람,보도통행중,안전운전불이행,건조,맑음,기타 - 기타,기타,기타,0,1,0,0,1,1,1,Y,N,가해,개인형이동수단(PM),남,21-30세,상해없음,보행자,남,65세 이상,중상,2024.xlsx
PM-2024-03254,2024-11,2024,11,서초구,야간,경상사고,차대차 - 충돌,차대차,충돌,중앙선침범,건조,맑음,교차로 - 교차로안,교차로,교차로안,0,0,2,0,2,2,0,Y,N,가해,개인형이동수단(PM),남,41-50세,경상,승합,남,65세 이상,상해없음,2024.xlsx
PM-2024-03257,2024-11,2024,11,서초구,주간,중상사고,차대차 - 기타,차대차,기타,안전운전불이행,건조,맑음,기타 - 기타,기타,기타,0,1,0,0,1,1,1,Y,N,가해,개인형이동수단(PM),남,31-40세,상해없음,자전거,남,21-30세,중상,2024.xlsx
PM-2024-03296,2024-11,2024,11,서초구,주간,중상사고,차대사람 - 보도통행중,차대사람,보도통행중,안전운전불이행,건조,맑음,기타 - 기타,기타,기타,0,1,0,0,1,1,1,Y,N,가해,개인형이동수단(PM),여,31-40세,상해없음,보행자,남,51-60세,중상,2024.xlsx
PM-2024-03297,2024-11,2024,11,서초구,주간,경상사고,차대차 - 충돌,차대차,충돌,신호위반,건조,맑음,교차로 - 교차로안,교차로,교차로안,0,0,3,0,3,3,0,Y,N,가해,개인형이동수단(PM),남,51-60세,경상,승용,여,41-50세,경상,2024.xlsx
PM-2024-03302,2024-11,2024,11,서초구,주간,중상사고,차대사람 - 차도통행중,차대사람,차도통행중,안전운전불이행,적설,눈,기타 - 기타,기타,기타,0,1,0,0,1,1,1,Y,N,가해,개인형이동수단(PM),남,20세 이하,상해없음,보행자,여,51-60세,중상,2024.xlsx
PM-2024-03259,2024-11,2024,11,성동구,야간,경상사고,차대사람 - 차도통행중,차대사람,차도통행중,안전운전불이행,건조,맑음,단일로 - 기타,단일로,기타,0,0,1,0,1,1,0,Y,N,가해,개인형이동수단(PM),여,20세 이하,상해없음,보행자,여,65세 이상,경상,2024.xlsx
PM-2024-03266,2024-11,2024,11,성동구,주간,경상사고,차대차 - 충돌,차대차,충돌,안전운전불이행,건조,맑음,단일로 - 기타,단일로,기타,0,0,1,0,1,1,0,Y,N,가해,개인형이동수단(PM),남,21-30세,상해없음,승용,여,41-50세,경상,2024.xlsx
PM-2024-03285,2024-11,2024,11,성동구,야간,경상사고,차대차 - 충돌,차대차,충돌,안전운전불이행,건조,맑음,교차로 - 교차로부근,교차로,교차로부근,0,0,1,0,1,1,0,N,Y,피해,화물,남,41-50세,상해없음,개인형이동수단(PM),남,31-40세,경상,2024.xlsx
PM-2024-03258,2024-11,2024,11,송파구,주간,경상사고,차대차 - 추돌,차대차,추돌,안전운전불이행,건조,맑음,단일로 - 기타,단일로,기타,0,0,1,0,1,1,0,N,Y,피해,자전거,여,41-50세,경상,개인형이동수단(PM),남,13-20세,상해없음,2024.xlsx
PM-2024-03274,2024-11,2024,11,송파구,야간,중상사고,차대사람 - 기타,차대사람,기타,안전운전불이행,건조,맑음,단일로 - 기타,단일로,기타,0,1,0,0,1,1,1,Y,N,가해,개인형이동수단(PM),남,21-30세,상해없음,보행자,여,61-64세,중상,2024.xlsx
PM-2024-03282,2024-11,2024,11,송파구,주간,중상사고,차대차 - 기타,차대차,기타,안전운전불이행,건조,맑음,단일로 - 기타,단일로,기타,0,2,0,0,2,2,2,Y,N,가해,개인형이동수단(PM),남,41-50세,중상,자전거,남,65세 이상,중상,2024.xlsx
PM-2024-03295,2024-11,2024,11,송파구,주간,경상사고,차대사람 - 기타,차대사람,기타,안전운전불이행,건조,맑음,단일로 - 기타,단일로,기타,0,0,1,0,1,1,0,Y,N,가해,개인형이동수단(PM),여,31-40세,상해없음,보행자,여,21-30세,경상,2024.xlsx
PM-2024-03299,2024-11,2024,11,송파구,야간,경상사고,차대차 - 충돌,차대차,충돌,안전운전불이행,건조,맑음,단일로 - 기타,단일로,기타,0,0,1,0,1,1,0,Y,N,가해,개인형이동수단(PM),남,20세 이하,상해없음,자전거,남,31-40세,경상,2024.xlsx
PM-2024-03277,2024-11,2024,11,양천구,야간,부상신고사고,차대차 - 충돌,차대차,충돌,안전운전불이행,건조,맑음,기타 - 기타,기타,기타,0,0,0,1,1,1,0,Y,N,가해,개인형이동수단(PM),남,20세 이하,부상신고,승용,여,61-64세,상해없음,2024.xlsx
PM-2024-03283,2024-11,2024,11,양천구,주간,중상사고,차대사람 - 기타,차대사람,기타,안전운전불이행,건조,맑음,단일로 - 기타,단일로,기타,0,1,0,0,1,1,1,Y,N,가해,개인형이동수단(PM),여,65세 이상,상해없음,보행자,여,65세 이상,중상,2024.xlsx
PM-2024-03286,2024-11,2024,11,양천구,야간,경상사고,차대사람 - 차도통행중,차대사람,차도통행중,안전운전불이행,건조,맑음,단일로 - 기타,단일로,기타,0,0,1,0,1,1,0,Y,N,가해,개인형이동수단(PM),남,20세 이하,기타불명,보행자,여,51-60세,경상,2024.xlsx
PM-2024-03275,2024-11,2024,11,영등포구,주간,경상사고,차대사람 - 보도통행중,차대사람,보도통행중,기타,건조,맑음,단일로 - 기타,단일로,기타,0,0,1,0,1,1,0,Y,N,가해,개인형이동수단(PM),여,51-60세,상해없음,보행자,여,12세 이하,경상,2024.xlsx
PM-2024-03276,2024-11,2024,11,영등포구,주간,중상사고,차대사람 - 기타,차대사람,기타,안전운전불이행,건조,맑음,단일로 - 기타,단일로,기타,0,1,0,0,1,1,1,Y,N,가해,개인형이동수단(PM),남,20세 이하,상해없음,보행자,여,51-60세,중상,2024.xlsx
PM-2024-03304,2024-11,2024,11,중랑구,야간,경상사고,차대차 - 충돌,차대차,충돌,신호위반,건조,맑음,교차로 - 교차로안,교차로,교차로안,0,0,1,0,1,1,0,N,Y,피해,승용,남,31-40세,상해없음,개인형이동수단(PM),여,61-64세,경상,2024.xlsx
PM-2024-03333,2024-12,2024,12,강남구,주간,부상신고사고,차대차 - 기타,차대차,기타,안전운전불이행,건조,맑음,단일로 - 기타,단일로,기타,0,0,0,1,1,1,0,N,Y,피해,승용,여,41-50세,상해없음,개인형이동수단(PM),여,21-30세,부상신고,2024.xlsx
PM-2024-03341,2024-12,2024,12,강남구,주간,부상신고사고,차대사람 - 보도통행중,차대사람,보도통행중,안전운전불이행,건조,맑음,단일로 - 기타,단일로,기타,0,0,0,1,1,1,0,Y,N,가해,개인형이동수단(PM),여,20세 이하,상해없음,보행자,남,21-30세,부상신고,2024.xlsx
PM-2024-03342,2024-12,2024,12,강남구,주간,경상사고,차대차 - 추돌,차대차,추돌,안전거리미확보,건조,맑음,단일로 - 기타,단일로,기타,0,0,1,0,1,1,0,Y,N,가해,개인형이동수단(PM),남,20세 이하,경상,승용,남,31-40세,상해없음,2024.xlsx
PM-2024-03331,2024-12,2024,12,강동구,주간,중상사고,차대사람 - 보도통행중,차대사람,보도통행중,기타,건조,맑음,단일로 - 기타,단일로,기타,0,1,0,0,1,1,1,Y,N,가해,개인형이동수단(PM),남,21-30세,상해없음,보행자,여,31-40세,중상,2024.xlsx
PM-2024-03317,2024-12,2024,12,강서구,주간,경상사고,차대차 - 충돌,차대차,충돌,안전거리미확보,건조,맑음,단일로 - 기타,단일로,기타,0,0,1,0,1,1,0,N,N,기타,승용,남,51-60세,상해없음,특수,남,41-50세,경상,2024.xlsx
PM-2024-03319,2024-12,2024,12,강서구,주간,중상사고,차대사람 - 기타,차대사람,기타,안전운전불이행,건조,맑음,기타 - 기타,기타,기타,0,1,0,0,1,1,1,Y,N,가해,개인형이동수단(PM),여,51-60세,상해없음,보행자,여,31-40세,중상,2024.xlsx
PM-2024-03324,2024-12,2024,12,강서구,주간,중상사고,차대차 - 추돌,차대차,추돌,안전운전불이행,건조,맑음,교차로 - 교차로부근,교차로,교차로부근,0,1,0,0,1,1,1,N,Y,피해,승용,여,41-50세,상해없음,개인형이동수단(PM),남,13-20세,상해없음,2024.xlsx
PM-2024-03345,2024-12,2024,12,강서구,야간,경상사고,차대사람 - 보도통행중,차대사람,보도통행중,기타,건조,맑음,단일로 - 기타,단일로,기타,0,0,1,0,1,1,0,Y,N,가해,개인형이동수단(PM),남,20세 이하,상해없음,보행자,여,51-60세,경상,2024.xlsx
PM-2024-03343,2024-12,2024,12,관악구,야간,경상사고,차대사람 - 보도통행중,차대사람,보도통행중,기타,건조,맑음,교차로 - 교차로부근,교차로,교차로부근,0,0,1,0,1,1,0,Y,N,가해,개인형이동수단(PM),남,31-40세,상해없음,보행자,여,21-30세,경상,2024.xlsx
PM-2024-03346,2024-12,2024,12,관악구,야간,경상사고,차대사람 - 기타,차대사람,기타,안전운전불이행,건조,기타,교차로 - 교차로안,교차로,교차로안,0,0,1,0,1,1,0,Y,N,가해,개인형이동수단(PM),남,20세 이하,상해없음,보행자,여,65세 이상,경상,2024.xlsx
PM-2024-03308,2024-12,2024,12,광진구,주간,경상사고,차대사람 - 보도통행중,차대사람,보도통행중,안전운전불이행,건조,맑음,교차로 - 교차로부근,교차로,교차로부근,0,0,1,0,1,1,0,Y,N,가해,개인형이동수단(PM),남,20세 이하,상해없음,보행자,남,12세 이하,경상,2024.xlsx
PM-2024-03327,2024-12,2024,12,광진구,주간,중상사고,차대차 - 기타,차대차,기타,안전운전불이행,건조,맑음,단일로 - 기타,단일로,기타,0,1,0,0,1,1,1,Y,N,가해,개인형이동수단(PM),남,41-50세,기타불명,자전거,남,65세 이상,중상,2024.xlsx
PM-2024-03322,2024-12,2024,12,노원구,주간,경상사고,차대사람 - 기타,차대사람,기타,기타,건조,맑음,단일로 - 기타,단일로,기타,0,0,1,0,1,1,0,Y,N,가해,개인형이동수단(PM),여,20세 이하,상해없음,보행자,남,12세 이하,경상,2024.xlsx
PM-2024-03311,2024-12,2024,12,동대문구,야간,경상사고,차대차 - 충돌,차대차,충돌,안전운전불이행,건조,맑음,기타 - 기타,기타,기타,0,0,1,0,1,1,0,Y,N,가해,개인형이동수단(PM),남,20세 이하,상해없음,이륜,남,51-60세,경상,2024.xlsx
PM-2024-03326,2024-12,2024,12,동작구,야간,중상사고,차대차 - 충돌,차대차,충돌,신호위반,건조,맑음,교차로 - 교차로안,교차로,교차로안,0,1,0,0,1,1,1,N,Y,피해,승합,남,51-60세,상해없음,개인형이동수단(PM),남,51-60세,중상,2024.xlsx
PM-2024-03328,2024-12,2024,12,동작구,야간,경상사고,차대사람 - 횡단중,차대사람,횡단중,안전운전불이행,건조,맑음,단일로 - 기타,단일로,기타,0,0,1,0,1,1,0,Y,N,가해,개인형이동수단(PM),남,31-40세,상해없음,보행자,남,65세 이상,경상,2024.xlsx
PM-2024-03318,2024-12,2024,12,마포구,주간,부상신고사고,차대사람 - 보도통행중,차대사람,보도통행중,안전운전불이행,건조,기타,기타 - 기타,기타,기타,0,0,0,1,1,1,0,Y,N,가해,개인형이동수단(PM),남,20세 이하,부상신고,보행자,여,65세 이상,상해없음,2024.xlsx
PM-2024-03344,2024-12,2024,12,서대문구,주간,부상신고사고,차대차 - 기타,차대차,기타,기타,건조,맑음,기타 - 기타,기타,기타,0,0,0,1,1,1,0,N,Y,피해,승합,남,51-60세,상해없음,개인형이동수단(PM),여,41-50세,상해없음,2024.xlsx
PM-2024-03338,2024-12,2024,12,서초구,주간,부상신고사고,차대차 - 기타,차대차,기타,안전운전불이행,건조,맑음,단일로 - 기타,단일로,기타,0,0,0,1,1,1,0,Y,N,가해,개인형이동수단(PM),남,51-60세,부상신고,화물,남,41-50세,상해없음,2024.xlsx
PM-2024-03320,2024-12,2024,12,성동구,야간,중상사고,차대차 - 기타,차대차,기타,안전운전불이행,건조,맑음,단일로 - 교량,단일로,교량,0,1,0,0,1,1,1,N,Y,피해,승용,남,51-60세,상해없음,개인형이동수단(PM),남,41-50세,중상,2024.xlsx
PM-2024-03313,2024-12,2024,12,송파구,야간,경상사고,차대차 - 기타,차대차,기타,신호위반,건조,맑음,교차로 - 교차로안,교차로,교차로안,0,0,1,0,1,1,0,Y,N,가해,개인형이동수단(PM),남,31-40세,상해없음,자전거,남,41-50세,경상,2024.xlsx
PM-2024-03323,2024-12,2024,12,송파구,야간,중상사고,차대사람 - 차도통행중,차대사람,차도통행중,안전운전불이행,건조,맑음,단일로 - 기타,단일로,기타,0,1,0,0,1,1,1,Y,N,가해,개인형이동수단(PM),남,21-30세,상해없음,보행자,여,21-30세,중상,2024.xlsx
PM-2024-03325,2024-12,2024,12,송파구,주간,경상사고,차대차 - 기타,차대차,기타,안전거리미확보,건조,맑음,단일로 - 기타,단일로,기타,0,0,1,0,1,1,0,N,Y,피해,승용,남,65세 이상,상해없음,개인형이동수단(PM),남,51-60세,경상,2024.xlsx
PM-2024-03329,2024-12,2024,12,송파구,야간,부상신고사고,차대차 - 기타,차대차,기타,안전운전불이행,건조,맑음,단일로 - 기타,단일로,기타,0,0,0,1,1,1,0,Y,N,가해,개인형이동수단(PM),남,31-40세,상해없음,승용,여,51-60세,상해없음,2024.xlsx
PM-2024-03330,2024-12,2024,12,송파구,야간,경상사고,차대사람 - 기타,차대사람,기타,기타,건조,맑음,기타 - 기타,기타,기타,0,0,1,0,1,1,0,Y,N,가해,개인형이동수단(PM),남,20세 이하,상해없음,보행자,여,21-30세,경상,2024.xlsx
PM-2024-03335,2024-12,2024,12,송파구,야간,경상사고,차대차 - 기타,차대차,기타,안전운전불이행,건조,맑음,교차로 - 교차로부근,교차로,교차로부근,0,0,1,0,1,1,0,N,Y,피해,승용,여,51-60세,상해없음,개인형이동수단(PM),남,41-50세,경상,2024.xlsx
PM-2024-03337,2024-12,2024,12,송파구,주간,부상신고사고,차대차 - 기타,차대차,기타,안전운전불이행,건조,맑음,교차로 - 교차로안,교차로,교차로안,0,0,0,3,3,3,0,Y,N,가해,개인형이동수단(PM),여,21-30세,부상신고,화물,남,51-60세,상해없음,2024.xlsx
PM-2024-03340,2024-12,2024,12,송파구,주간,경상사고,차대사람 - 보도통행중,차대사람,보도통행중,기타,건조,맑음,기타 - 기타,기타,기타,0,0,1,0,1,1,0,Y,N,가해,개인형이동수단(PM),여,20세 이하,상해없음,보행자,여,41-50세,경상,2024.xlsx
PM-2024-03312,2024-12,2024,12,양천구,주간,경상사고,차대차 - 기타,차대차,기타,기타,건조,맑음,단일로 - 기타,단일로,기타,0,0,1,0,1,1,0,N,N,기타,화물,남,21-30세,상해없음,특수,남,51-60세,경상,2024.xlsx
PM-2024-03332,2024-12,2024,12,양천구,야간,경상사고,차대차 - 기타,차대차,기타,안전거리미확보,건조,맑음,단일로 - 기타,단일로,기타,0,0,1,0,1,1,0,Y,N,가해,개인형이동수단(PM),남,20세 이하,상해없음,승합,남,21-30세,상해없음,2024.xlsx
PM-2024-03309,2024-12,2024,12,영등포구,야간,경상사고,차대차 - 충돌,차대차,충돌,신호위반,젖음/습기,흐림,교차로 - 교차로안,교차로,교차로안,0,0,2,0,2,2,0,Y,N,가해,개인형이동수단(PM),남,31-40세,경상,이륜,남,41-50세,경상,2024.xlsx
PM-2024-03321,2024-12,2024,12,영등포구,주간,경상사고,차대차 - 충돌,차대차,충돌,안전운전불이행,건조,맑음,단일로 - 기타,단일로,기타,0,0,1,0,1,1,0,Y,N,가해,개인형이동수단(PM),남,51-60세,경상,승용,남,41-50세,상해없음,2024.xlsx
PM-2024-03334,2024-12,2024,12,영등포구,주간,중상사고,차대사람 - 횡단중,차대사람,횡단중,보행자보호의무위반,건조,맑음,단일로 - 기타,단일로,기타,0,1,0,0,1,1,1,Y,N,가해,개인형이동수단(PM),여,20세 이하,상해없음,보행자,여,51-60세,중상,2024.xlsx
PM-2024-03315,2024-12,2024,12,은평구,주간,부상신고사고,차대차 - 충돌,차대차,충돌,교차로운행방법위반,건조,맑음,교차로 - 교차로안,교차로,교차로안,0,0,0,1,1,1,0,Y,N,가해,개인형이동수단(PM),여,31-40세,부상신고,승용,여,51-60세,상해없음,2024.xlsx
PM-2024-03314,2024-12,2024,12,종로구,야간,경상사고,차대차 - 충돌,차대차,충돌,신호위반,건조,맑음,단일로 - 기타,단일로,기타,0,0,1,0,1,1,0,N,Y,피해,이륜,남,51-60세,상해없음,개인형이동수단(PM),여,31-40세,경상,2024.xlsx
PM-2024-03310,2024-12,2024,12,중랑구,주간,중상사고,차대차 - 충돌,차대차,충돌,안전운전불이행,건조,맑음,교차로 - 교차로안,교차로,교차로안,0,1,0,0,1,1,1,Y,N,가해,개인형이동수단(PM),여,65세 이상,중상,승용,남,41-50세,상해없음,2024.xlsx
PM-2024-03316,2024-12,2024,12,중랑구,주간,경상사고,차대차 - 충돌,차대차,충돌,안전운전불이행,건조,맑음,단일로 - 기타,단일로,기타,0,0,1,0,1,1,0,N,Y,피해,승용,여,41-50세,상해없음,개인형이동수단(PM),남,21-30세,경상,2024.xlsx
PM-2024-03336,2024-12,2024,12,중랑구,야간,부상신고사고,차대차 - 기타,차대차,기타,안전운전불이행,건조,맑음,기타 - 기타,기타,기타,0,0,0,1,1,1,0,Y,N,가해,개인형이동수단(PM),남,51-60세,부상신고,승용,여,21-30세,상해없음,2024.xlsx
PM-2024-03339,2024-12,2024,12,중랑구,주간,경상사고,차대사람 - 기타,차대사람,기타,안전운전불이행,건조,맑음,단일로 - 기타,단일로,기타,0,0,1,0,1,1,0,Y,N,가해,개인형이동수단(PM),남,51-60세,상해없음,보행자,여,65세 이상,경상,2024.xlsx